ISO-10303-21;
HEADER;
/* Generated by software containing ST-Developer
 * from STEP Tools, Inc. (www.steptools.com) 
 */

FILE_DESCRIPTION(
/* description */ (''),
/* implementation_level */ '2;1');

FILE_NAME(
/* name */ 'HACKPAD TOP.step',
/* time_stamp */ '2026-06-10T05:56:39+05:30',
/* author */ (''),
/* organization */ (''),
/* preprocessor_version */ 'ST-DEVELOPER v20.1',
/* originating_system */ 'Autodesk Translation Framework v15.8.0.0',
/* authorisation */ '');

FILE_SCHEMA (('AUTOMOTIVE_DESIGN { 1 0 10303 214 3 1 1 }'));
ENDSEC;

DATA;
#10=MECHANICAL_DESIGN_GEOMETRIC_PRESENTATION_REPRESENTATION('',(#13),#10839);
#11=SHAPE_REPRESENTATION_RELATIONSHIP('SRR','None',#10846,#12);
#12=ADVANCED_BREP_SHAPE_REPRESENTATION('',(#14),#10838);
#13=STYLED_ITEM('',(#10856),#14);
#14=MANIFOLD_SOLID_BREP('Body1',#5832);
#15=CIRCLE('',#5951,1.7);
#16=CIRCLE('',#5952,1.7);
#17=CIRCLE('',#5954,1.7);
#18=CIRCLE('',#5955,1.7);
#19=CIRCLE('',#5957,1.7);
#20=CIRCLE('',#5958,1.7);
#21=CIRCLE('',#5960,1.7);
#22=CIRCLE('',#5961,1.7);
#23=CIRCLE('',#5967,1.);
#24=CIRCLE('',#5968,1.);
#25=CIRCLE('',#5970,1.);
#26=CIRCLE('',#5971,1.);
#27=CIRCLE('',#5973,1.);
#28=CIRCLE('',#5974,1.);
#29=CIRCLE('',#5976,1.);
#30=CIRCLE('',#5977,1.);
#31=CIRCLE('',#5979,1.);
#32=CIRCLE('',#5980,1.);
#33=CIRCLE('',#5983,1.);
#34=CIRCLE('',#5984,1.);
#35=CIRCLE('',#5987,1.);
#36=CIRCLE('',#5988,1.);
#37=CIRCLE('',#5991,1.);
#38=CIRCLE('',#5992,1.);
#39=CIRCLE('',#5995,1.);
#40=CIRCLE('',#5996,1.);
#41=CIRCLE('',#5999,1.);
#42=CIRCLE('',#6000,1.);
#43=CIRCLE('',#6003,1.);
#44=CIRCLE('',#6004,1.);
#45=CIRCLE('',#6007,1.);
#46=CIRCLE('',#6008,1.);
#47=CIRCLE('',#6011,1.);
#48=CIRCLE('',#6012,1.);
#49=CIRCLE('',#6015,1.);
#50=CIRCLE('',#6016,1.);
#51=CIRCLE('',#6019,1.);
#52=CIRCLE('',#6020,1.);
#53=CIRCLE('',#6023,1.);
#54=CIRCLE('',#6024,1.);
#55=CIRCLE('',#6027,1.);
#56=CIRCLE('',#6028,1.);
#57=CIRCLE('',#6031,1.);
#58=CIRCLE('',#6032,1.);
#59=CIRCLE('',#6035,1.);
#60=CIRCLE('',#6036,1.);
#61=CIRCLE('',#6039,1.);
#62=CIRCLE('',#6040,1.);
#63=CIRCLE('',#6043,1.);
#64=CIRCLE('',#6044,1.);
#65=CIRCLE('',#6047,1.);
#66=CIRCLE('',#6048,1.);
#67=CIRCLE('',#6051,1.);
#68=CIRCLE('',#6052,1.);
#69=CIRCLE('',#6055,1.);
#70=CIRCLE('',#6056,1.);
#71=CIRCLE('',#6059,1.);
#72=CIRCLE('',#6060,1.);
#73=CIRCLE('',#6063,1.);
#74=CIRCLE('',#6064,1.);
#75=CIRCLE('',#6067,1.);
#76=CIRCLE('',#6068,1.);
#77=CIRCLE('',#6071,1.);
#78=CIRCLE('',#6072,1.);
#79=CIRCLE('',#6075,1.);
#80=CIRCLE('',#6076,1.);
#81=CIRCLE('',#6079,1.);
#82=CIRCLE('',#6080,1.);
#83=CIRCLE('',#6083,1.);
#84=CIRCLE('',#6084,1.);
#85=CIRCLE('',#6087,1.);
#86=CIRCLE('',#6088,1.);
#87=CIRCLE('',#6091,1.);
#88=CIRCLE('',#6092,1.);
#89=CIRCLE('',#6095,1.);
#90=CIRCLE('',#6096,1.);
#91=CIRCLE('',#6099,1.);
#92=CIRCLE('',#6100,1.);
#93=CIRCLE('',#6103,1.);
#94=CIRCLE('',#6104,1.);
#95=CIRCLE('',#6107,1.);
#96=CIRCLE('',#6108,1.);
#97=CIRCLE('',#6111,1.);
#98=CIRCLE('',#6112,1.);
#99=CIRCLE('',#6115,1.);
#100=CIRCLE('',#6116,1.);
#101=CIRCLE('',#6119,1.);
#102=CIRCLE('',#6120,1.);
#103=CIRCLE('',#6123,5.);
#104=CIRCLE('',#6124,5.);
#105=CIRCLE('',#6127,5.);
#106=CIRCLE('',#6128,5.);
#107=CIRCLE('',#6129,5.);
#108=CIRCLE('',#6131,5.);
#109=CIRCLE('',#6134,5.);
#110=CIRCLE('',#6137,5.);
#111=CYLINDRICAL_SURFACE('',#5950,1.7);
#112=CYLINDRICAL_SURFACE('',#5953,1.7);
#113=CYLINDRICAL_SURFACE('',#5956,1.7);
#114=CYLINDRICAL_SURFACE('',#5959,1.7);
#115=CYLINDRICAL_SURFACE('',#5966,1.);
#116=CYLINDRICAL_SURFACE('',#5969,1.);
#117=CYLINDRICAL_SURFACE('',#5972,1.);
#118=CYLINDRICAL_SURFACE('',#5975,1.);
#119=CYLINDRICAL_SURFACE('',#5978,1.);
#120=CYLINDRICAL_SURFACE('',#5982,1.);
#121=CYLINDRICAL_SURFACE('',#5986,1.);
#122=CYLINDRICAL_SURFACE('',#5990,1.);
#123=CYLINDRICAL_SURFACE('',#5994,1.);
#124=CYLINDRICAL_SURFACE('',#5998,1.);
#125=CYLINDRICAL_SURFACE('',#6002,1.);
#126=CYLINDRICAL_SURFACE('',#6006,1.);
#127=CYLINDRICAL_SURFACE('',#6010,1.);
#128=CYLINDRICAL_SURFACE('',#6014,1.);
#129=CYLINDRICAL_SURFACE('',#6018,1.);
#130=CYLINDRICAL_SURFACE('',#6022,1.);
#131=CYLINDRICAL_SURFACE('',#6026,1.);
#132=CYLINDRICAL_SURFACE('',#6030,1.);
#133=CYLINDRICAL_SURFACE('',#6034,1.);
#134=CYLINDRICAL_SURFACE('',#6038,1.);
#135=CYLINDRICAL_SURFACE('',#6042,1.);
#136=CYLINDRICAL_SURFACE('',#6046,1.);
#137=CYLINDRICAL_SURFACE('',#6050,1.);
#138=CYLINDRICAL_SURFACE('',#6054,1.);
#139=CYLINDRICAL_SURFACE('',#6058,1.);
#140=CYLINDRICAL_SURFACE('',#6062,1.);
#141=CYLINDRICAL_SURFACE('',#6066,1.);
#142=CYLINDRICAL_SURFACE('',#6070,1.);
#143=CYLINDRICAL_SURFACE('',#6074,1.);
#144=CYLINDRICAL_SURFACE('',#6078,1.);
#145=CYLINDRICAL_SURFACE('',#6082,1.);
#146=CYLINDRICAL_SURFACE('',#6086,1.);
#147=CYLINDRICAL_SURFACE('',#6090,1.);
#148=CYLINDRICAL_SURFACE('',#6094,1.);
#149=CYLINDRICAL_SURFACE('',#6098,1.);
#150=CYLINDRICAL_SURFACE('',#6102,1.);
#151=CYLINDRICAL_SURFACE('',#6106,1.);
#152=CYLINDRICAL_SURFACE('',#6110,1.);
#153=CYLINDRICAL_SURFACE('',#6114,1.);
#154=CYLINDRICAL_SURFACE('',#6118,1.);
#155=CYLINDRICAL_SURFACE('',#6122,5.);
#156=CYLINDRICAL_SURFACE('',#6130,5.);
#157=CYLINDRICAL_SURFACE('',#6133,5.);
#158=CYLINDRICAL_SURFACE('',#6136,5.);
#159=FACE_BOUND('',#853,.T.);
#160=FACE_BOUND('',#897,.T.);
#161=FACE_BOUND('',#913,.T.);
#162=FACE_BOUND('',#952,.T.);
#163=FACE_BOUND('',#1087,.T.);
#164=FACE_BOUND('',#1088,.T.);
#165=FACE_BOUND('',#1089,.T.);
#166=FACE_BOUND('',#1090,.T.);
#167=FACE_BOUND('',#1091,.T.);
#168=FACE_BOUND('',#1092,.T.);
#169=FACE_BOUND('',#1093,.T.);
#170=FACE_BOUND('',#1094,.T.);
#171=FACE_BOUND('',#1095,.T.);
#172=FACE_BOUND('',#1096,.T.);
#173=FACE_BOUND('',#1097,.T.);
#174=FACE_BOUND('',#1098,.T.);
#175=FACE_BOUND('',#1099,.T.);
#176=FACE_BOUND('',#1100,.T.);
#177=FACE_BOUND('',#1101,.T.);
#178=FACE_BOUND('',#1102,.T.);
#179=FACE_BOUND('',#1103,.T.);
#180=FACE_BOUND('',#1104,.T.);
#181=FACE_BOUND('',#1105,.T.);
#182=FACE_BOUND('',#1117,.T.);
#183=FACE_BOUND('',#1118,.T.);
#184=FACE_BOUND('',#1119,.T.);
#185=FACE_BOUND('',#1120,.T.);
#186=FACE_BOUND('',#1121,.T.);
#187=FACE_BOUND('',#1122,.T.);
#188=FACE_BOUND('',#1123,.T.);
#189=FACE_BOUND('',#1124,.T.);
#190=FACE_BOUND('',#1125,.T.);
#191=FACE_BOUND('',#1126,.T.);
#192=FACE_BOUND('',#1127,.T.);
#193=FACE_BOUND('',#1128,.T.);
#194=FACE_BOUND('',#1129,.T.);
#195=FACE_BOUND('',#1130,.T.);
#196=FACE_BOUND('',#1131,.T.);
#197=FACE_BOUND('',#1132,.T.);
#198=FACE_BOUND('',#1133,.T.);
#199=FACE_BOUND('',#1134,.T.);
#200=FACE_BOUND('',#1135,.T.);
#201=FACE_BOUND('',#1136,.T.);
#202=FACE_BOUND('',#1137,.T.);
#203=FACE_BOUND('',#1138,.T.);
#204=FACE_BOUND('',#1139,.T.);
#205=FACE_BOUND('',#1140,.T.);
#206=FACE_BOUND('',#1141,.T.);
#207=FACE_BOUND('',#1142,.T.);
#208=FACE_BOUND('',#1143,.T.);
#209=FACE_BOUND('',#1144,.T.);
#210=B_SPLINE_CURVE_WITH_KNOTS('',3,(#7389,#7390,#7391,#7392,#7393,#7394,
#7395),.UNSPECIFIED.,.F.,.F.,(4,3,4),(0.,0.10545013614109,0.229199543009947),
 .UNSPECIFIED.);
#211=B_SPLINE_CURVE_WITH_KNOTS('',3,(#7399,#7400,#7401,#7402,#7403),
 .UNSPECIFIED.,.F.,.F.,(4,1,4),(-0.204130748034058,-0.0939164838118356,
0.),.UNSPECIFIED.);
#212=B_SPLINE_CURVE_WITH_KNOTS('',3,(#7416,#7417,#7418,#7419,#7420,#7421,
#7422),.UNSPECIFIED.,.F.,.F.,(4,3,4),(1.38777878078145E-17,0.0867606538827114,
0.176828610929094),.UNSPECIFIED.);
#213=B_SPLINE_CURVE_WITH_KNOTS('',3,(#7425,#7426,#7427,#7428,#7429),
 .UNSPECIFIED.,.F.,.F.,(4,1,4),(-0.166332030113119,-0.0816105245549871,
0.),.UNSPECIFIED.);
#214=B_SPLINE_CURVE_WITH_KNOTS('',3,(#7441,#7442,#7443,#7444,#7445,#7446,
#7447),.UNSPECIFIED.,.F.,.F.,(4,3,4),(0.,0.0468122912607906,0.0961916664512342),
 .UNSPECIFIED.);
#215=B_SPLINE_CURVE_WITH_KNOTS('',3,(#7450,#7451,#7452,#7453,#7454),
 .UNSPECIFIED.,.F.,.F.,(4,1,4),(-0.0908964204388233,-0.0442353258356601,
0.),.UNSPECIFIED.);
#216=B_SPLINE_CURVE_WITH_KNOTS('',3,(#7466,#7467,#7468,#7469,#7470,#7471,
#7472),.UNSPECIFIED.,.F.,.F.,(4,3,4),(0.,0.0509013968208065,0.0970610818780971),
 .UNSPECIFIED.);
#217=B_SPLINE_CURVE_WITH_KNOTS('',3,(#7475,#7476,#7477,#7478,#7479),
 .UNSPECIFIED.,.F.,.F.,(4,1,4),(-0.0959616333119254,-0.0503248169324733,
0.),.UNSPECIFIED.);
#218=B_SPLINE_CURVE_WITH_KNOTS('',3,(#7491,#7492,#7493,#7494,#7495,#7496,
#7497),.UNSPECIFIED.,.F.,.F.,(4,3,4),(0.,0.092026357609769,0.145050751163561),
 .UNSPECIFIED.);
#219=B_SPLINE_CURVE_WITH_KNOTS('',3,(#7500,#7501,#7502,#7503,#7504),
 .UNSPECIFIED.,.F.,.F.,(4,1,4),(-0.13843655583317,-0.0878300311523552,0.),
 .UNSPECIFIED.);
#220=B_SPLINE_CURVE_WITH_KNOTS('',3,(#7516,#7517,#7518,#7519,#7520,#7521,
#7522),.UNSPECIFIED.,.F.,.F.,(4,3,4),(0.,0.0592149720614915,0.156525591893282),
 .UNSPECIFIED.);
#221=B_SPLINE_CURVE_WITH_KNOTS('',3,(#7525,#7526,#7527,#7528,#7529),
 .UNSPECIFIED.,.F.,.F.,(4,1,4),(-0.142494979324053,-0.0539070711537666,
0.),.UNSPECIFIED.);
#222=B_SPLINE_CURVE_WITH_KNOTS('',3,(#7541,#7542,#7543,#7544,#7545,#7546,
#7547),.UNSPECIFIED.,.F.,.F.,(4,3,4),(0.,0.0346730831660072,0.0725875040350956),
 .UNSPECIFIED.);
#223=B_SPLINE_CURVE_WITH_KNOTS('',3,(#7550,#7551,#7552,#7553,#7554),
 .UNSPECIFIED.,.F.,.F.,(4,1,4),(-0.0665844444346574,-0.0318055843100628,
0.),.UNSPECIFIED.);
#224=B_SPLINE_CURVE_WITH_KNOTS('',3,(#7566,#7567,#7568,#7569,#7570,#7571,
#7572),.UNSPECIFIED.,.F.,.F.,(4,3,4),(6.93889390390723E-18,0.0487927080112934,
0.0930693487236794),.UNSPECIFIED.);
#225=B_SPLINE_CURVE_WITH_KNOTS('',3,(#7575,#7576,#7577,#7578,#7579),
 .UNSPECIFIED.,.F.,.F.,(4,1,4),(-0.0897212427850134,-0.047037423831308,
0.),.UNSPECIFIED.);
#226=B_SPLINE_CURVE_WITH_KNOTS('',3,(#7591,#7592,#7593,#7594,#7595,#7596,
#7597),.UNSPECIFIED.,.F.,.F.,(4,3,4),(0.,0.0743417946626598,0.132862538195002),
 .UNSPECIFIED.);
#227=B_SPLINE_CURVE_WITH_KNOTS('',3,(#7600,#7601,#7602,#7603,#7604),
 .UNSPECIFIED.,.F.,.F.,(4,1,4),(-0.128837783983721,-0.0720897870222247,
0.),.UNSPECIFIED.);
#228=B_SPLINE_CURVE_WITH_KNOTS('',3,(#7616,#7617,#7618,#7619,#7620,#7621,
#7622),.UNSPECIFIED.,.F.,.F.,(4,3,4),(0.,0.0547713937707293,0.114279822274371),
 .UNSPECIFIED.);
#229=B_SPLINE_CURVE_WITH_KNOTS('',3,(#7625,#7626,#7627,#7628,#7629),
 .UNSPECIFIED.,.F.,.F.,(4,1,4),(-0.106235734335031,-0.050916068313588,0.),
 .UNSPECIFIED.);
#230=B_SPLINE_CURVE_WITH_KNOTS('',3,(#7641,#7642,#7643,#7644,#7645,#7646),
 .UNSPECIFIED.,.F.,.F.,(4,2,4),(0.,0.0480746006183267,0.0958938103311772),
 .UNSPECIFIED.);
#231=B_SPLINE_CURVE_WITH_KNOTS('',3,(#7649,#7650,#7651,#7652,#7653),
 .UNSPECIFIED.,.F.,.F.,(4,1,4),(-0.0873384050197997,-0.0412929407315795,
0.),.UNSPECIFIED.);
#232=B_SPLINE_CURVE_WITH_KNOTS('',3,(#7665,#7666,#7667,#7668,#7669,#7670,
#7671),.UNSPECIFIED.,.F.,.F.,(4,3,4),(0.,0.0500014441844394,0.0937004665267921),
 .UNSPECIFIED.);
#233=B_SPLINE_CURVE_WITH_KNOTS('',3,(#7674,#7675,#7676,#7677,#7678),
 .UNSPECIFIED.,.F.,.F.,(4,1,4),(-0.0926734313002602,-0.0494533866724717,
0.),.UNSPECIFIED.);
#234=B_SPLINE_CURVE_WITH_KNOTS('',3,(#7696,#7697,#7698,#7699,#7700,#7701,
#7702),.UNSPECIFIED.,.F.,.F.,(4,3,4),(0.,0.117477179183627,0.254879600118932),
 .UNSPECIFIED.);
#235=B_SPLINE_CURVE_WITH_KNOTS('',3,(#7705,#7706,#7707,#7708,#7709),
 .UNSPECIFIED.,.F.,.F.,(4,1,4),(-0.22593034038002,-0.104134105151831,0.),
 .UNSPECIFIED.);
#236=B_SPLINE_CURVE_WITH_KNOTS('',3,(#7721,#7722,#7723,#7724,#7725,#7726,
#7727),.UNSPECIFIED.,.F.,.F.,(4,3,4),(0.,0.124926222887497,0.227548113970166),
 .UNSPECIFIED.);
#237=B_SPLINE_CURVE_WITH_KNOTS('',3,(#7729,#7730,#7731,#7732,#7733),
 .UNSPECIFIED.,.F.,.F.,(4,1,4),(-0.220708083272814,-0.121170976647281,0.),
 .UNSPECIFIED.);
#238=B_SPLINE_CURVE_WITH_KNOTS('',3,(#7746,#7747,#7748,#7749,#7750,#7751,
#7752),.UNSPECIFIED.,.F.,.F.,(4,3,4),(0.,0.0971034265266035,0.198666153262516),
 .UNSPECIFIED.);
#239=B_SPLINE_CURVE_WITH_KNOTS('',3,(#7754,#7755,#7756,#7757,#7758),
 .UNSPECIFIED.,.F.,.F.,(4,1,4),(-0.186069443263579,-0.0909464456631221,
0.),.UNSPECIFIED.);
#240=B_SPLINE_CURVE_WITH_KNOTS('',3,(#7777,#7778,#7779,#7780,#7781,#7782,
#7783),.UNSPECIFIED.,.F.,.F.,(4,3,4),(0.,0.0618319440807232,0.119540737023342),
 .UNSPECIFIED.);
#241=B_SPLINE_CURVE_WITH_KNOTS('',3,(#7785,#7786,#7787,#7788,#7789),
 .UNSPECIFIED.,.F.,.F.,(4,1,4),(-0.116149205191062,-0.0600776884869956,
0.),.UNSPECIFIED.);
#242=B_SPLINE_CURVE_WITH_KNOTS('',3,(#7802,#7803,#7804,#7805,#7806,#7807,
#7808),.UNSPECIFIED.,.F.,.F.,(4,3,4),(0.,0.0675515647031739,0.147979500530878),
 .UNSPECIFIED.);
#243=B_SPLINE_CURVE_WITH_KNOTS('',3,(#7810,#7811,#7812,#7813,#7814),
 .UNSPECIFIED.,.F.,.F.,(4,1,4),(-0.131391355270357,-0.059979197153265,0.),
 .UNSPECIFIED.);
#244=B_SPLINE_CURVE_WITH_KNOTS('',3,(#7827,#7828,#7829,#7830,#7831,#7832,
#7833),.UNSPECIFIED.,.F.,.F.,(4,3,4),(0.,0.059010896359091,0.108307511701306),
 .UNSPECIFIED.);
#245=B_SPLINE_CURVE_WITH_KNOTS('',3,(#7835,#7836,#7837,#7838,#7839),
 .UNSPECIFIED.,.F.,.F.,(4,1,4),(-0.10540195107211,-0.0574278137597285,0.),
 .UNSPECIFIED.);
#246=B_SPLINE_CURVE_WITH_KNOTS('',3,(#7852,#7853,#7854,#7855,#7856,#7857,
#7858),.UNSPECIFIED.,.F.,.F.,(4,3,4),(0.,0.0421442878730449,0.0776225927636391),
 .UNSPECIFIED.);
#247=B_SPLINE_CURVE_WITH_KNOTS('',3,(#7860,#7861,#7862,#7863,#7864),
 .UNSPECIFIED.,.F.,.F.,(4,1,4),(-0.074577198671295,-0.0404908264162055,
0.),.UNSPECIFIED.);
#248=B_SPLINE_CURVE_WITH_KNOTS('',3,(#7877,#7878,#7879,#7880,#7881,#7882,
#7883),.UNSPECIFIED.,.F.,.F.,(4,3,4),(0.,0.036393454879314,0.0763840413900919),
 .UNSPECIFIED.);
#249=B_SPLINE_CURVE_WITH_KNOTS('',3,(#7885,#7886,#7887,#7888,#7889),
 .UNSPECIFIED.,.F.,.F.,(4,1,4),(-0.0691896656719227,-0.0329656683506218,
0.),.UNSPECIFIED.);
#250=B_SPLINE_CURVE_WITH_KNOTS('',3,(#7902,#7903,#7904,#7905,#7906,#7907,
#7908),.UNSPECIFIED.,.F.,.F.,(4,3,4),(0.,0.0462395221593936,0.128076214072682),
 .UNSPECIFIED.);
#251=B_SPLINE_CURVE_WITH_KNOTS('',3,(#7910,#7911,#7912,#7913,#7914),
 .UNSPECIFIED.,.F.,.F.,(4,1,4),(-0.11916692054456,-0.0430229883283394,0.),
 .UNSPECIFIED.);
#252=B_SPLINE_CURVE_WITH_KNOTS('',3,(#7927,#7928,#7929,#7930,#7931,#7932,
#7933),.UNSPECIFIED.,.F.,.F.,(4,3,4),(0.,0.134121240402197,0.213516029630899),
 .UNSPECIFIED.);
#253=B_SPLINE_CURVE_WITH_KNOTS('',3,(#7935,#7936,#7937,#7938,#7939),
 .UNSPECIFIED.,.F.,.F.,(4,1,4),(-0.203767721852289,-0.127997788531395,0.),
 .UNSPECIFIED.);
#254=B_SPLINE_CURVE_WITH_KNOTS('',3,(#7952,#7953,#7954,#7955,#7956,#7957,
#7958),.UNSPECIFIED.,.F.,.F.,(4,3,4),(0.,0.0786847566803879,0.157175992324454),
 .UNSPECIFIED.);
#255=B_SPLINE_CURVE_WITH_KNOTS('',3,(#7960,#7961,#7962,#7963,#7964),
 .UNSPECIFIED.,.F.,.F.,(4,1,4),(-0.153096343818298,-0.0766424209184111,
0.),.UNSPECIFIED.);
#256=B_SPLINE_CURVE_WITH_KNOTS('',3,(#7977,#7978,#7979,#7980,#7981,#7982,
#7983),.UNSPECIFIED.,.F.,.F.,(4,3,4),(0.,0.0578335289453743,0.119866471915531),
 .UNSPECIFIED.);
#257=B_SPLINE_CURVE_WITH_KNOTS('',3,(#7985,#7986,#7987,#7988,#7989),
 .UNSPECIFIED.,.F.,.F.,(4,1,4),(-0.111949179150027,-0.0540135701778764,
0.),.UNSPECIFIED.);
#258=B_SPLINE_CURVE_WITH_KNOTS('',3,(#8002,#8003,#8004,#8005,#8006,#8007),
 .UNSPECIFIED.,.F.,.F.,(4,2,4),(0.,0.0721294333201173,0.143916227943136),
 .UNSPECIFIED.);
#259=B_SPLINE_CURVE_WITH_KNOTS('',3,(#8009,#8010,#8011,#8012,#8013),
 .UNSPECIFIED.,.F.,.F.,(4,1,4),(-0.132006385965174,-0.0626174535891385,
0.),.UNSPECIFIED.);
#260=B_SPLINE_CURVE_WITH_KNOTS('',3,(#8026,#8027,#8028,#8029,#8030,#8031,
#8032),.UNSPECIFIED.,.F.,.F.,(4,3,4),(1.38777878078145E-17,0.0842684149135569,
0.178190597381183),.UNSPECIFIED.);
#261=B_SPLINE_CURVE_WITH_KNOTS('',3,(#8034,#8035,#8036,#8037,#8038),
 .UNSPECIFIED.,.F.,.F.,(4,1,4),(-0.163886256228453,-0.0775037248960206,
0.),.UNSPECIFIED.);
#262=B_SPLINE_CURVE_WITH_KNOTS('',3,(#8050,#8051,#8052,#8053,#8054,#8055,
#8056),.UNSPECIFIED.,.F.,.F.,(4,3,4),(0.,0.119203685801974,0.229013069671157),
 .UNSPECIFIED.);
#263=B_SPLINE_CURVE_WITH_KNOTS('',3,(#8057,#8058,#8059,#8060,#8061),
 .UNSPECIFIED.,.F.,.F.,(4,1,4),(-0.225095429961062,-0.11716451356714,0.),
 .UNSPECIFIED.);
#264=B_SPLINE_CURVE_WITH_KNOTS('',3,(#8122,#8123,#8124,#8125,#8126,#8127,
#8128),.UNSPECIFIED.,.F.,.F.,(4,3,4),(0.,0.139403604922746,0.252886720308922),
 .UNSPECIFIED.);
#265=B_SPLINE_CURVE_WITH_KNOTS('',3,(#8130,#8131,#8132,#8133,#8134),
 .UNSPECIFIED.,.F.,.F.,(4,1,4),(-0.250608054910842,-0.138147492421003,0.),
 .UNSPECIFIED.);
#266=B_SPLINE_CURVE_WITH_KNOTS('',3,(#8146,#8147,#8148,#8149,#8150,#8151,
#8152),.UNSPECIFIED.,.F.,.F.,(4,3,4),(0.,0.114263605983478,0.252154972913576),
 .UNSPECIFIED.);
#267=B_SPLINE_CURVE_WITH_KNOTS('',3,(#8153,#8154,#8155,#8156,#8157),
 .UNSPECIFIED.,.F.,.F.,(4,1,4),(-0.227083450436511,-0.102902487332421,0.),
 .UNSPECIFIED.);
#268=B_SPLINE_CURVE_WITH_KNOTS('',3,(#8193,#8194,#8195,#8196,#8197,#8198,
#8199),.UNSPECIFIED.,.F.,.F.,(4,3,4),(0.,0.148973569973123,0.282580366517327),
 .UNSPECIFIED.);
#269=B_SPLINE_CURVE_WITH_KNOTS('',3,(#8203,#8204,#8205,#8206,#8207),
 .UNSPECIFIED.,.F.,.F.,(4,1,4),(-0.275829435938631,-0.145414546247081,0.),
 .UNSPECIFIED.);
#270=B_SPLINE_CURVE_WITH_KNOTS('',3,(#8220,#8221,#8222,#8223,#8224,#8225,
#8226),.UNSPECIFIED.,.F.,.F.,(4,3,4),(0.,0.206898928377326,0.414347248517668),
 .UNSPECIFIED.);
#271=B_SPLINE_CURVE_WITH_KNOTS('',3,(#8229,#8230,#8231,#8232,#8233),
 .UNSPECIFIED.,.F.,.F.,(4,1,4),(-0.401866636942752,-0.200666896743034,0.),
 .UNSPECIFIED.);
#272=B_SPLINE_CURVE_WITH_KNOTS('',3,(#8245,#8246,#8247,#8248,#8249,#8250,
#8251),.UNSPECIFIED.,.F.,.F.,(4,3,4),(0.,0.256175762655452,0.496065833298896),
 .UNSPECIFIED.);
#273=B_SPLINE_CURVE_WITH_KNOTS('',3,(#8254,#8255,#8256,#8257,#8258),
 .UNSPECIFIED.,.F.,.F.,(4,1,4),(-0.484252997409906,-0.250075438787426,0.),
 .UNSPECIFIED.);
#274=B_SPLINE_CURVE_WITH_KNOTS('',3,(#8270,#8271,#8272,#8273,#8274,#8275,
#8276),.UNSPECIFIED.,.F.,.F.,(4,3,4),(0.,0.176990099974188,0.3856246451794),
 .UNSPECIFIED.);
#275=B_SPLINE_CURVE_WITH_KNOTS('',3,(#8279,#8280,#8281,#8282,#8283),
 .UNSPECIFIED.,.F.,.F.,(4,1,4),(-0.342410580875758,-0.157156145746925,0.),
 .UNSPECIFIED.);
#276=B_SPLINE_CURVE_WITH_KNOTS('',3,(#8295,#8296,#8297,#8298,#8299,#8300,
#8301),.UNSPECIFIED.,.F.,.F.,(4,3,4),(0.,0.170611226531031,0.325901789800542),
 .UNSPECIFIED.);
#277=B_SPLINE_CURVE_WITH_KNOTS('',3,(#8304,#8305,#8306,#8307,#8308),
 .UNSPECIFIED.,.F.,.F.,(4,1,4),(-0.316393133546304,-0.165633397145098,0.),
 .UNSPECIFIED.);
#278=B_SPLINE_CURVE_WITH_KNOTS('',3,(#8320,#8321,#8322,#8323,#8324,#8325,
#8326),.UNSPECIFIED.,.F.,.F.,(4,3,4),(0.,0.14612421491184,0.292318641676789),
 .UNSPECIFIED.);
#279=B_SPLINE_CURVE_WITH_KNOTS('',3,(#8329,#8330,#8331,#8332,#8333),
 .UNSPECIFIED.,.F.,.F.,(4,1,4),(-0.28747662256162,-0.143703786855203,0.),
 .UNSPECIFIED.);
#280=B_SPLINE_CURVE_WITH_KNOTS('',3,(#8345,#8346,#8347,#8348,#8349,#8350,
#8351),.UNSPECIFIED.,.F.,.F.,(4,3,4),(0.,0.173497066148907,0.328596055774359),
 .UNSPECIFIED.);
#281=B_SPLINE_CURVE_WITH_KNOTS('',3,(#8354,#8355,#8356,#8357,#8358),
 .UNSPECIFIED.,.F.,.F.,(4,1,4),(-0.322975344597104,-0.170529358893183,0.),
 .UNSPECIFIED.);
#282=B_SPLINE_CURVE_WITH_KNOTS('',3,(#8376,#8377,#8378,#8379,#8380,#8381,
#8382),.UNSPECIFIED.,.F.,.F.,(4,3,4),(0.,0.118693883361946,0.249497341587958),
 .UNSPECIFIED.);
#283=B_SPLINE_CURVE_WITH_KNOTS('',3,(#8385,#8386,#8387,#8388,#8389),
 .UNSPECIFIED.,.F.,.F.,(4,1,4),(-0.229278483431328,-0.109075124394493,0.),
 .UNSPECIFIED.);
#284=B_SPLINE_CURVE_WITH_KNOTS('',3,(#8401,#8402,#8403,#8404,#8405,#8406,
#8407),.UNSPECIFIED.,.F.,.F.,(4,3,4),(0.,0.135903316829186,0.279978850106913),
 .UNSPECIFIED.);
#285=B_SPLINE_CURVE_WITH_KNOTS('',3,(#8409,#8410,#8411,#8412,#8413),
 .UNSPECIFIED.,.F.,.F.,(4,1,4),(-0.260968275885325,-0.126675476617132,0.),
 .UNSPECIFIED.);
#286=B_SPLINE_CURVE_WITH_KNOTS('',3,(#8432,#8433,#8434,#8435,#8436,#8437,
#8438),.UNSPECIFIED.,.F.,.F.,(4,3,4),(0.,0.10197359804576,0.188689943621216),
 .UNSPECIFIED.);
#287=B_SPLINE_CURVE_WITH_KNOTS('',3,(#8440,#8441,#8442,#8443,#8444),
 .UNSPECIFIED.,.F.,.F.,(4,1,4),(-0.184018257355402,-0.0994488813156386,
0.),.UNSPECIFIED.);
#288=B_SPLINE_CURVE_WITH_KNOTS('',3,(#8457,#8458,#8459,#8460,#8461,#8462,
#8463),.UNSPECIFIED.,.F.,.F.,(4,3,4),(1.38777878078145E-17,0.0890124797511183,
0.187112442323909),.UNSPECIFIED.);
#289=B_SPLINE_CURVE_WITH_KNOTS('',3,(#8465,#8466,#8467,#8468,#8469),
 .UNSPECIFIED.,.F.,.F.,(4,1,4),(-0.170894713304196,-0.0812974381534173,
0.),.UNSPECIFIED.);
#290=B_SPLINE_CURVE_WITH_KNOTS('',3,(#8482,#8483,#8484,#8485,#8486,#8487,
#8488),.UNSPECIFIED.,.F.,.F.,(4,3,4),(2.77555756156289E-17,0.187752286608135,
0.384502903045572),.UNSPECIFIED.);
#291=B_SPLINE_CURVE_WITH_KNOTS('',3,(#8490,#8491,#8492,#8493,#8494),
 .UNSPECIFIED.,.F.,.F.,(4,1,4),(-0.349908695595805,-0.170859978381999,0.),
 .UNSPECIFIED.);
#292=B_SPLINE_CURVE_WITH_KNOTS('',3,(#8507,#8508,#8509,#8510,#8511,#8512,
#8513),.UNSPECIFIED.,.F.,.F.,(4,3,4),(0.,0.182052399437928,0.376051462131593),
 .UNSPECIFIED.);
#293=B_SPLINE_CURVE_WITH_KNOTS('',3,(#8515,#8516,#8517,#8518,#8519),
 .UNSPECIFIED.,.F.,.F.,(4,1,4),(-0.351977234149871,-0.170397688819745,0.),
 .UNSPECIFIED.);
#294=B_SPLINE_CURVE_WITH_KNOTS('',3,(#8532,#8533,#8534,#8535,#8536,#8537,
#8538),.UNSPECIFIED.,.F.,.F.,(4,3,4),(0.,0.141561499939331,0.259673948272804),
 .UNSPECIFIED.);
#295=B_SPLINE_CURVE_WITH_KNOTS('',3,(#8540,#8541,#8542,#8543,#8544),
 .UNSPECIFIED.,.F.,.F.,(4,1,4),(-0.25172097353678,-0.137225928195999,0.),
 .UNSPECIFIED.);
#296=B_SPLINE_CURVE_WITH_KNOTS('',3,(#8557,#8558,#8559,#8560,#8561,#8562,
#8563),.UNSPECIFIED.,.F.,.F.,(4,3,4),(0.,0.113983353068257,0.233915086341471),
 .UNSPECIFIED.);
#297=B_SPLINE_CURVE_WITH_KNOTS('',3,(#8565,#8566,#8567,#8568,#8569),
 .UNSPECIFIED.,.F.,.F.,(4,1,4),(-0.218151596826173,-0.106302038369354,0.),
 .UNSPECIFIED.);
#298=B_SPLINE_CURVE_WITH_KNOTS('',3,(#8581,#8582,#8583,#8584,#8585,#8586,
#8587),.UNSPECIFIED.,.F.,.F.,(4,3,4),(0.,0.104012511248324,0.210203868154433),
 .UNSPECIFIED.);
#299=B_SPLINE_CURVE_WITH_KNOTS('',3,(#8588,#8589,#8590,#8591,#8592),
 .UNSPECIFIED.,.F.,.F.,(4,1,4),(-0.202440240096736,-0.100170933746593,0.),
 .UNSPECIFIED.);
#300=B_SPLINE_CURVE_WITH_KNOTS('',3,(#8606,#8607,#8608,#8609,#8610,#8611,
#8612),.UNSPECIFIED.,.F.,.F.,(4,3,4),(0.,0.0724169171415243,0.14752383979685),
 .UNSPECIFIED.);
#301=B_SPLINE_CURVE_WITH_KNOTS('',3,(#8616,#8617,#8618,#8619,#8620),
 .UNSPECIFIED.,.F.,.F.,(4,1,4),(-0.141257374365973,-0.0693408169769479,
0.),.UNSPECIFIED.);
#302=B_SPLINE_CURVE_WITH_KNOTS('',3,(#8633,#8634,#8635,#8636,#8637,#8638,
#8639),.UNSPECIFIED.,.F.,.F.,(4,3,4),(0.,0.0648927066681618,0.135582788906831),
 .UNSPECIFIED.);
#303=B_SPLINE_CURVE_WITH_KNOTS('',3,(#8642,#8643,#8644,#8645,#8646),
 .UNSPECIFIED.,.F.,.F.,(4,1,4),(-0.125260381825887,-0.0599521906910685,
0.),.UNSPECIFIED.);
#304=B_SPLINE_CURVE_WITH_KNOTS('',3,(#8658,#8659,#8660,#8661,#8662,#8663,
#8664),.UNSPECIFIED.,.F.,.F.,(4,3,4),(0.,0.0974841283071671,0.169553856253495),
 .UNSPECIFIED.);
#305=B_SPLINE_CURVE_WITH_KNOTS('',3,(#8667,#8668,#8669,#8670,#8671),
 .UNSPECIFIED.,.F.,.F.,(4,1,4),(-0.165416654431143,-0.0951054651366885,
0.),.UNSPECIFIED.);
#306=B_SPLINE_CURVE_WITH_KNOTS('',3,(#8702,#8703,#8704,#8705,#8706,#8707,
#8708),.UNSPECIFIED.,.F.,.F.,(4,3,4),(0.,0.0456685009368279,0.0847018944601331),
 .UNSPECIFIED.);
#307=B_SPLINE_CURVE_WITH_KNOTS('',3,(#8712,#8713,#8714,#8715,#8716),
 .UNSPECIFIED.,.F.,.F.,(4,1,4),(-0.0831819054082065,-0.0448489723786497,
0.),.UNSPECIFIED.);
#308=B_SPLINE_CURVE_WITH_KNOTS('',3,(#8729,#8730,#8731,#8732,#8733,#8734),
 .UNSPECIFIED.,.F.,.F.,(4,2,4),(0.,0.0641891428116351,0.128407074005755),
 .UNSPECIFIED.);
#309=B_SPLINE_CURVE_WITH_KNOTS('',3,(#8737,#8738,#8739,#8740,#8741),
 .UNSPECIFIED.,.F.,.F.,(4,1,4),(-0.126707782752226,-0.0643169204507826,
0.),.UNSPECIFIED.);
#310=B_SPLINE_CURVE_WITH_KNOTS('',3,(#8753,#8754,#8755,#8756,#8757,#8758,
#8759),.UNSPECIFIED.,.F.,.F.,(4,3,4),(0.,0.065725905515915,0.132029087825146),
 .UNSPECIFIED.);
#311=B_SPLINE_CURVE_WITH_KNOTS('',3,(#8762,#8763,#8764,#8765,#8766),
 .UNSPECIFIED.,.F.,.F.,(4,1,4),(-0.12922769209517,-0.0643313319859899,0.),
 .UNSPECIFIED.);
#312=B_SPLINE_CURVE_WITH_KNOTS('',3,(#8778,#8779,#8780,#8781,#8782,#8783,
#8784),.UNSPECIFIED.,.F.,.F.,(4,3,4),(0.,0.114539918675291,0.196605120234005),
 .UNSPECIFIED.);
#313=B_SPLINE_CURVE_WITH_KNOTS('',3,(#8787,#8788,#8789,#8790,#8791),
 .UNSPECIFIED.,.F.,.F.,(4,1,4),(-0.191217715524219,-0.111401277643993,0.),
 .UNSPECIFIED.);
#314=B_SPLINE_CURVE_WITH_KNOTS('',3,(#8809,#8810,#8811,#8812,#8813,#8814,
#8815),.UNSPECIFIED.,.F.,.F.,(4,3,4),(0.,0.0366319283647755,0.0739659122838313),
 .UNSPECIFIED.);
#315=B_SPLINE_CURVE_WITH_KNOTS('',3,(#8817,#8818,#8819,#8820,#8821),
 .UNSPECIFIED.,.F.,.F.,(4,1,4),(-0.0715594483430052,-0.0354401170023403,
0.),.UNSPECIFIED.);
#316=B_SPLINE_CURVE_WITH_KNOTS('',3,(#8834,#8835,#8836,#8837,#8838,#8839,
#8840),.UNSPECIFIED.,.F.,.F.,(4,3,4),(0.,0.0574605538795674,0.14913898905253),
 .UNSPECIFIED.);
#317=B_SPLINE_CURVE_WITH_KNOTS('',3,(#8842,#8843,#8844,#8845,#8846),
 .UNSPECIFIED.,.F.,.F.,(4,1,4),(-0.134954822174692,-0.0519956510376035,
0.),.UNSPECIFIED.);
#318=B_SPLINE_CURVE_WITH_KNOTS('',3,(#8868,#8869,#8870,#8871,#8872,#8873,
#8874),.UNSPECIFIED.,.F.,.F.,(4,3,4),(0.,0.0661604077035048,0.135962534017708),
 .UNSPECIFIED.);
#319=B_SPLINE_CURVE_WITH_KNOTS('',3,(#8876,#8877,#8878,#8879,#8880),
 .UNSPECIFIED.,.F.,.F.,(4,1,4),(-0.129267684045395,-0.0629026425634086,
0.),.UNSPECIFIED.);
#320=B_SPLINE_CURVE_WITH_KNOTS('',3,(#8893,#8894,#8895,#8896,#8897,#8898,
#8899),.UNSPECIFIED.,.F.,.F.,(4,3,4),(0.,0.0656143453560442,0.125003708536586),
 .UNSPECIFIED.);
#321=B_SPLINE_CURVE_WITH_KNOTS('',3,(#8901,#8902,#8903,#8904,#8905),
 .UNSPECIFIED.,.F.,.F.,(4,1,4),(-0.124013300088335,-0.0650944807638021,
0.),.UNSPECIFIED.);
#322=B_SPLINE_CURVE_WITH_KNOTS('',3,(#8918,#8919,#8920,#8921,#8922,#8923,
#8924),.UNSPECIFIED.,.F.,.F.,(4,3,4),(0.,0.0536772363071504,0.101317997488415),
 .UNSPECIFIED.);
#323=B_SPLINE_CURVE_WITH_KNOTS('',3,(#8926,#8927,#8928,#8929,#8930),
 .UNSPECIFIED.,.F.,.F.,(4,1,4),(-0.100536617278611,-0.0532632690830924,
0.),.UNSPECIFIED.);
#324=B_SPLINE_CURVE_WITH_KNOTS('',3,(#8943,#8944,#8945,#8946,#8947,#8948,
#8949),.UNSPECIFIED.,.F.,.F.,(4,3,4),(0.,0.045635704054164,0.0919415202775609),
 .UNSPECIFIED.);
#325=B_SPLINE_CURVE_WITH_KNOTS('',3,(#8951,#8952,#8953,#8954,#8955),
 .UNSPECIFIED.,.F.,.F.,(4,1,4),(-0.0904200562792784,-0.0448805166204009,
0.),.UNSPECIFIED.);
#326=B_SPLINE_CURVE_WITH_KNOTS('',3,(#8968,#8969,#8970,#8971,#8972,#8973,
#8974),.UNSPECIFIED.,.F.,.F.,(4,3,4),(0.,0.0983585383798866,0.196438881189639),
 .UNSPECIFIED.);
#327=B_SPLINE_CURVE_WITH_KNOTS('',3,(#8976,#8977,#8978,#8979,#8980),
 .UNSPECIFIED.,.F.,.F.,(4,1,4),(-0.19603123311202,-0.0981544256866907,0.),
 .UNSPECIFIED.);
#328=B_SPLINE_CURVE_WITH_KNOTS('',3,(#9046,#9047,#9048,#9049,#9050,#9051,
#9052),.UNSPECIFIED.,.F.,.F.,(4,3,4),(0.,0.139403646331127,0.252886759160041),
 .UNSPECIFIED.);
#329=B_SPLINE_CURVE_WITH_KNOTS('',3,(#9054,#9055,#9056,#9057,#9058),
 .UNSPECIFIED.,.F.,.F.,(4,1,4),(-0.250608076098303,-0.138147523912166,0.),
 .UNSPECIFIED.);
#330=B_SPLINE_CURVE_WITH_KNOTS('',3,(#9070,#9071,#9072,#9073,#9074,#9075,
#9076),.UNSPECIFIED.,.F.,.F.,(4,3,4),(0.,0.114263592958777,0.252155132176758),
 .UNSPECIFIED.);
#331=B_SPLINE_CURVE_WITH_KNOTS('',3,(#9077,#9078,#9079,#9080,#9081),
 .UNSPECIFIED.,.F.,.F.,(4,1,4),(-0.227083512502413,-0.102902438733773,0.),
 .UNSPECIFIED.);
#332=B_SPLINE_CURVE_WITH_KNOTS('',3,(#9204,#9205,#9206,#9207,#9208,#9209),
 .UNSPECIFIED.,.F.,.F.,(4,2,4),(0.,0.0850324056188226,0.169987610230348),
 .UNSPECIFIED.);
#333=B_SPLINE_CURVE_WITH_KNOTS('',3,(#9213,#9214,#9215,#9216,#9217),
 .UNSPECIFIED.,.F.,.F.,(4,1,4),(-0.162269885542267,-0.0793682295668802,
0.),.UNSPECIFIED.);
#334=B_SPLINE_CURVE_WITH_KNOTS('',3,(#9230,#9231,#9232,#9233,#9234,#9235,
#9236),.UNSPECIFIED.,.F.,.F.,(4,3,4),(0.,0.0822341758759049,0.161803138952237),
 .UNSPECIFIED.);
#335=B_SPLINE_CURVE_WITH_KNOTS('',3,(#9239,#9240,#9241,#9242,#9243),
 .UNSPECIFIED.,.F.,.F.,(4,1,4),(-0.160139865288134,-0.0813888403656715,
0.),.UNSPECIFIED.);
#336=B_SPLINE_CURVE_WITH_KNOTS('',3,(#9255,#9256,#9257,#9258,#9259,#9260,
#9261),.UNSPECIFIED.,.F.,.F.,(4,3,4),(0.,0.0976475515325289,0.170126698408301),
 .UNSPECIFIED.);
#337=B_SPLINE_CURVE_WITH_KNOTS('',3,(#9264,#9265,#9266,#9267,#9268),
 .UNSPECIFIED.,.F.,.F.,(4,1,4),(-0.166818391722186,-0.0957486840964342,
0.),.UNSPECIFIED.);
#338=B_SPLINE_CURVE_WITH_KNOTS('',3,(#9299,#9300,#9301,#9302,#9303,#9304,
#9305),.UNSPECIFIED.,.F.,.F.,(4,3,4),(1.38777878078145E-17,0.101596916568068,
0.213033553317201),.UNSPECIFIED.);
#339=B_SPLINE_CURVE_WITH_KNOTS('',3,(#9309,#9310,#9311,#9312,#9313),
 .UNSPECIFIED.,.F.,.F.,(4,1,4),(-0.197953393601719,-0.0944051023933043,
0.),.UNSPECIFIED.);
#340=B_SPLINE_CURVE_WITH_KNOTS('',3,(#9326,#9327,#9328,#9329,#9330,#9331,
#9332),.UNSPECIFIED.,.F.,.F.,(4,3,4),(0.,0.0886152019222075,0.18061501332243),
 .UNSPECIFIED.);
#341=B_SPLINE_CURVE_WITH_KNOTS('',3,(#9335,#9336,#9337,#9338,#9339),
 .UNSPECIFIED.,.F.,.F.,(4,1,4),(-0.174060805865707,-0.0853995090153244,
0.),.UNSPECIFIED.);
#342=B_SPLINE_CURVE_WITH_KNOTS('',3,(#9351,#9352,#9353,#9354,#9355,#9356,
#9357),.UNSPECIFIED.,.F.,.F.,(4,3,4),(0.,0.0614793110339645,0.126577061670192),
 .UNSPECIFIED.);
#343=B_SPLINE_CURVE_WITH_KNOTS('',3,(#9360,#9361,#9362,#9363,#9364),
 .UNSPECIFIED.,.F.,.F.,(4,1,4),(-0.120157467226443,-0.0583612718070189,
0.),.UNSPECIFIED.);
#344=B_SPLINE_CURVE_WITH_KNOTS('',3,(#9376,#9377,#9378,#9379,#9380,#9381,
#9382),.UNSPECIFIED.,.F.,.F.,(4,3,4),(0.,0.0507842528517338,0.0967930125293021),
 .UNSPECIFIED.);
#345=B_SPLINE_CURVE_WITH_KNOTS('',3,(#9385,#9386,#9387,#9388,#9389),
 .UNSPECIFIED.,.F.,.F.,(4,1,4),(-0.0961143707821788,-0.0504281908470388,
0.),.UNSPECIFIED.);
#346=B_SPLINE_CURVE_WITH_KNOTS('',3,(#9401,#9402,#9403,#9404,#9405,#9406,
#9407),.UNSPECIFIED.,.F.,.F.,(4,3,4),(0.,0.101764648089475,0.192640928889702),
 .UNSPECIFIED.);
#347=B_SPLINE_CURVE_WITH_KNOTS('',3,(#9410,#9411,#9412,#9413,#9414),
 .UNSPECIFIED.,.F.,.F.,(4,1,4),(-0.191660212901651,-0.10124657429293,0.),
 .UNSPECIFIED.);
#348=B_SPLINE_CURVE_WITH_KNOTS('',3,(#9432,#9433,#9434,#9435,#9436,#9437,
#9438),.UNSPECIFIED.,.F.,.F.,(4,3,4),(0.,0.110595464218875,0.198078636296666),
 .UNSPECIFIED.);
#349=B_SPLINE_CURVE_WITH_KNOTS('',3,(#9440,#9441,#9442,#9443,#9444),
 .UNSPECIFIED.,.F.,.F.,(4,1,4),(-0.19319641215521,-0.107869517314959,0.),
 .UNSPECIFIED.);
#350=B_SPLINE_CURVE_WITH_KNOTS('',3,(#9457,#9458,#9459,#9460,#9461,#9462,
#9463),.UNSPECIFIED.,.F.,.F.,(4,3,4),(0.,0.0739091034318218,0.143098164713499),
 .UNSPECIFIED.);
#351=B_SPLINE_CURVE_WITH_KNOTS('',3,(#9465,#9466,#9467,#9468,#9469),
 .UNSPECIFIED.,.F.,.F.,(4,1,4),(-0.140208900185036,-0.072416820485331,0.),
 .UNSPECIFIED.);
#352=B_SPLINE_CURVE_WITH_KNOTS('',3,(#9482,#9483,#9484,#9485,#9486,#9487,
#9488),.UNSPECIFIED.,.F.,.F.,(4,3,4),(0.,0.0708219140459091,0.170779299605476),
 .UNSPECIFIED.);
#353=B_SPLINE_CURVE_WITH_KNOTS('',3,(#9490,#9491,#9492,#9493,#9494),
 .UNSPECIFIED.,.F.,.F.,(4,1,4),(-0.151945088483476,-0.0630113955329146,
0.),.UNSPECIFIED.);
#354=B_SPLINE_CURVE_WITH_KNOTS('',3,(#9516,#9517,#9518,#9519,#9520,#9521,
#9522),.UNSPECIFIED.,.F.,.F.,(4,3,4),(0.,0.0949986960396352,0.19791182889771),
 .UNSPECIFIED.);
#355=B_SPLINE_CURVE_WITH_KNOTS('',3,(#9524,#9525,#9526,#9527,#9528),
 .UNSPECIFIED.,.F.,.F.,(4,1,4),(-0.185173197372031,-0.08888408737269,0.),
 .UNSPECIFIED.);
#356=B_SPLINE_CURVE_WITH_KNOTS('',3,(#9541,#9542,#9543,#9544,#9545,#9546,
#9547),.UNSPECIFIED.,.F.,.F.,(4,3,4),(0.,0.116436312451075,0.225243453152844),
 .UNSPECIFIED.);
#357=B_SPLINE_CURVE_WITH_KNOTS('',3,(#9549,#9550,#9551,#9552,#9553),
 .UNSPECIFIED.,.F.,.F.,(4,1,4),(-0.223867386611538,-0.115724974955959,0.),
 .UNSPECIFIED.);
#358=B_SPLINE_CURVE_WITH_KNOTS('',3,(#9566,#9567,#9568,#9569,#9570,#9571,
#9572),.UNSPECIFIED.,.F.,.F.,(4,3,4),(0.,0.102815567703859,0.200550375822684),
 .UNSPECIFIED.);
#359=B_SPLINE_CURVE_WITH_KNOTS('',3,(#9574,#9575,#9576,#9577,#9578),
 .UNSPECIFIED.,.F.,.F.,(4,1,4),(-0.199643065290897,-0.102350419498444,0.),
 .UNSPECIFIED.);
#360=B_SPLINE_CURVE_WITH_KNOTS('',3,(#9591,#9592,#9593,#9594,#9595,#9596,
#9597),.UNSPECIFIED.,.F.,.F.,(4,3,4),(0.,0.0909549374619213,0.172535483705306),
 .UNSPECIFIED.);
#361=B_SPLINE_CURVE_WITH_KNOTS('',3,(#9599,#9600,#9601,#9602,#9603),
 .UNSPECIFIED.,.F.,.F.,(4,1,4),(-0.171342735553463,-0.0903261605214974,
0.),.UNSPECIFIED.);
#362=B_SPLINE_CURVE_WITH_KNOTS('',3,(#9616,#9617,#9618,#9619,#9620,#9621,
#9622),.UNSPECIFIED.,.F.,.F.,(4,3,4),(0.,0.0850047989903745,0.177072256123025),
 .UNSPECIFIED.);
#363=B_SPLINE_CURVE_WITH_KNOTS('',3,(#9624,#9625,#9626,#9627,#9628),
 .UNSPECIFIED.,.F.,.F.,(4,1,4),(-0.1656552921173,-0.079524004022061,0.),
 .UNSPECIFIED.);
#364=B_SPLINE_CURVE_WITH_KNOTS('',3,(#9640,#9641,#9642,#9643,#9644,#9645,
#9646),.UNSPECIFIED.,.F.,.F.,(4,3,4),(0.,0.083633149480764,0.18335130619696),
 .UNSPECIFIED.);
#365=B_SPLINE_CURVE_WITH_KNOTS('',3,(#9647,#9648,#9649,#9650,#9651),
 .UNSPECIFIED.,.F.,.F.,(4,1,4),(-0.165401695738157,-0.0754456841948066,
0.),.UNSPECIFIED.);
#366=B_SPLINE_CURVE_WITH_KNOTS('',3,(#9739,#9740,#9741,#9742,#9743,#9744,
#9745),.UNSPECIFIED.,.F.,.F.,(4,3,4),(0.,0.102291271847205,0.197676336695967),
 .UNSPECIFIED.);
#367=B_SPLINE_CURVE_WITH_KNOTS('',3,(#9749,#9750,#9751,#9752,#9753),
 .UNSPECIFIED.,.F.,.F.,(4,1,4),(-0.19598053562745,-0.101413748259922,0.),
 .UNSPECIFIED.);
#368=B_SPLINE_CURVE_WITH_KNOTS('',3,(#9766,#9767,#9768,#9769,#9770,#9771,
#9772),.UNSPECIFIED.,.F.,.F.,(4,3,4),(0.,0.143576418174237,0.2913414966352),
 .UNSPECIFIED.);
#369=B_SPLINE_CURVE_WITH_KNOTS('',3,(#9775,#9776,#9777,#9778,#9779),
 .UNSPECIFIED.,.F.,.F.,(4,1,4),(-0.280731588906414,-0.138347734425263,0.),
 .UNSPECIFIED.);
#370=B_SPLINE_CURVE_WITH_KNOTS('',3,(#9791,#9792,#9793,#9794,#9795,#9796,
#9797),.UNSPECIFIED.,.F.,.F.,(4,3,4),(0.,0.159037819661759,0.303700407000893),
 .UNSPECIFIED.);
#371=B_SPLINE_CURVE_WITH_KNOTS('',3,(#9800,#9801,#9802,#9803,#9804),
 .UNSPECIFIED.,.F.,.F.,(4,1,4),(-0.299303661214651,-0.156735389874601,0.),
 .UNSPECIFIED.);
#372=B_SPLINE_CURVE_WITH_KNOTS('',3,(#9816,#9817,#9818,#9819,#9820,#9821,
#9822),.UNSPECIFIED.,.F.,.F.,(4,3,4),(0.,0.174900437465619,0.343403864402487),
 .UNSPECIFIED.);
#373=B_SPLINE_CURVE_WITH_KNOTS('',3,(#9825,#9826,#9827,#9828,#9829),
 .UNSPECIFIED.,.F.,.F.,(4,1,4),(-0.339918587212492,-0.173125336575943,0.),
 .UNSPECIFIED.);
#374=B_SPLINE_CURVE_WITH_KNOTS('',3,(#9841,#9842,#9843,#9844,#9845,#9846,
#9847),.UNSPECIFIED.,.F.,.F.,(4,3,4),(0.,0.158270106488656,0.334393783217337),
 .UNSPECIFIED.);
#375=B_SPLINE_CURVE_WITH_KNOTS('',3,(#9850,#9851,#9852,#9853,#9854),
 .UNSPECIFIED.,.F.,.F.,(4,1,4),(-0.304497019467725,-0.144119831514071,0.),
 .UNSPECIFIED.);
#376=B_SPLINE_CURVE_WITH_KNOTS('',3,(#9866,#9867,#9868,#9869,#9870,#9871,
#9872),.UNSPECIFIED.,.F.,.F.,(4,3,4),(0.,0.201066194538067,0.375221393563664),
 .UNSPECIFIED.);
#377=B_SPLINE_CURVE_WITH_KNOTS('',3,(#9875,#9876,#9877,#9878,#9879),
 .UNSPECIFIED.,.F.,.F.,(4,1,4),(-0.361054795292792,-0.193474878976817,0.),
 .UNSPECIFIED.);
#378=B_SPLINE_CURVE_WITH_KNOTS('',3,(#9891,#9892,#9893,#9894,#9895,#9896,
#9897),.UNSPECIFIED.,.F.,.F.,(4,3,4),(0.,0.108145853725487,0.212057055198598),
 .UNSPECIFIED.);
#379=B_SPLINE_CURVE_WITH_KNOTS('',3,(#9900,#9901,#9902,#9903,#9904),
 .UNSPECIFIED.,.F.,.F.,(4,1,4),(-0.211209810584033,-0.107713771934713,0.),
 .UNSPECIFIED.);
#380=B_SPLINE_CURVE_WITH_KNOTS('',3,(#9916,#9917,#9918,#9919,#9920,#9921,
#9922),.UNSPECIFIED.,.F.,.F.,(4,3,4),(0.,0.105745887269115,0.218517119477104),
 .UNSPECIFIED.);
#381=B_SPLINE_CURVE_WITH_KNOTS('',3,(#9925,#9926,#9927,#9928,#9929),
 .UNSPECIFIED.,.F.,.F.,(4,1,4),(-0.206834559802835,-0.100092405101282,0.),
 .UNSPECIFIED.);
#382=B_SPLINE_CURVE_WITH_KNOTS('',3,(#9965,#9966,#9967,#9968,#9969,#9970,
#9971),.UNSPECIFIED.,.F.,.F.,(4,3,4),(0.,0.0884040821190854,0.169351935125096),
 .UNSPECIFIED.);
#383=B_SPLINE_CURVE_WITH_KNOTS('',3,(#9973,#9974,#9975,#9976,#9977),
 .UNSPECIFIED.,.F.,.F.,(4,1,4),(-0.167068133427955,-0.0872119056457036,
0.),.UNSPECIFIED.);
#384=B_SPLINE_CURVE_WITH_KNOTS('',3,(#9990,#9991,#9992,#9993,#9994,#9995,
#9996),.UNSPECIFIED.,.F.,.F.,(4,3,4),(0.,0.0925781189185658,0.200285114655709),
 .UNSPECIFIED.);
#385=B_SPLINE_CURVE_WITH_KNOTS('',3,(#9998,#9999,#10000,#10001,#10002),
 .UNSPECIFIED.,.F.,.F.,(4,1,4),(-0.181186325686862,-0.0837500541899519,
0.),.UNSPECIFIED.);
#386=B_SPLINE_CURVE_WITH_KNOTS('',3,(#10021,#10022,#10023,#10024,#10025,
#10026,#10027),.UNSPECIFIED.,.F.,.F.,(4,3,4),(0.,0.0987535773471434,0.187421120272535),
 .UNSPECIFIED.);
#387=B_SPLINE_CURVE_WITH_KNOTS('',3,(#10029,#10030,#10031,#10032,#10033),
 .UNSPECIFIED.,.F.,.F.,(4,1,4),(-0.183343289661758,-0.0966049381753985,
0.),.UNSPECIFIED.);
#388=B_SPLINE_CURVE_WITH_KNOTS('',3,(#10046,#10047,#10048,#10049,#10050,
#10051,#10052),.UNSPECIFIED.,.F.,.F.,(4,3,4),(0.,0.0948034107731608,0.199998304830815),
 .UNSPECIFIED.);
#389=B_SPLINE_CURVE_WITH_KNOTS('',3,(#10054,#10055,#10056,#10057,#10058),
 .UNSPECIFIED.,.F.,.F.,(4,1,4),(-0.182305477806703,-0.08641663794764,0.),
 .UNSPECIFIED.);
#390=B_SPLINE_CURVE_WITH_KNOTS('',3,(#10071,#10072,#10073,#10074,#10075,
#10076,#10077),.UNSPECIFIED.,.F.,.F.,(4,3,4),(0.,0.108550911465648,0.218494736180075),
 .UNSPECIFIED.);
#391=B_SPLINE_CURVE_WITH_KNOTS('',3,(#10079,#10080,#10081,#10082,#10083),
 .UNSPECIFIED.,.F.,.F.,(4,1,4),(-0.213178060977748,-0.105909520879909,0.),
 .UNSPECIFIED.);
#392=B_SPLINE_CURVE_WITH_KNOTS('',3,(#10096,#10097,#10098,#10099,#10100,
#10101),.UNSPECIFIED.,.F.,.F.,(4,2,4),(0.,0.127776257989507,0.255079361177851),
 .UNSPECIFIED.);
#393=B_SPLINE_CURVE_WITH_KNOTS('',3,(#10103,#10104,#10105,#10106,#10107),
 .UNSPECIFIED.,.F.,.F.,(4,1,4),(-0.235512886902019,-0.112456539674234,0.),
 .UNSPECIFIED.);
#394=B_SPLINE_CURVE_WITH_KNOTS('',3,(#10120,#10121,#10122,#10123,#10124,
#10125,#10126),.UNSPECIFIED.,.F.,.F.,(4,3,4),(0.,0.142932530987102,0.296605871673243),
 .UNSPECIFIED.);
#395=B_SPLINE_CURVE_WITH_KNOTS('',3,(#10128,#10129,#10130,#10131,#10132),
 .UNSPECIFIED.,.F.,.F.,(4,1,4),(-0.277975705340607,-0.133954769314306,0.),
 .UNSPECIFIED.);
#396=B_SPLINE_CURVE_WITH_KNOTS('',3,(#10145,#10146,#10147,#10148,#10149,
#10150,#10151),.UNSPECIFIED.,.F.,.F.,(4,3,4),(0.,0.138092743562907,0.252371184049976),
 .UNSPECIFIED.);
#397=B_SPLINE_CURVE_WITH_KNOTS('',3,(#10153,#10154,#10155,#10156,#10157),
 .UNSPECIFIED.,.F.,.F.,(4,1,4),(-0.244218897306366,-0.133631966287663,0.),
 .UNSPECIFIED.);
#398=B_SPLINE_CURVE_WITH_KNOTS('',3,(#10170,#10171,#10172,#10173,#10174,
#10175,#10176),.UNSPECIFIED.,.F.,.F.,(4,3,4),(0.,0.117226693489085,0.248513742948583),
 .UNSPECIFIED.);
#399=B_SPLINE_CURVE_WITH_KNOTS('',3,(#10178,#10179,#10180,#10181,#10182),
 .UNSPECIFIED.,.F.,.F.,(4,1,4),(-0.224106833812907,-0.105713683293686,0.),
 .UNSPECIFIED.);
#400=B_SPLINE_CURVE_WITH_KNOTS('',3,(#10195,#10196,#10197,#10198,#10199,
#10200,#10201),.UNSPECIFIED.,.F.,.F.,(4,3,4),(0.,0.151706815239475,0.327640295481848),
 .UNSPECIFIED.);
#401=B_SPLINE_CURVE_WITH_KNOTS('',3,(#10203,#10204,#10205,#10206,#10207),
 .UNSPECIFIED.,.F.,.F.,(4,1,4),(-0.295723366308103,-0.136928365384729,0.),
 .UNSPECIFIED.);
#402=B_SPLINE_SURFACE_WITH_KNOTS('',3,1,((#7377,#7378),(#7379,#7380),(#7381,
#7382),(#7383,#7384),(#7385,#7386)),.UNSPECIFIED.,.F.,.F.,.F.,(4,1,4),(2,
2),(-0.204130748034058,-0.0939164838118356,0.),(0.,0.2),.UNSPECIFIED.);
#403=B_SPLINE_SURFACE_WITH_KNOTS('',3,1,((#7405,#7406),(#7407,#7408),(#7409,
#7410),(#7411,#7412),(#7413,#7414)),.UNSPECIFIED.,.F.,.F.,.F.,(4,1,4),(2,
2),(-0.166332030113119,-0.0816105245549871,0.),(0.,0.2),.UNSPECIFIED.);
#404=B_SPLINE_SURFACE_WITH_KNOTS('',3,1,((#7430,#7431),(#7432,#7433),(#7434,
#7435),(#7436,#7437),(#7438,#7439)),.UNSPECIFIED.,.F.,.F.,.F.,(4,1,4),(2,
2),(-0.0908964204388233,-0.0442353258356601,0.),(0.,0.2),.UNSPECIFIED.);
#405=B_SPLINE_SURFACE_WITH_KNOTS('',3,1,((#7455,#7456),(#7457,#7458),(#7459,
#7460),(#7461,#7462),(#7463,#7464)),.UNSPECIFIED.,.F.,.F.,.F.,(4,1,4),(2,
2),(-0.0959616333119254,-0.0503248169324733,0.),(0.,0.2),.UNSPECIFIED.);
#406=B_SPLINE_SURFACE_WITH_KNOTS('',3,1,((#7480,#7481),(#7482,#7483),(#7484,
#7485),(#7486,#7487),(#7488,#7489)),.UNSPECIFIED.,.F.,.F.,.F.,(4,1,4),(2,
2),(-0.13843655583317,-0.0878300311523552,0.),(0.,0.2),.UNSPECIFIED.);
#407=B_SPLINE_SURFACE_WITH_KNOTS('',3,1,((#7505,#7506),(#7507,#7508),(#7509,
#7510),(#7511,#7512),(#7513,#7514)),.UNSPECIFIED.,.F.,.F.,.F.,(4,1,4),(2,
2),(-0.142494979324053,-0.0539070711537666,0.),(0.,0.2),.UNSPECIFIED.);
#408=B_SPLINE_SURFACE_WITH_KNOTS('',3,1,((#7530,#7531),(#7532,#7533),(#7534,
#7535),(#7536,#7537),(#7538,#7539)),.UNSPECIFIED.,.F.,.F.,.F.,(4,1,4),(2,
2),(-0.0665844444346574,-0.0318055843100628,0.),(0.,0.2),.UNSPECIFIED.);
#409=B_SPLINE_SURFACE_WITH_KNOTS('',3,1,((#7555,#7556),(#7557,#7558),(#7559,
#7560),(#7561,#7562),(#7563,#7564)),.UNSPECIFIED.,.F.,.F.,.F.,(4,1,4),(2,
2),(-0.0897212427850134,-0.047037423831308,0.),(0.,0.2),.UNSPECIFIED.);
#410=B_SPLINE_SURFACE_WITH_KNOTS('',3,1,((#7580,#7581),(#7582,#7583),(#7584,
#7585),(#7586,#7587),(#7588,#7589)),.UNSPECIFIED.,.F.,.F.,.F.,(4,1,4),(2,
2),(-0.128837783983721,-0.0720897870222247,0.),(0.,0.2),.UNSPECIFIED.);
#411=B_SPLINE_SURFACE_WITH_KNOTS('',3,1,((#7605,#7606),(#7607,#7608),(#7609,
#7610),(#7611,#7612),(#7613,#7614)),.UNSPECIFIED.,.F.,.F.,.F.,(4,1,4),(2,
2),(-0.106235734335031,-0.050916068313588,0.),(0.,0.2),.UNSPECIFIED.);
#412=B_SPLINE_SURFACE_WITH_KNOTS('',3,1,((#7630,#7631),(#7632,#7633),(#7634,
#7635),(#7636,#7637),(#7638,#7639)),.UNSPECIFIED.,.F.,.F.,.F.,(4,1,4),(2,
2),(-0.0873384050197997,-0.0412929407315795,0.),(0.,0.2),.UNSPECIFIED.);
#413=B_SPLINE_SURFACE_WITH_KNOTS('',3,1,((#7654,#7655),(#7656,#7657),(#7658,
#7659),(#7660,#7661),(#7662,#7663)),.UNSPECIFIED.,.F.,.F.,.F.,(4,1,4),(2,
2),(-0.0926734313002602,-0.0494533866724717,0.),(0.,0.2),.UNSPECIFIED.);
#414=B_SPLINE_SURFACE_WITH_KNOTS('',3,1,((#7685,#7686),(#7687,#7688),(#7689,
#7690),(#7691,#7692),(#7693,#7694)),.UNSPECIFIED.,.F.,.F.,.F.,(4,1,4),(2,
2),(-0.22593034038002,-0.104134105151831,0.),(0.,0.2),.UNSPECIFIED.);
#415=B_SPLINE_SURFACE_WITH_KNOTS('',3,1,((#7710,#7711),(#7712,#7713),(#7714,
#7715),(#7716,#7717),(#7718,#7719)),.UNSPECIFIED.,.F.,.F.,.F.,(4,1,4),(2,
2),(-0.220708083272814,-0.121170976647281,0.),(0.,0.2),.UNSPECIFIED.);
#416=B_SPLINE_SURFACE_WITH_KNOTS('',3,1,((#7735,#7736),(#7737,#7738),(#7739,
#7740),(#7741,#7742),(#7743,#7744)),.UNSPECIFIED.,.F.,.F.,.F.,(4,1,4),(2,
2),(-0.186069443263579,-0.0909464456631221,0.),(0.,0.2),.UNSPECIFIED.);
#417=B_SPLINE_SURFACE_WITH_KNOTS('',3,1,((#7766,#7767),(#7768,#7769),(#7770,
#7771),(#7772,#7773),(#7774,#7775)),.UNSPECIFIED.,.F.,.F.,.F.,(4,1,4),(2,
2),(-0.116149205191062,-0.0600776884869956,0.),(0.,0.2),.UNSPECIFIED.);
#418=B_SPLINE_SURFACE_WITH_KNOTS('',3,1,((#7791,#7792),(#7793,#7794),(#7795,
#7796),(#7797,#7798),(#7799,#7800)),.UNSPECIFIED.,.F.,.F.,.F.,(4,1,4),(2,
2),(-0.131391355270357,-0.059979197153265,0.),(0.,0.2),.UNSPECIFIED.);
#419=B_SPLINE_SURFACE_WITH_KNOTS('',3,1,((#7816,#7817),(#7818,#7819),(#7820,
#7821),(#7822,#7823),(#7824,#7825)),.UNSPECIFIED.,.F.,.F.,.F.,(4,1,4),(2,
2),(-0.10540195107211,-0.0574278137597285,0.),(0.,0.2),.UNSPECIFIED.);
#420=B_SPLINE_SURFACE_WITH_KNOTS('',3,1,((#7841,#7842),(#7843,#7844),(#7845,
#7846),(#7847,#7848),(#7849,#7850)),.UNSPECIFIED.,.F.,.F.,.F.,(4,1,4),(2,
2),(-0.074577198671295,-0.0404908264162055,0.),(0.,0.2),.UNSPECIFIED.);
#421=B_SPLINE_SURFACE_WITH_KNOTS('',3,1,((#7866,#7867),(#7868,#7869),(#7870,
#7871),(#7872,#7873),(#7874,#7875)),.UNSPECIFIED.,.F.,.F.,.F.,(4,1,4),(2,
2),(-0.0691896656719227,-0.0329656683506218,0.),(0.,0.2),.UNSPECIFIED.);
#422=B_SPLINE_SURFACE_WITH_KNOTS('',3,1,((#7891,#7892),(#7893,#7894),(#7895,
#7896),(#7897,#7898),(#7899,#7900)),.UNSPECIFIED.,.F.,.F.,.F.,(4,1,4),(2,
2),(-0.11916692054456,-0.0430229883283394,0.),(0.,0.2),.UNSPECIFIED.);
#423=B_SPLINE_SURFACE_WITH_KNOTS('',3,1,((#7916,#7917),(#7918,#7919),(#7920,
#7921),(#7922,#7923),(#7924,#7925)),.UNSPECIFIED.,.F.,.F.,.F.,(4,1,4),(2,
2),(-0.203767721852289,-0.127997788531395,0.),(0.,0.2),.UNSPECIFIED.);
#424=B_SPLINE_SURFACE_WITH_KNOTS('',3,1,((#7941,#7942),(#7943,#7944),(#7945,
#7946),(#7947,#7948),(#7949,#7950)),.UNSPECIFIED.,.F.,.F.,.F.,(4,1,4),(2,
2),(-0.153096343818298,-0.0766424209184111,0.),(0.,0.2),.UNSPECIFIED.);
#425=B_SPLINE_SURFACE_WITH_KNOTS('',3,1,((#7966,#7967),(#7968,#7969),(#7970,
#7971),(#7972,#7973),(#7974,#7975)),.UNSPECIFIED.,.F.,.F.,.F.,(4,1,4),(2,
2),(-0.111949179150027,-0.0540135701778764,0.),(0.,0.2),.UNSPECIFIED.);
#426=B_SPLINE_SURFACE_WITH_KNOTS('',3,1,((#7991,#7992),(#7993,#7994),(#7995,
#7996),(#7997,#7998),(#7999,#8000)),.UNSPECIFIED.,.F.,.F.,.F.,(4,1,4),(2,
2),(-0.132006385965174,-0.0626174535891385,0.),(0.,0.2),.UNSPECIFIED.);
#427=B_SPLINE_SURFACE_WITH_KNOTS('',3,1,((#8015,#8016),(#8017,#8018),(#8019,
#8020),(#8021,#8022),(#8023,#8024)),.UNSPECIFIED.,.F.,.F.,.F.,(4,1,4),(2,
2),(-0.163886256228453,-0.0775037248960206,0.),(0.,0.2),.UNSPECIFIED.);
#428=B_SPLINE_SURFACE_WITH_KNOTS('',3,1,((#8040,#8041),(#8042,#8043),(#8044,
#8045),(#8046,#8047),(#8048,#8049)),.UNSPECIFIED.,.F.,.F.,.F.,(4,1,4),(2,
2),(-0.225095429961062,-0.11716451356714,0.),(0.,0.2),.UNSPECIFIED.);
#429=B_SPLINE_SURFACE_WITH_KNOTS('',3,1,((#8111,#8112),(#8113,#8114),(#8115,
#8116),(#8117,#8118),(#8119,#8120)),.UNSPECIFIED.,.F.,.F.,.F.,(4,1,4),(2,
2),(-0.250608054910842,-0.138147492421003,0.),(0.,0.2),.UNSPECIFIED.);
#430=B_SPLINE_SURFACE_WITH_KNOTS('',3,1,((#8136,#8137),(#8138,#8139),(#8140,
#8141),(#8142,#8143),(#8144,#8145)),.UNSPECIFIED.,.F.,.F.,.F.,(4,1,4),(2,
2),(-0.227083450436511,-0.102902487332421,0.),(0.,0.2),.UNSPECIFIED.);
#431=B_SPLINE_SURFACE_WITH_KNOTS('',3,1,((#8181,#8182),(#8183,#8184),(#8185,
#8186),(#8187,#8188),(#8189,#8190)),.UNSPECIFIED.,.F.,.F.,.F.,(4,1,4),(2,
2),(-0.275829435938631,-0.145414546247081,0.),(0.,0.2),.UNSPECIFIED.);
#432=B_SPLINE_SURFACE_WITH_KNOTS('',3,1,((#8209,#8210),(#8211,#8212),(#8213,
#8214),(#8215,#8216),(#8217,#8218)),.UNSPECIFIED.,.F.,.F.,.F.,(4,1,4),(2,
2),(-0.401866636942752,-0.200666896743034,0.),(0.,0.2),.UNSPECIFIED.);
#433=B_SPLINE_SURFACE_WITH_KNOTS('',3,1,((#8234,#8235),(#8236,#8237),(#8238,
#8239),(#8240,#8241),(#8242,#8243)),.UNSPECIFIED.,.F.,.F.,.F.,(4,1,4),(2,
2),(-0.484252997409906,-0.250075438787426,0.),(0.,0.2),.UNSPECIFIED.);
#434=B_SPLINE_SURFACE_WITH_KNOTS('',3,1,((#8259,#8260),(#8261,#8262),(#8263,
#8264),(#8265,#8266),(#8267,#8268)),.UNSPECIFIED.,.F.,.F.,.F.,(4,1,4),(2,
2),(-0.342410580875758,-0.157156145746925,0.),(0.,0.2),.UNSPECIFIED.);
#435=B_SPLINE_SURFACE_WITH_KNOTS('',3,1,((#8284,#8285),(#8286,#8287),(#8288,
#8289),(#8290,#8291),(#8292,#8293)),.UNSPECIFIED.,.F.,.F.,.F.,(4,1,4),(2,
2),(-0.316393133546304,-0.165633397145098,0.),(0.,0.2),.UNSPECIFIED.);
#436=B_SPLINE_SURFACE_WITH_KNOTS('',3,1,((#8309,#8310),(#8311,#8312),(#8313,
#8314),(#8315,#8316),(#8317,#8318)),.UNSPECIFIED.,.F.,.F.,.F.,(4,1,4),(2,
2),(-0.28747662256162,-0.143703786855203,0.),(0.,0.2),.UNSPECIFIED.);
#437=B_SPLINE_SURFACE_WITH_KNOTS('',3,1,((#8334,#8335),(#8336,#8337),(#8338,
#8339),(#8340,#8341),(#8342,#8343)),.UNSPECIFIED.,.F.,.F.,.F.,(4,1,4),(2,
2),(-0.322975344597104,-0.170529358893183,0.),(0.,0.2),.UNSPECIFIED.);
#438=B_SPLINE_SURFACE_WITH_KNOTS('',3,1,((#8365,#8366),(#8367,#8368),(#8369,
#8370),(#8371,#8372),(#8373,#8374)),.UNSPECIFIED.,.F.,.F.,.F.,(4,1,4),(2,
2),(-0.229278483431328,-0.109075124394493,0.),(0.,0.2),.UNSPECIFIED.);
#439=B_SPLINE_SURFACE_WITH_KNOTS('',3,1,((#8390,#8391),(#8392,#8393),(#8394,
#8395),(#8396,#8397),(#8398,#8399)),.UNSPECIFIED.,.F.,.F.,.F.,(4,1,4),(2,
2),(-0.260968275885325,-0.126675476617132,0.),(0.,0.2),.UNSPECIFIED.);
#440=B_SPLINE_SURFACE_WITH_KNOTS('',3,1,((#8421,#8422),(#8423,#8424),(#8425,
#8426),(#8427,#8428),(#8429,#8430)),.UNSPECIFIED.,.F.,.F.,.F.,(4,1,4),(2,
2),(-0.184018257355402,-0.0994488813156386,0.),(0.,0.2),.UNSPECIFIED.);
#441=B_SPLINE_SURFACE_WITH_KNOTS('',3,1,((#8446,#8447),(#8448,#8449),(#8450,
#8451),(#8452,#8453),(#8454,#8455)),.UNSPECIFIED.,.F.,.F.,.F.,(4,1,4),(2,
2),(-0.170894713304196,-0.0812974381534173,0.),(0.,0.2),.UNSPECIFIED.);
#442=B_SPLINE_SURFACE_WITH_KNOTS('',3,1,((#8471,#8472),(#8473,#8474),(#8475,
#8476),(#8477,#8478),(#8479,#8480)),.UNSPECIFIED.,.F.,.F.,.F.,(4,1,4),(2,
2),(-0.349908695595805,-0.170859978381999,0.),(0.,0.2),.UNSPECIFIED.);
#443=B_SPLINE_SURFACE_WITH_KNOTS('',3,1,((#8496,#8497),(#8498,#8499),(#8500,
#8501),(#8502,#8503),(#8504,#8505)),.UNSPECIFIED.,.F.,.F.,.F.,(4,1,4),(2,
2),(-0.351977234149871,-0.170397688819745,0.),(0.,0.2),.UNSPECIFIED.);
#444=B_SPLINE_SURFACE_WITH_KNOTS('',3,1,((#8521,#8522),(#8523,#8524),(#8525,
#8526),(#8527,#8528),(#8529,#8530)),.UNSPECIFIED.,.F.,.F.,.F.,(4,1,4),(2,
2),(-0.25172097353678,-0.137225928195999,0.),(0.,0.2),.UNSPECIFIED.);
#445=B_SPLINE_SURFACE_WITH_KNOTS('',3,1,((#8546,#8547),(#8548,#8549),(#8550,
#8551),(#8552,#8553),(#8554,#8555)),.UNSPECIFIED.,.F.,.F.,.F.,(4,1,4),(2,
2),(-0.218151596826173,-0.106302038369354,0.),(0.,0.2),.UNSPECIFIED.);
#446=B_SPLINE_SURFACE_WITH_KNOTS('',3,1,((#8571,#8572),(#8573,#8574),(#8575,
#8576),(#8577,#8578),(#8579,#8580)),.UNSPECIFIED.,.F.,.F.,.F.,(4,1,4),(2,
2),(-0.202440240096736,-0.100170933746593,0.),(0.,0.2),.UNSPECIFIED.);
#447=B_SPLINE_SURFACE_WITH_KNOTS('',3,1,((#8594,#8595),(#8596,#8597),(#8598,
#8599),(#8600,#8601),(#8602,#8603)),.UNSPECIFIED.,.F.,.F.,.F.,(4,1,4),(2,
2),(-0.141257374365973,-0.0693408169769479,0.),(0.,0.2),.UNSPECIFIED.);
#448=B_SPLINE_SURFACE_WITH_KNOTS('',3,1,((#8622,#8623),(#8624,#8625),(#8626,
#8627),(#8628,#8629),(#8630,#8631)),.UNSPECIFIED.,.F.,.F.,.F.,(4,1,4),(2,
2),(-0.125260381825887,-0.0599521906910685,0.),(0.,0.2),.UNSPECIFIED.);
#449=B_SPLINE_SURFACE_WITH_KNOTS('',3,1,((#8647,#8648),(#8649,#8650),(#8651,
#8652),(#8653,#8654),(#8655,#8656)),.UNSPECIFIED.,.F.,.F.,.F.,(4,1,4),(2,
2),(-0.165416654431143,-0.0951054651366885,0.),(0.,0.2),.UNSPECIFIED.);
#450=B_SPLINE_SURFACE_WITH_KNOTS('',3,1,((#8690,#8691),(#8692,#8693),(#8694,
#8695),(#8696,#8697),(#8698,#8699)),.UNSPECIFIED.,.F.,.F.,.F.,(4,1,4),(2,
2),(-0.0831819054082065,-0.0448489723786497,0.),(0.,0.2),.UNSPECIFIED.);
#451=B_SPLINE_SURFACE_WITH_KNOTS('',3,1,((#8718,#8719),(#8720,#8721),(#8722,
#8723),(#8724,#8725),(#8726,#8727)),.UNSPECIFIED.,.F.,.F.,.F.,(4,1,4),(2,
2),(-0.126707782752226,-0.0643169204507826,0.),(0.,0.2),.UNSPECIFIED.);
#452=B_SPLINE_SURFACE_WITH_KNOTS('',3,1,((#8742,#8743),(#8744,#8745),(#8746,
#8747),(#8748,#8749),(#8750,#8751)),.UNSPECIFIED.,.F.,.F.,.F.,(4,1,4),(2,
2),(-0.12922769209517,-0.0643313319859899,0.),(0.,0.2),.UNSPECIFIED.);
#453=B_SPLINE_SURFACE_WITH_KNOTS('',3,1,((#8767,#8768),(#8769,#8770),(#8771,
#8772),(#8773,#8774),(#8775,#8776)),.UNSPECIFIED.,.F.,.F.,.F.,(4,1,4),(2,
2),(-0.191217715524219,-0.111401277643993,0.),(0.,0.2),.UNSPECIFIED.);
#454=B_SPLINE_SURFACE_WITH_KNOTS('',3,1,((#8798,#8799),(#8800,#8801),(#8802,
#8803),(#8804,#8805),(#8806,#8807)),.UNSPECIFIED.,.F.,.F.,.F.,(4,1,4),(2,
2),(-0.0715594483430052,-0.0354401170023403,0.),(0.,0.2),.UNSPECIFIED.);
#455=B_SPLINE_SURFACE_WITH_KNOTS('',3,1,((#8823,#8824),(#8825,#8826),(#8827,
#8828),(#8829,#8830),(#8831,#8832)),.UNSPECIFIED.,.F.,.F.,.F.,(4,1,4),(2,
2),(-0.134954822174692,-0.0519956510376035,0.),(0.,0.2),.UNSPECIFIED.);
#456=B_SPLINE_SURFACE_WITH_KNOTS('',3,1,((#8857,#8858),(#8859,#8860),(#8861,
#8862),(#8863,#8864),(#8865,#8866)),.UNSPECIFIED.,.F.,.F.,.F.,(4,1,4),(2,
2),(-0.129267684045395,-0.0629026425634086,0.),(0.,0.2),.UNSPECIFIED.);
#457=B_SPLINE_SURFACE_WITH_KNOTS('',3,1,((#8882,#8883),(#8884,#8885),(#8886,
#8887),(#8888,#8889),(#8890,#8891)),.UNSPECIFIED.,.F.,.F.,.F.,(4,1,4),(2,
2),(-0.124013300088335,-0.0650944807638021,0.),(0.,0.2),.UNSPECIFIED.);
#458=B_SPLINE_SURFACE_WITH_KNOTS('',3,1,((#8907,#8908),(#8909,#8910),(#8911,
#8912),(#8913,#8914),(#8915,#8916)),.UNSPECIFIED.,.F.,.F.,.F.,(4,1,4),(2,
2),(-0.100536617278611,-0.0532632690830924,0.),(0.,0.2),.UNSPECIFIED.);
#459=B_SPLINE_SURFACE_WITH_KNOTS('',3,1,((#8932,#8933),(#8934,#8935),(#8936,
#8937),(#8938,#8939),(#8940,#8941)),.UNSPECIFIED.,.F.,.F.,.F.,(4,1,4),(2,
2),(-0.0904200562792784,-0.0448805166204009,0.),(0.,0.2),.UNSPECIFIED.);
#460=B_SPLINE_SURFACE_WITH_KNOTS('',3,1,((#8957,#8958),(#8959,#8960),(#8961,
#8962),(#8963,#8964),(#8965,#8966)),.UNSPECIFIED.,.F.,.F.,.F.,(4,1,4),(2,
2),(-0.19603123311202,-0.0981544256866907,0.),(0.,0.2),.UNSPECIFIED.);
#461=B_SPLINE_SURFACE_WITH_KNOTS('',3,1,((#9035,#9036),(#9037,#9038),(#9039,
#9040),(#9041,#9042),(#9043,#9044)),.UNSPECIFIED.,.F.,.F.,.F.,(4,1,4),(2,
2),(-0.250608076098303,-0.138147523912166,0.),(0.,0.2),.UNSPECIFIED.);
#462=B_SPLINE_SURFACE_WITH_KNOTS('',3,1,((#9060,#9061),(#9062,#9063),(#9064,
#9065),(#9066,#9067),(#9068,#9069)),.UNSPECIFIED.,.F.,.F.,.F.,(4,1,4),(2,
2),(-0.227083512502413,-0.102902438733773,0.),(0.,0.2),.UNSPECIFIED.);
#463=B_SPLINE_SURFACE_WITH_KNOTS('',3,1,((#9192,#9193),(#9194,#9195),(#9196,
#9197),(#9198,#9199),(#9200,#9201)),.UNSPECIFIED.,.F.,.F.,.F.,(4,1,4),(2,
2),(-0.162269885542267,-0.0793682295668802,0.),(0.,0.2),.UNSPECIFIED.);
#464=B_SPLINE_SURFACE_WITH_KNOTS('',3,1,((#9219,#9220),(#9221,#9222),(#9223,
#9224),(#9225,#9226),(#9227,#9228)),.UNSPECIFIED.,.F.,.F.,.F.,(4,1,4),(2,
2),(-0.160139865288134,-0.0813888403656715,0.),(0.,0.2),.UNSPECIFIED.);
#465=B_SPLINE_SURFACE_WITH_KNOTS('',3,1,((#9244,#9245),(#9246,#9247),(#9248,
#9249),(#9250,#9251),(#9252,#9253)),.UNSPECIFIED.,.F.,.F.,.F.,(4,1,4),(2,
2),(-0.166818391722186,-0.0957486840964342,0.),(0.,0.2),.UNSPECIFIED.);
#466=B_SPLINE_SURFACE_WITH_KNOTS('',3,1,((#9287,#9288),(#9289,#9290),(#9291,
#9292),(#9293,#9294),(#9295,#9296)),.UNSPECIFIED.,.F.,.F.,.F.,(4,1,4),(2,
2),(-0.197953393601719,-0.0944051023933043,0.),(0.,0.2),.UNSPECIFIED.);
#467=B_SPLINE_SURFACE_WITH_KNOTS('',3,1,((#9315,#9316),(#9317,#9318),(#9319,
#9320),(#9321,#9322),(#9323,#9324)),.UNSPECIFIED.,.F.,.F.,.F.,(4,1,4),(2,
2),(-0.174060805865707,-0.0853995090153244,0.),(0.,0.2),.UNSPECIFIED.);
#468=B_SPLINE_SURFACE_WITH_KNOTS('',3,1,((#9340,#9341),(#9342,#9343),(#9344,
#9345),(#9346,#9347),(#9348,#9349)),.UNSPECIFIED.,.F.,.F.,.F.,(4,1,4),(2,
2),(-0.120157467226443,-0.0583612718070189,0.),(0.,0.2),.UNSPECIFIED.);
#469=B_SPLINE_SURFACE_WITH_KNOTS('',3,1,((#9365,#9366),(#9367,#9368),(#9369,
#9370),(#9371,#9372),(#9373,#9374)),.UNSPECIFIED.,.F.,.F.,.F.,(4,1,4),(2,
2),(-0.0961143707821788,-0.0504281908470388,0.),(0.,0.2),.UNSPECIFIED.);
#470=B_SPLINE_SURFACE_WITH_KNOTS('',3,1,((#9390,#9391),(#9392,#9393),(#9394,
#9395),(#9396,#9397),(#9398,#9399)),.UNSPECIFIED.,.F.,.F.,.F.,(4,1,4),(2,
2),(-0.191660212901651,-0.10124657429293,0.),(0.,0.2),.UNSPECIFIED.);
#471=B_SPLINE_SURFACE_WITH_KNOTS('',3,1,((#9421,#9422),(#9423,#9424),(#9425,
#9426),(#9427,#9428),(#9429,#9430)),.UNSPECIFIED.,.F.,.F.,.F.,(4,1,4),(2,
2),(-0.19319641215521,-0.107869517314959,0.),(0.,0.2),.UNSPECIFIED.);
#472=B_SPLINE_SURFACE_WITH_KNOTS('',3,1,((#9446,#9447),(#9448,#9449),(#9450,
#9451),(#9452,#9453),(#9454,#9455)),.UNSPECIFIED.,.F.,.F.,.F.,(4,1,4),(2,
2),(-0.140208900185036,-0.072416820485331,0.),(0.,0.2),.UNSPECIFIED.);
#473=B_SPLINE_SURFACE_WITH_KNOTS('',3,1,((#9471,#9472),(#9473,#9474),(#9475,
#9476),(#9477,#9478),(#9479,#9480)),.UNSPECIFIED.,.F.,.F.,.F.,(4,1,4),(2,
2),(-0.151945088483476,-0.0630113955329146,0.),(0.,0.2),.UNSPECIFIED.);
#474=B_SPLINE_SURFACE_WITH_KNOTS('',3,1,((#9505,#9506),(#9507,#9508),(#9509,
#9510),(#9511,#9512),(#9513,#9514)),.UNSPECIFIED.,.F.,.F.,.F.,(4,1,4),(2,
2),(-0.185173197372031,-0.08888408737269,0.),(0.,0.2),.UNSPECIFIED.);
#475=B_SPLINE_SURFACE_WITH_KNOTS('',3,1,((#9530,#9531),(#9532,#9533),(#9534,
#9535),(#9536,#9537),(#9538,#9539)),.UNSPECIFIED.,.F.,.F.,.F.,(4,1,4),(2,
2),(-0.223867386611538,-0.115724974955959,0.),(0.,0.2),.UNSPECIFIED.);
#476=B_SPLINE_SURFACE_WITH_KNOTS('',3,1,((#9555,#9556),(#9557,#9558),(#9559,
#9560),(#9561,#9562),(#9563,#9564)),.UNSPECIFIED.,.F.,.F.,.F.,(4,1,4),(2,
2),(-0.199643065290897,-0.102350419498444,0.),(0.,0.2),.UNSPECIFIED.);
#477=B_SPLINE_SURFACE_WITH_KNOTS('',3,1,((#9580,#9581),(#9582,#9583),(#9584,
#9585),(#9586,#9587),(#9588,#9589)),.UNSPECIFIED.,.F.,.F.,.F.,(4,1,4),(2,
2),(-0.171342735553463,-0.0903261605214974,0.),(0.,0.2),.UNSPECIFIED.);
#478=B_SPLINE_SURFACE_WITH_KNOTS('',3,1,((#9605,#9606),(#9607,#9608),(#9609,
#9610),(#9611,#9612),(#9613,#9614)),.UNSPECIFIED.,.F.,.F.,.F.,(4,1,4),(2,
2),(-0.1656552921173,-0.079524004022061,0.),(0.,0.2),.UNSPECIFIED.);
#479=B_SPLINE_SURFACE_WITH_KNOTS('',3,1,((#9630,#9631),(#9632,#9633),(#9634,
#9635),(#9636,#9637),(#9638,#9639)),.UNSPECIFIED.,.F.,.F.,.F.,(4,1,4),(2,
2),(-0.165401695738157,-0.0754456841948066,0.),(0.,0.2),.UNSPECIFIED.);
#480=B_SPLINE_SURFACE_WITH_KNOTS('',3,1,((#9727,#9728),(#9729,#9730),(#9731,
#9732),(#9733,#9734),(#9735,#9736)),.UNSPECIFIED.,.F.,.F.,.F.,(4,1,4),(2,
2),(-0.19598053562745,-0.101413748259922,0.),(0.,0.2),.UNSPECIFIED.);
#481=B_SPLINE_SURFACE_WITH_KNOTS('',3,1,((#9755,#9756),(#9757,#9758),(#9759,
#9760),(#9761,#9762),(#9763,#9764)),.UNSPECIFIED.,.F.,.F.,.F.,(4,1,4),(2,
2),(-0.280731588906414,-0.138347734425263,0.),(0.,0.2),.UNSPECIFIED.);
#482=B_SPLINE_SURFACE_WITH_KNOTS('',3,1,((#9780,#9781),(#9782,#9783),(#9784,
#9785),(#9786,#9787),(#9788,#9789)),.UNSPECIFIED.,.F.,.F.,.F.,(4,1,4),(2,
2),(-0.299303661214651,-0.156735389874601,0.),(0.,0.2),.UNSPECIFIED.);
#483=B_SPLINE_SURFACE_WITH_KNOTS('',3,1,((#9805,#9806),(#9807,#9808),(#9809,
#9810),(#9811,#9812),(#9813,#9814)),.UNSPECIFIED.,.F.,.F.,.F.,(4,1,4),(2,
2),(-0.339918587212492,-0.173125336575943,0.),(0.,0.2),.UNSPECIFIED.);
#484=B_SPLINE_SURFACE_WITH_KNOTS('',3,1,((#9830,#9831),(#9832,#9833),(#9834,
#9835),(#9836,#9837),(#9838,#9839)),.UNSPECIFIED.,.F.,.F.,.F.,(4,1,4),(2,
2),(-0.304497019467725,-0.144119831514071,0.),(0.,0.2),.UNSPECIFIED.);
#485=B_SPLINE_SURFACE_WITH_KNOTS('',3,1,((#9855,#9856),(#9857,#9858),(#9859,
#9860),(#9861,#9862),(#9863,#9864)),.UNSPECIFIED.,.F.,.F.,.F.,(4,1,4),(2,
2),(-0.361054795292792,-0.193474878976817,0.),(0.,0.2),.UNSPECIFIED.);
#486=B_SPLINE_SURFACE_WITH_KNOTS('',3,1,((#9880,#9881),(#9882,#9883),(#9884,
#9885),(#9886,#9887),(#9888,#9889)),.UNSPECIFIED.,.F.,.F.,.F.,(4,1,4),(2,
2),(-0.211209810584033,-0.107713771934713,0.),(0.,0.2),.UNSPECIFIED.);
#487=B_SPLINE_SURFACE_WITH_KNOTS('',3,1,((#9905,#9906),(#9907,#9908),(#9909,
#9910),(#9911,#9912),(#9913,#9914)),.UNSPECIFIED.,.F.,.F.,.F.,(4,1,4),(2,
2),(-0.206834559802835,-0.100092405101282,0.),(0.,0.2),.UNSPECIFIED.);
#488=B_SPLINE_SURFACE_WITH_KNOTS('',3,1,((#9954,#9955),(#9956,#9957),(#9958,
#9959),(#9960,#9961),(#9962,#9963)),.UNSPECIFIED.,.F.,.F.,.F.,(4,1,4),(2,
2),(-0.167068133427955,-0.0872119056457036,0.),(0.,0.2),.UNSPECIFIED.);
#489=B_SPLINE_SURFACE_WITH_KNOTS('',3,1,((#9979,#9980),(#9981,#9982),(#9983,
#9984),(#9985,#9986),(#9987,#9988)),.UNSPECIFIED.,.F.,.F.,.F.,(4,1,4),(2,
2),(-0.181186325686862,-0.0837500541899519,0.),(0.,0.2),.UNSPECIFIED.);
#490=B_SPLINE_SURFACE_WITH_KNOTS('',3,1,((#10010,#10011),(#10012,#10013),
(#10014,#10015),(#10016,#10017),(#10018,#10019)),.UNSPECIFIED.,.F.,.F.,
 .F.,(4,1,4),(2,2),(-0.183343289661758,-0.0966049381753985,0.),(0.,0.2),
 .UNSPECIFIED.);
#491=B_SPLINE_SURFACE_WITH_KNOTS('',3,1,((#10035,#10036),(#10037,#10038),
(#10039,#10040),(#10041,#10042),(#10043,#10044)),.UNSPECIFIED.,.F.,.F.,
 .F.,(4,1,4),(2,2),(-0.182305477806703,-0.08641663794764,0.),(0.,0.2),
 .UNSPECIFIED.);
#492=B_SPLINE_SURFACE_WITH_KNOTS('',3,1,((#10060,#10061),(#10062,#10063),
(#10064,#10065),(#10066,#10067),(#10068,#10069)),.UNSPECIFIED.,.F.,.F.,
 .F.,(4,1,4),(2,2),(-0.213178060977748,-0.105909520879909,0.),(0.,0.2),
 .UNSPECIFIED.);
#493=B_SPLINE_SURFACE_WITH_KNOTS('',3,1,((#10085,#10086),(#10087,#10088),
(#10089,#10090),(#10091,#10092),(#10093,#10094)),.UNSPECIFIED.,.F.,.F.,
 .F.,(4,1,4),(2,2),(-0.235512886902019,-0.112456539674234,0.),(0.,0.2),
 .UNSPECIFIED.);
#494=B_SPLINE_SURFACE_WITH_KNOTS('',3,1,((#10109,#10110),(#10111,#10112),
(#10113,#10114),(#10115,#10116),(#10117,#10118)),.UNSPECIFIED.,.F.,.F.,
 .F.,(4,1,4),(2,2),(-0.277975705340607,-0.133954769314306,0.),(0.,0.2),
 .UNSPECIFIED.);
#495=B_SPLINE_SURFACE_WITH_KNOTS('',3,1,((#10134,#10135),(#10136,#10137),
(#10138,#10139),(#10140,#10141),(#10142,#10143)),.UNSPECIFIED.,.F.,.F.,
 .F.,(4,1,4),(2,2),(-0.244218897306366,-0.133631966287663,0.),(0.,0.2),
 .UNSPECIFIED.);
#496=B_SPLINE_SURFACE_WITH_KNOTS('',3,1,((#10159,#10160),(#10161,#10162),
(#10163,#10164),(#10165,#10166),(#10167,#10168)),.UNSPECIFIED.,.F.,.F.,
 .F.,(4,1,4),(2,2),(-0.224106833812907,-0.105713683293686,0.),(0.,0.2),
 .UNSPECIFIED.);
#497=B_SPLINE_SURFACE_WITH_KNOTS('',3,1,((#10184,#10185),(#10186,#10187),
(#10188,#10189),(#10190,#10191),(#10192,#10193)),.UNSPECIFIED.,.F.,.F.,
 .F.,(4,1,4),(2,2),(-0.295723366308103,-0.136928365384729,0.),(0.,0.2),
 .UNSPECIFIED.);
#498=FACE_OUTER_BOUND('',#796,.T.);
#499=FACE_OUTER_BOUND('',#797,.T.);
#500=FACE_OUTER_BOUND('',#798,.T.);
#501=FACE_OUTER_BOUND('',#799,.T.);
#502=FACE_OUTER_BOUND('',#800,.T.);
#503=FACE_OUTER_BOUND('',#801,.T.);
#504=FACE_OUTER_BOUND('',#802,.T.);
#505=FACE_OUTER_BOUND('',#803,.T.);
#506=FACE_OUTER_BOUND('',#804,.T.);
#507=FACE_OUTER_BOUND('',#805,.T.);
#508=FACE_OUTER_BOUND('',#806,.T.);
#509=FACE_OUTER_BOUND('',#807,.T.);
#510=FACE_OUTER_BOUND('',#808,.T.);
#511=FACE_OUTER_BOUND('',#809,.T.);
#512=FACE_OUTER_BOUND('',#810,.T.);
#513=FACE_OUTER_BOUND('',#811,.T.);
#514=FACE_OUTER_BOUND('',#812,.T.);
#515=FACE_OUTER_BOUND('',#813,.T.);
#516=FACE_OUTER_BOUND('',#814,.T.);
#517=FACE_OUTER_BOUND('',#815,.T.);
#518=FACE_OUTER_BOUND('',#816,.T.);
#519=FACE_OUTER_BOUND('',#817,.T.);
#520=FACE_OUTER_BOUND('',#818,.T.);
#521=FACE_OUTER_BOUND('',#819,.T.);
#522=FACE_OUTER_BOUND('',#820,.T.);
#523=FACE_OUTER_BOUND('',#821,.T.);
#524=FACE_OUTER_BOUND('',#822,.T.);
#525=FACE_OUTER_BOUND('',#823,.T.);
#526=FACE_OUTER_BOUND('',#824,.T.);
#527=FACE_OUTER_BOUND('',#825,.T.);
#528=FACE_OUTER_BOUND('',#826,.T.);
#529=FACE_OUTER_BOUND('',#827,.T.);
#530=FACE_OUTER_BOUND('',#828,.T.);
#531=FACE_OUTER_BOUND('',#829,.T.);
#532=FACE_OUTER_BOUND('',#830,.T.);
#533=FACE_OUTER_BOUND('',#831,.T.);
#534=FACE_OUTER_BOUND('',#832,.T.);
#535=FACE_OUTER_BOUND('',#833,.T.);
#536=FACE_OUTER_BOUND('',#834,.T.);
#537=FACE_OUTER_BOUND('',#835,.T.);
#538=FACE_OUTER_BOUND('',#836,.T.);
#539=FACE_OUTER_BOUND('',#837,.T.);
#540=FACE_OUTER_BOUND('',#838,.T.);
#541=FACE_OUTER_BOUND('',#839,.T.);
#542=FACE_OUTER_BOUND('',#840,.T.);
#543=FACE_OUTER_BOUND('',#841,.T.);
#544=FACE_OUTER_BOUND('',#842,.T.);
#545=FACE_OUTER_BOUND('',#843,.T.);
#546=FACE_OUTER_BOUND('',#844,.T.);
#547=FACE_OUTER_BOUND('',#845,.T.);
#548=FACE_OUTER_BOUND('',#846,.T.);
#549=FACE_OUTER_BOUND('',#847,.T.);
#550=FACE_OUTER_BOUND('',#848,.T.);
#551=FACE_OUTER_BOUND('',#849,.T.);
#552=FACE_OUTER_BOUND('',#850,.T.);
#553=FACE_OUTER_BOUND('',#851,.T.);
#554=FACE_OUTER_BOUND('',#852,.T.);
#555=FACE_OUTER_BOUND('',#854,.T.);
#556=FACE_OUTER_BOUND('',#855,.T.);
#557=FACE_OUTER_BOUND('',#856,.T.);
#558=FACE_OUTER_BOUND('',#857,.T.);
#559=FACE_OUTER_BOUND('',#858,.T.);
#560=FACE_OUTER_BOUND('',#859,.T.);
#561=FACE_OUTER_BOUND('',#860,.T.);
#562=FACE_OUTER_BOUND('',#861,.T.);
#563=FACE_OUTER_BOUND('',#862,.T.);
#564=FACE_OUTER_BOUND('',#863,.T.);
#565=FACE_OUTER_BOUND('',#864,.T.);
#566=FACE_OUTER_BOUND('',#865,.T.);
#567=FACE_OUTER_BOUND('',#866,.T.);
#568=FACE_OUTER_BOUND('',#867,.T.);
#569=FACE_OUTER_BOUND('',#868,.T.);
#570=FACE_OUTER_BOUND('',#869,.T.);
#571=FACE_OUTER_BOUND('',#870,.T.);
#572=FACE_OUTER_BOUND('',#871,.T.);
#573=FACE_OUTER_BOUND('',#872,.T.);
#574=FACE_OUTER_BOUND('',#873,.T.);
#575=FACE_OUTER_BOUND('',#874,.T.);
#576=FACE_OUTER_BOUND('',#875,.T.);
#577=FACE_OUTER_BOUND('',#876,.T.);
#578=FACE_OUTER_BOUND('',#877,.T.);
#579=FACE_OUTER_BOUND('',#878,.T.);
#580=FACE_OUTER_BOUND('',#879,.T.);
#581=FACE_OUTER_BOUND('',#880,.T.);
#582=FACE_OUTER_BOUND('',#881,.T.);
#583=FACE_OUTER_BOUND('',#882,.T.);
#584=FACE_OUTER_BOUND('',#883,.T.);
#585=FACE_OUTER_BOUND('',#884,.T.);
#586=FACE_OUTER_BOUND('',#885,.T.);
#587=FACE_OUTER_BOUND('',#886,.T.);
#588=FACE_OUTER_BOUND('',#887,.T.);
#589=FACE_OUTER_BOUND('',#888,.T.);
#590=FACE_OUTER_BOUND('',#889,.T.);
#591=FACE_OUTER_BOUND('',#890,.T.);
#592=FACE_OUTER_BOUND('',#891,.T.);
#593=FACE_OUTER_BOUND('',#892,.T.);
#594=FACE_OUTER_BOUND('',#893,.T.);
#595=FACE_OUTER_BOUND('',#894,.T.);
#596=FACE_OUTER_BOUND('',#895,.T.);
#597=FACE_OUTER_BOUND('',#896,.T.);
#598=FACE_OUTER_BOUND('',#898,.T.);
#599=FACE_OUTER_BOUND('',#899,.T.);
#600=FACE_OUTER_BOUND('',#900,.T.);
#601=FACE_OUTER_BOUND('',#901,.T.);
#602=FACE_OUTER_BOUND('',#902,.T.);
#603=FACE_OUTER_BOUND('',#903,.T.);
#604=FACE_OUTER_BOUND('',#904,.T.);
#605=FACE_OUTER_BOUND('',#905,.T.);
#606=FACE_OUTER_BOUND('',#906,.T.);
#607=FACE_OUTER_BOUND('',#907,.T.);
#608=FACE_OUTER_BOUND('',#908,.T.);
#609=FACE_OUTER_BOUND('',#909,.T.);
#610=FACE_OUTER_BOUND('',#910,.T.);
#611=FACE_OUTER_BOUND('',#911,.T.);
#612=FACE_OUTER_BOUND('',#912,.T.);
#613=FACE_OUTER_BOUND('',#914,.T.);
#614=FACE_OUTER_BOUND('',#915,.T.);
#615=FACE_OUTER_BOUND('',#916,.T.);
#616=FACE_OUTER_BOUND('',#917,.T.);
#617=FACE_OUTER_BOUND('',#918,.T.);
#618=FACE_OUTER_BOUND('',#919,.T.);
#619=FACE_OUTER_BOUND('',#920,.T.);
#620=FACE_OUTER_BOUND('',#921,.T.);
#621=FACE_OUTER_BOUND('',#922,.T.);
#622=FACE_OUTER_BOUND('',#923,.T.);
#623=FACE_OUTER_BOUND('',#924,.T.);
#624=FACE_OUTER_BOUND('',#925,.T.);
#625=FACE_OUTER_BOUND('',#926,.T.);
#626=FACE_OUTER_BOUND('',#927,.T.);
#627=FACE_OUTER_BOUND('',#928,.T.);
#628=FACE_OUTER_BOUND('',#929,.T.);
#629=FACE_OUTER_BOUND('',#930,.T.);
#630=FACE_OUTER_BOUND('',#931,.T.);
#631=FACE_OUTER_BOUND('',#932,.T.);
#632=FACE_OUTER_BOUND('',#933,.T.);
#633=FACE_OUTER_BOUND('',#934,.T.);
#634=FACE_OUTER_BOUND('',#935,.T.);
#635=FACE_OUTER_BOUND('',#936,.T.);
#636=FACE_OUTER_BOUND('',#937,.T.);
#637=FACE_OUTER_BOUND('',#938,.T.);
#638=FACE_OUTER_BOUND('',#939,.T.);
#639=FACE_OUTER_BOUND('',#940,.T.);
#640=FACE_OUTER_BOUND('',#941,.T.);
#641=FACE_OUTER_BOUND('',#942,.T.);
#642=FACE_OUTER_BOUND('',#943,.T.);
#643=FACE_OUTER_BOUND('',#944,.T.);
#644=FACE_OUTER_BOUND('',#945,.T.);
#645=FACE_OUTER_BOUND('',#946,.T.);
#646=FACE_OUTER_BOUND('',#947,.T.);
#647=FACE_OUTER_BOUND('',#948,.T.);
#648=FACE_OUTER_BOUND('',#949,.T.);
#649=FACE_OUTER_BOUND('',#950,.T.);
#650=FACE_OUTER_BOUND('',#951,.T.);
#651=FACE_OUTER_BOUND('',#953,.T.);
#652=FACE_OUTER_BOUND('',#954,.T.);
#653=FACE_OUTER_BOUND('',#955,.T.);
#654=FACE_OUTER_BOUND('',#956,.T.);
#655=FACE_OUTER_BOUND('',#957,.T.);
#656=FACE_OUTER_BOUND('',#958,.T.);
#657=FACE_OUTER_BOUND('',#959,.T.);
#658=FACE_OUTER_BOUND('',#960,.T.);
#659=FACE_OUTER_BOUND('',#961,.T.);
#660=FACE_OUTER_BOUND('',#962,.T.);
#661=FACE_OUTER_BOUND('',#963,.T.);
#662=FACE_OUTER_BOUND('',#964,.T.);
#663=FACE_OUTER_BOUND('',#965,.T.);
#664=FACE_OUTER_BOUND('',#966,.T.);
#665=FACE_OUTER_BOUND('',#967,.T.);
#666=FACE_OUTER_BOUND('',#968,.T.);
#667=FACE_OUTER_BOUND('',#969,.T.);
#668=FACE_OUTER_BOUND('',#970,.T.);
#669=FACE_OUTER_BOUND('',#971,.T.);
#670=FACE_OUTER_BOUND('',#972,.T.);
#671=FACE_OUTER_BOUND('',#973,.T.);
#672=FACE_OUTER_BOUND('',#974,.T.);
#673=FACE_OUTER_BOUND('',#975,.T.);
#674=FACE_OUTER_BOUND('',#976,.T.);
#675=FACE_OUTER_BOUND('',#977,.T.);
#676=FACE_OUTER_BOUND('',#978,.T.);
#677=FACE_OUTER_BOUND('',#979,.T.);
#678=FACE_OUTER_BOUND('',#980,.T.);
#679=FACE_OUTER_BOUND('',#981,.T.);
#680=FACE_OUTER_BOUND('',#982,.T.);
#681=FACE_OUTER_BOUND('',#983,.T.);
#682=FACE_OUTER_BOUND('',#984,.T.);
#683=FACE_OUTER_BOUND('',#985,.T.);
#684=FACE_OUTER_BOUND('',#986,.T.);
#685=FACE_OUTER_BOUND('',#987,.T.);
#686=FACE_OUTER_BOUND('',#988,.T.);
#687=FACE_OUTER_BOUND('',#989,.T.);
#688=FACE_OUTER_BOUND('',#990,.T.);
#689=FACE_OUTER_BOUND('',#991,.T.);
#690=FACE_OUTER_BOUND('',#992,.T.);
#691=FACE_OUTER_BOUND('',#993,.T.);
#692=FACE_OUTER_BOUND('',#994,.T.);
#693=FACE_OUTER_BOUND('',#995,.T.);
#694=FACE_OUTER_BOUND('',#996,.T.);
#695=FACE_OUTER_BOUND('',#997,.T.);
#696=FACE_OUTER_BOUND('',#998,.T.);
#697=FACE_OUTER_BOUND('',#999,.T.);
#698=FACE_OUTER_BOUND('',#1000,.T.);
#699=FACE_OUTER_BOUND('',#1001,.T.);
#700=FACE_OUTER_BOUND('',#1002,.T.);
#701=FACE_OUTER_BOUND('',#1003,.T.);
#702=FACE_OUTER_BOUND('',#1004,.T.);
#703=FACE_OUTER_BOUND('',#1005,.T.);
#704=FACE_OUTER_BOUND('',#1006,.T.);
#705=FACE_OUTER_BOUND('',#1007,.T.);
#706=FACE_OUTER_BOUND('',#1008,.T.);
#707=FACE_OUTER_BOUND('',#1009,.T.);
#708=FACE_OUTER_BOUND('',#1010,.T.);
#709=FACE_OUTER_BOUND('',#1011,.T.);
#710=FACE_OUTER_BOUND('',#1012,.T.);
#711=FACE_OUTER_BOUND('',#1013,.T.);
#712=FACE_OUTER_BOUND('',#1014,.T.);
#713=FACE_OUTER_BOUND('',#1015,.T.);
#714=FACE_OUTER_BOUND('',#1016,.T.);
#715=FACE_OUTER_BOUND('',#1017,.T.);
#716=FACE_OUTER_BOUND('',#1018,.T.);
#717=FACE_OUTER_BOUND('',#1019,.T.);
#718=FACE_OUTER_BOUND('',#1020,.T.);
#719=FACE_OUTER_BOUND('',#1021,.T.);
#720=FACE_OUTER_BOUND('',#1022,.T.);
#721=FACE_OUTER_BOUND('',#1023,.T.);
#722=FACE_OUTER_BOUND('',#1024,.T.);
#723=FACE_OUTER_BOUND('',#1025,.T.);
#724=FACE_OUTER_BOUND('',#1026,.T.);
#725=FACE_OUTER_BOUND('',#1027,.T.);
#726=FACE_OUTER_BOUND('',#1028,.T.);
#727=FACE_OUTER_BOUND('',#1029,.T.);
#728=FACE_OUTER_BOUND('',#1030,.T.);
#729=FACE_OUTER_BOUND('',#1031,.T.);
#730=FACE_OUTER_BOUND('',#1032,.T.);
#731=FACE_OUTER_BOUND('',#1033,.T.);
#732=FACE_OUTER_BOUND('',#1034,.T.);
#733=FACE_OUTER_BOUND('',#1035,.T.);
#734=FACE_OUTER_BOUND('',#1036,.T.);
#735=FACE_OUTER_BOUND('',#1037,.T.);
#736=FACE_OUTER_BOUND('',#1038,.T.);
#737=FACE_OUTER_BOUND('',#1039,.T.);
#738=FACE_OUTER_BOUND('',#1040,.T.);
#739=FACE_OUTER_BOUND('',#1041,.T.);
#740=FACE_OUTER_BOUND('',#1042,.T.);
#741=FACE_OUTER_BOUND('',#1043,.T.);
#742=FACE_OUTER_BOUND('',#1044,.T.);
#743=FACE_OUTER_BOUND('',#1045,.T.);
#744=FACE_OUTER_BOUND('',#1046,.T.);
#745=FACE_OUTER_BOUND('',#1047,.T.);
#746=FACE_OUTER_BOUND('',#1048,.T.);
#747=FACE_OUTER_BOUND('',#1049,.T.);
#748=FACE_OUTER_BOUND('',#1050,.T.);
#749=FACE_OUTER_BOUND('',#1051,.T.);
#750=FACE_OUTER_BOUND('',#1052,.T.);
#751=FACE_OUTER_BOUND('',#1053,.T.);
#752=FACE_OUTER_BOUND('',#1054,.T.);
#753=FACE_OUTER_BOUND('',#1055,.T.);
#754=FACE_OUTER_BOUND('',#1056,.T.);
#755=FACE_OUTER_BOUND('',#1057,.T.);
#756=FACE_OUTER_BOUND('',#1058,.T.);
#757=FACE_OUTER_BOUND('',#1059,.T.);
#758=FACE_OUTER_BOUND('',#1060,.T.);
#759=FACE_OUTER_BOUND('',#1061,.T.);
#760=FACE_OUTER_BOUND('',#1062,.T.);
#761=FACE_OUTER_BOUND('',#1063,.T.);
#762=FACE_OUTER_BOUND('',#1064,.T.);
#763=FACE_OUTER_BOUND('',#1065,.T.);
#764=FACE_OUTER_BOUND('',#1066,.T.);
#765=FACE_OUTER_BOUND('',#1067,.T.);
#766=FACE_OUTER_BOUND('',#1068,.T.);
#767=FACE_OUTER_BOUND('',#1069,.T.);
#768=FACE_OUTER_BOUND('',#1070,.T.);
#769=FACE_OUTER_BOUND('',#1071,.T.);
#770=FACE_OUTER_BOUND('',#1072,.T.);
#771=FACE_OUTER_BOUND('',#1073,.T.);
#772=FACE_OUTER_BOUND('',#1074,.T.);
#773=FACE_OUTER_BOUND('',#1075,.T.);
#774=FACE_OUTER_BOUND('',#1076,.T.);
#775=FACE_OUTER_BOUND('',#1077,.T.);
#776=FACE_OUTER_BOUND('',#1078,.T.);
#777=FACE_OUTER_BOUND('',#1079,.T.);
#778=FACE_OUTER_BOUND('',#1080,.T.);
#779=FACE_OUTER_BOUND('',#1081,.T.);
#780=FACE_OUTER_BOUND('',#1082,.T.);
#781=FACE_OUTER_BOUND('',#1083,.T.);
#782=FACE_OUTER_BOUND('',#1084,.T.);
#783=FACE_OUTER_BOUND('',#1085,.T.);
#784=FACE_OUTER_BOUND('',#1086,.T.);
#785=FACE_OUTER_BOUND('',#1106,.T.);
#786=FACE_OUTER_BOUND('',#1107,.T.);
#787=FACE_OUTER_BOUND('',#1108,.T.);
#788=FACE_OUTER_BOUND('',#1109,.T.);
#789=FACE_OUTER_BOUND('',#1110,.T.);
#790=FACE_OUTER_BOUND('',#1111,.T.);
#791=FACE_OUTER_BOUND('',#1112,.T.);
#792=FACE_OUTER_BOUND('',#1113,.T.);
#793=FACE_OUTER_BOUND('',#1114,.T.);
#794=FACE_OUTER_BOUND('',#1115,.T.);
#795=FACE_OUTER_BOUND('',#1116,.T.);
#796=EDGE_LOOP('',(#3682,#3683,#3684,#3685));
#797=EDGE_LOOP('',(#3686,#3687,#3688,#3689));
#798=EDGE_LOOP('',(#3690,#3691,#3692,#3693));
#799=EDGE_LOOP('',(#3694,#3695,#3696,#3697));
#800=EDGE_LOOP('',(#3698,#3699,#3700,#3701));
#801=EDGE_LOOP('',(#3702,#3703,#3704,#3705));
#802=EDGE_LOOP('',(#3706,#3707,#3708,#3709));
#803=EDGE_LOOP('',(#3710,#3711,#3712,#3713));
#804=EDGE_LOOP('',(#3714,#3715,#3716,#3717));
#805=EDGE_LOOP('',(#3718,#3719,#3720,#3721));
#806=EDGE_LOOP('',(#3722,#3723,#3724,#3725));
#807=EDGE_LOOP('',(#3726,#3727,#3728,#3729));
#808=EDGE_LOOP('',(#3730,#3731,#3732,#3733,#3734,#3735,#3736,#3737,#3738,
#3739,#3740,#3741));
#809=EDGE_LOOP('',(#3742,#3743,#3744,#3745));
#810=EDGE_LOOP('',(#3746,#3747,#3748,#3749));
#811=EDGE_LOOP('',(#3750,#3751,#3752,#3753));
#812=EDGE_LOOP('',(#3754,#3755,#3756,#3757));
#813=EDGE_LOOP('',(#3758,#3759,#3760,#3761));
#814=EDGE_LOOP('',(#3762,#3763,#3764,#3765));
#815=EDGE_LOOP('',(#3766,#3767,#3768,#3769));
#816=EDGE_LOOP('',(#3770,#3771,#3772,#3773));
#817=EDGE_LOOP('',(#3774,#3775,#3776,#3777));
#818=EDGE_LOOP('',(#3778,#3779,#3780,#3781));
#819=EDGE_LOOP('',(#3782,#3783,#3784,#3785));
#820=EDGE_LOOP('',(#3786,#3787,#3788,#3789));
#821=EDGE_LOOP('',(#3790,#3791,#3792,#3793));
#822=EDGE_LOOP('',(#3794,#3795,#3796,#3797));
#823=EDGE_LOOP('',(#3798,#3799,#3800,#3801));
#824=EDGE_LOOP('',(#3802,#3803,#3804,#3805));
#825=EDGE_LOOP('',(#3806,#3807,#3808,#3809));
#826=EDGE_LOOP('',(#3810,#3811,#3812,#3813));
#827=EDGE_LOOP('',(#3814,#3815,#3816,#3817));
#828=EDGE_LOOP('',(#3818,#3819,#3820,#3821));
#829=EDGE_LOOP('',(#3822,#3823,#3824,#3825));
#830=EDGE_LOOP('',(#3826,#3827,#3828,#3829));
#831=EDGE_LOOP('',(#3830,#3831,#3832,#3833));
#832=EDGE_LOOP('',(#3834,#3835,#3836,#3837));
#833=EDGE_LOOP('',(#3838,#3839,#3840,#3841));
#834=EDGE_LOOP('',(#3842,#3843,#3844,#3845));
#835=EDGE_LOOP('',(#3846,#3847,#3848,#3849));
#836=EDGE_LOOP('',(#3850,#3851,#3852,#3853));
#837=EDGE_LOOP('',(#3854,#3855,#3856,#3857));
#838=EDGE_LOOP('',(#3858,#3859,#3860,#3861,#3862,#3863,#3864,#3865,#3866,
#3867,#3868,#3869,#3870,#3871,#3872,#3873,#3874,#3875,#3876,#3877,#3878,
#3879,#3880,#3881,#3882,#3883,#3884,#3885,#3886));
#839=EDGE_LOOP('',(#3887,#3888,#3889,#3890));
#840=EDGE_LOOP('',(#3891,#3892,#3893,#3894));
#841=EDGE_LOOP('',(#3895,#3896,#3897,#3898));
#842=EDGE_LOOP('',(#3899,#3900,#3901,#3902));
#843=EDGE_LOOP('',(#3903,#3904,#3905,#3906));
#844=EDGE_LOOP('',(#3907,#3908,#3909,#3910));
#845=EDGE_LOOP('',(#3911,#3912,#3913,#3914));
#846=EDGE_LOOP('',(#3915,#3916,#3917,#3918));
#847=EDGE_LOOP('',(#3919,#3920,#3921,#3922));
#848=EDGE_LOOP('',(#3923,#3924,#3925,#3926));
#849=EDGE_LOOP('',(#3927,#3928,#3929,#3930));
#850=EDGE_LOOP('',(#3931,#3932,#3933,#3934));
#851=EDGE_LOOP('',(#3935,#3936,#3937,#3938));
#852=EDGE_LOOP('',(#3939,#3940,#3941,#3942,#3943,#3944,#3945,#3946));
#853=EDGE_LOOP('',(#3947,#3948,#3949,#3950,#3951));
#854=EDGE_LOOP('',(#3952,#3953,#3954,#3955,#3956));
#855=EDGE_LOOP('',(#3957,#3958,#3959,#3960));
#856=EDGE_LOOP('',(#3961,#3962,#3963,#3964));
#857=EDGE_LOOP('',(#3965,#3966,#3967,#3968));
#858=EDGE_LOOP('',(#3969,#3970,#3971,#3972));
#859=EDGE_LOOP('',(#3973,#3974,#3975,#3976));
#860=EDGE_LOOP('',(#3977,#3978,#3979,#3980));
#861=EDGE_LOOP('',(#3981,#3982,#3983,#3984));
#862=EDGE_LOOP('',(#3985,#3986,#3987,#3988));
#863=EDGE_LOOP('',(#3989,#3990,#3991,#3992));
#864=EDGE_LOOP('',(#3993,#3994,#3995,#3996));
#865=EDGE_LOOP('',(#3997,#3998,#3999,#4000));
#866=EDGE_LOOP('',(#4001,#4002,#4003,#4004));
#867=EDGE_LOOP('',(#4005,#4006,#4007,#4008));
#868=EDGE_LOOP('',(#4009,#4010,#4011,#4012));
#869=EDGE_LOOP('',(#4013,#4014,#4015,#4016));
#870=EDGE_LOOP('',(#4017,#4018,#4019,#4020));
#871=EDGE_LOOP('',(#4021,#4022,#4023,#4024));
#872=EDGE_LOOP('',(#4025,#4026,#4027,#4028));
#873=EDGE_LOOP('',(#4029,#4030,#4031,#4032,#4033,#4034,#4035,#4036,#4037,
#4038,#4039,#4040,#4041,#4042,#4043,#4044,#4045,#4046));
#874=EDGE_LOOP('',(#4047,#4048,#4049,#4050));
#875=EDGE_LOOP('',(#4051,#4052,#4053,#4054));
#876=EDGE_LOOP('',(#4055,#4056,#4057,#4058));
#877=EDGE_LOOP('',(#4059,#4060,#4061,#4062));
#878=EDGE_LOOP('',(#4063,#4064,#4065,#4066));
#879=EDGE_LOOP('',(#4067,#4068,#4069,#4070));
#880=EDGE_LOOP('',(#4071,#4072,#4073,#4074));
#881=EDGE_LOOP('',(#4075,#4076,#4077,#4078));
#882=EDGE_LOOP('',(#4079,#4080,#4081,#4082));
#883=EDGE_LOOP('',(#4083,#4084,#4085,#4086));
#884=EDGE_LOOP('',(#4087,#4088,#4089,#4090));
#885=EDGE_LOOP('',(#4091,#4092,#4093,#4094));
#886=EDGE_LOOP('',(#4095,#4096,#4097,#4098));
#887=EDGE_LOOP('',(#4099,#4100,#4101,#4102));
#888=EDGE_LOOP('',(#4103,#4104,#4105,#4106));
#889=EDGE_LOOP('',(#4107,#4108,#4109,#4110));
#890=EDGE_LOOP('',(#4111,#4112,#4113,#4114));
#891=EDGE_LOOP('',(#4115,#4116,#4117,#4118));
#892=EDGE_LOOP('',(#4119,#4120,#4121,#4122));
#893=EDGE_LOOP('',(#4123,#4124,#4125,#4126));
#894=EDGE_LOOP('',(#4127,#4128,#4129,#4130));
#895=EDGE_LOOP('',(#4131,#4132,#4133,#4134));
#896=EDGE_LOOP('',(#4135,#4136,#4137,#4138,#4139,#4140,#4141,#4142,#4143,
#4144,#4145,#4146,#4147));
#897=EDGE_LOOP('',(#4148,#4149,#4150,#4151,#4152,#4153,#4154,#4155,#4156));
#898=EDGE_LOOP('',(#4157,#4158,#4159,#4160,#4161,#4162,#4163,#4164,#4165));
#899=EDGE_LOOP('',(#4166,#4167,#4168,#4169));
#900=EDGE_LOOP('',(#4170,#4171,#4172,#4173));
#901=EDGE_LOOP('',(#4174,#4175,#4176,#4177));
#902=EDGE_LOOP('',(#4178,#4179,#4180,#4181));
#903=EDGE_LOOP('',(#4182,#4183,#4184,#4185));
#904=EDGE_LOOP('',(#4186,#4187,#4188,#4189));
#905=EDGE_LOOP('',(#4190,#4191,#4192,#4193));
#906=EDGE_LOOP('',(#4194,#4195,#4196,#4197));
#907=EDGE_LOOP('',(#4198,#4199,#4200,#4201,#4202,#4203,#4204,#4205));
#908=EDGE_LOOP('',(#4206,#4207,#4208,#4209));
#909=EDGE_LOOP('',(#4210,#4211,#4212,#4213));
#910=EDGE_LOOP('',(#4214,#4215,#4216,#4217));
#911=EDGE_LOOP('',(#4218,#4219,#4220,#4221));
#912=EDGE_LOOP('',(#4222,#4223,#4224,#4225,#4226,#4227,#4228,#4229));
#913=EDGE_LOOP('',(#4230,#4231,#4232,#4233,#4234));
#914=EDGE_LOOP('',(#4235,#4236,#4237,#4238,#4239));
#915=EDGE_LOOP('',(#4240,#4241,#4242,#4243));
#916=EDGE_LOOP('',(#4244,#4245,#4246,#4247));
#917=EDGE_LOOP('',(#4248,#4249,#4250,#4251));
#918=EDGE_LOOP('',(#4252,#4253,#4254,#4255));
#919=EDGE_LOOP('',(#4256,#4257,#4258,#4259));
#920=EDGE_LOOP('',(#4260,#4261,#4262,#4263));
#921=EDGE_LOOP('',(#4264,#4265,#4266,#4267));
#922=EDGE_LOOP('',(#4268,#4269,#4270,#4271));
#923=EDGE_LOOP('',(#4272,#4273,#4274,#4275));
#924=EDGE_LOOP('',(#4276,#4277,#4278,#4279));
#925=EDGE_LOOP('',(#4280,#4281,#4282,#4283));
#926=EDGE_LOOP('',(#4284,#4285,#4286,#4287));
#927=EDGE_LOOP('',(#4288,#4289,#4290,#4291,#4292,#4293,#4294,#4295,#4296,
#4297,#4298,#4299));
#928=EDGE_LOOP('',(#4300,#4301,#4302,#4303));
#929=EDGE_LOOP('',(#4304,#4305,#4306,#4307));
#930=EDGE_LOOP('',(#4308,#4309,#4310,#4311));
#931=EDGE_LOOP('',(#4312,#4313,#4314,#4315));
#932=EDGE_LOOP('',(#4316,#4317,#4318,#4319));
#933=EDGE_LOOP('',(#4320,#4321,#4322,#4323));
#934=EDGE_LOOP('',(#4324,#4325,#4326,#4327));
#935=EDGE_LOOP('',(#4328,#4329,#4330,#4331));
#936=EDGE_LOOP('',(#4332,#4333,#4334,#4335));
#937=EDGE_LOOP('',(#4336,#4337,#4338,#4339));
#938=EDGE_LOOP('',(#4340,#4341,#4342,#4343));
#939=EDGE_LOOP('',(#4344,#4345,#4346,#4347));
#940=EDGE_LOOP('',(#4348,#4349,#4350,#4351));
#941=EDGE_LOOP('',(#4352,#4353,#4354,#4355));
#942=EDGE_LOOP('',(#4356,#4357,#4358,#4359));
#943=EDGE_LOOP('',(#4360,#4361,#4362,#4363));
#944=EDGE_LOOP('',(#4364,#4365,#4366,#4367));
#945=EDGE_LOOP('',(#4368,#4369,#4370,#4371));
#946=EDGE_LOOP('',(#4372,#4373,#4374,#4375));
#947=EDGE_LOOP('',(#4376,#4377,#4378,#4379));
#948=EDGE_LOOP('',(#4380,#4381,#4382,#4383));
#949=EDGE_LOOP('',(#4384,#4385,#4386,#4387));
#950=EDGE_LOOP('',(#4388,#4389,#4390,#4391));
#951=EDGE_LOOP('',(#4392,#4393,#4394,#4395,#4396,#4397,#4398,#4399,#4400,
#4401,#4402,#4403));
#952=EDGE_LOOP('',(#4404,#4405,#4406,#4407,#4408,#4409,#4410,#4411,#4412,
#4413,#4414));
#953=EDGE_LOOP('',(#4415,#4416,#4417,#4418,#4419,#4420,#4421,#4422,#4423,
#4424,#4425));
#954=EDGE_LOOP('',(#4426,#4427,#4428,#4429));
#955=EDGE_LOOP('',(#4430,#4431,#4432,#4433));
#956=EDGE_LOOP('',(#4434,#4435,#4436,#4437));
#957=EDGE_LOOP('',(#4438,#4439,#4440,#4441));
#958=EDGE_LOOP('',(#4442,#4443,#4444,#4445));
#959=EDGE_LOOP('',(#4446,#4447,#4448,#4449));
#960=EDGE_LOOP('',(#4450,#4451,#4452,#4453));
#961=EDGE_LOOP('',(#4454,#4455,#4456,#4457));
#962=EDGE_LOOP('',(#4458,#4459,#4460,#4461));
#963=EDGE_LOOP('',(#4462,#4463,#4464,#4465));
#964=EDGE_LOOP('',(#4466,#4467,#4468,#4469));
#965=EDGE_LOOP('',(#4470,#4471,#4472,#4473));
#966=EDGE_LOOP('',(#4474,#4475,#4476,#4477,#4478,#4479,#4480,#4481,#4482,
#4483,#4484,#4485));
#967=EDGE_LOOP('',(#4486,#4487,#4488,#4489));
#968=EDGE_LOOP('',(#4490,#4491,#4492,#4493));
#969=EDGE_LOOP('',(#4494,#4495,#4496,#4497));
#970=EDGE_LOOP('',(#4498,#4499,#4500,#4501));
#971=EDGE_LOOP('',(#4502,#4503,#4504,#4505));
#972=EDGE_LOOP('',(#4506,#4507,#4508,#4509));
#973=EDGE_LOOP('',(#4510,#4511,#4512,#4513));
#974=EDGE_LOOP('',(#4514,#4515,#4516,#4517));
#975=EDGE_LOOP('',(#4518,#4519,#4520,#4521));
#976=EDGE_LOOP('',(#4522,#4523,#4524,#4525));
#977=EDGE_LOOP('',(#4526,#4527,#4528,#4529));
#978=EDGE_LOOP('',(#4530,#4531,#4532,#4533));
#979=EDGE_LOOP('',(#4534,#4535,#4536,#4537));
#980=EDGE_LOOP('',(#4538,#4539,#4540,#4541));
#981=EDGE_LOOP('',(#4542,#4543,#4544,#4545));
#982=EDGE_LOOP('',(#4546,#4547,#4548,#4549));
#983=EDGE_LOOP('',(#4550,#4551,#4552,#4553));
#984=EDGE_LOOP('',(#4554,#4555,#4556,#4557));
#985=EDGE_LOOP('',(#4558,#4559,#4560,#4561));
#986=EDGE_LOOP('',(#4562,#4563,#4564,#4565));
#987=EDGE_LOOP('',(#4566,#4567,#4568,#4569));
#988=EDGE_LOOP('',(#4570,#4571,#4572,#4573));
#989=EDGE_LOOP('',(#4574,#4575,#4576,#4577));
#990=EDGE_LOOP('',(#4578,#4579,#4580,#4581));
#991=EDGE_LOOP('',(#4582,#4583,#4584,#4585,#4586,#4587,#4588,#4589,#4590,
#4591,#4592,#4593,#4594,#4595,#4596,#4597,#4598,#4599,#4600,#4601,#4602,
#4603,#4604,#4605));
#992=EDGE_LOOP('',(#4606,#4607,#4608,#4609));
#993=EDGE_LOOP('',(#4610,#4611,#4612,#4613));
#994=EDGE_LOOP('',(#4614,#4615,#4616,#4617));
#995=EDGE_LOOP('',(#4618,#4619,#4620,#4621));
#996=EDGE_LOOP('',(#4622,#4623,#4624,#4625));
#997=EDGE_LOOP('',(#4626,#4627,#4628,#4629));
#998=EDGE_LOOP('',(#4630,#4631,#4632,#4633));
#999=EDGE_LOOP('',(#4634,#4635,#4636,#4637));
#1000=EDGE_LOOP('',(#4638,#4639,#4640,#4641));
#1001=EDGE_LOOP('',(#4642,#4643,#4644,#4645));
#1002=EDGE_LOOP('',(#4646,#4647,#4648,#4649));
#1003=EDGE_LOOP('',(#4650,#4651,#4652,#4653));
#1004=EDGE_LOOP('',(#4654,#4655,#4656,#4657));
#1005=EDGE_LOOP('',(#4658,#4659,#4660,#4661));
#1006=EDGE_LOOP('',(#4662,#4663,#4664,#4665));
#1007=EDGE_LOOP('',(#4666,#4667,#4668,#4669));
#1008=EDGE_LOOP('',(#4670,#4671,#4672,#4673));
#1009=EDGE_LOOP('',(#4674,#4675,#4676,#4677));
#1010=EDGE_LOOP('',(#4678,#4679,#4680,#4681));
#1011=EDGE_LOOP('',(#4682,#4683,#4684,#4685));
#1012=EDGE_LOOP('',(#4686,#4687,#4688,#4689));
#1013=EDGE_LOOP('',(#4690,#4691,#4692,#4693));
#1014=EDGE_LOOP('',(#4694,#4695,#4696,#4697));
#1015=EDGE_LOOP('',(#4698,#4699,#4700,#4701));
#1016=EDGE_LOOP('',(#4702,#4703,#4704,#4705));
#1017=EDGE_LOOP('',(#4706,#4707,#4708,#4709));
#1018=EDGE_LOOP('',(#4710,#4711,#4712,#4713));
#1019=EDGE_LOOP('',(#4714,#4715,#4716,#4717));
#1020=EDGE_LOOP('',(#4718,#4719,#4720,#4721));
#1021=EDGE_LOOP('',(#4722,#4723,#4724,#4725));
#1022=EDGE_LOOP('',(#4726,#4727,#4728,#4729));
#1023=EDGE_LOOP('',(#4730,#4731,#4732,#4733));
#1024=EDGE_LOOP('',(#4734,#4735,#4736,#4737));
#1025=EDGE_LOOP('',(#4738,#4739,#4740,#4741));
#1026=EDGE_LOOP('',(#4742,#4743,#4744,#4745));
#1027=EDGE_LOOP('',(#4746,#4747,#4748,#4749));
#1028=EDGE_LOOP('',(#4750,#4751,#4752,#4753));
#1029=EDGE_LOOP('',(#4754,#4755,#4756,#4757));
#1030=EDGE_LOOP('',(#4758,#4759,#4760,#4761));
#1031=EDGE_LOOP('',(#4762,#4763,#4764,#4765));
#1032=EDGE_LOOP('',(#4766,#4767,#4768,#4769));
#1033=EDGE_LOOP('',(#4770,#4771,#4772,#4773));
#1034=EDGE_LOOP('',(#4774,#4775,#4776,#4777));
#1035=EDGE_LOOP('',(#4778,#4779,#4780,#4781));
#1036=EDGE_LOOP('',(#4782,#4783,#4784,#4785));
#1037=EDGE_LOOP('',(#4786,#4787,#4788,#4789));
#1038=EDGE_LOOP('',(#4790,#4791,#4792,#4793));
#1039=EDGE_LOOP('',(#4794,#4795,#4796,#4797));
#1040=EDGE_LOOP('',(#4798,#4799,#4800,#4801));
#1041=EDGE_LOOP('',(#4802,#4803,#4804,#4805));
#1042=EDGE_LOOP('',(#4806,#4807,#4808,#4809));
#1043=EDGE_LOOP('',(#4810,#4811,#4812,#4813));
#1044=EDGE_LOOP('',(#4814,#4815,#4816,#4817));
#1045=EDGE_LOOP('',(#4818,#4819,#4820,#4821));
#1046=EDGE_LOOP('',(#4822,#4823,#4824,#4825));
#1047=EDGE_LOOP('',(#4826,#4827,#4828,#4829));
#1048=EDGE_LOOP('',(#4830,#4831,#4832,#4833));
#1049=EDGE_LOOP('',(#4834,#4835,#4836,#4837));
#1050=EDGE_LOOP('',(#4838,#4839,#4840,#4841));
#1051=EDGE_LOOP('',(#4842,#4843,#4844,#4845));
#1052=EDGE_LOOP('',(#4846,#4847,#4848,#4849));
#1053=EDGE_LOOP('',(#4850,#4851,#4852,#4853));
#1054=EDGE_LOOP('',(#4854,#4855,#4856,#4857));
#1055=EDGE_LOOP('',(#4858,#4859,#4860,#4861));
#1056=EDGE_LOOP('',(#4862,#4863,#4864,#4865));
#1057=EDGE_LOOP('',(#4866,#4867,#4868,#4869));
#1058=EDGE_LOOP('',(#4870,#4871,#4872,#4873));
#1059=EDGE_LOOP('',(#4874,#4875,#4876,#4877));
#1060=EDGE_LOOP('',(#4878,#4879,#4880,#4881));
#1061=EDGE_LOOP('',(#4882,#4883,#4884,#4885));
#1062=EDGE_LOOP('',(#4886,#4887,#4888,#4889));
#1063=EDGE_LOOP('',(#4890,#4891,#4892,#4893));
#1064=EDGE_LOOP('',(#4894,#4895,#4896,#4897));
#1065=EDGE_LOOP('',(#4898,#4899,#4900,#4901));
#1066=EDGE_LOOP('',(#4902,#4903,#4904,#4905));
#1067=EDGE_LOOP('',(#4906,#4907,#4908,#4909));
#1068=EDGE_LOOP('',(#4910,#4911,#4912,#4913));
#1069=EDGE_LOOP('',(#4914,#4915,#4916,#4917));
#1070=EDGE_LOOP('',(#4918,#4919,#4920,#4921));
#1071=EDGE_LOOP('',(#4922,#4923,#4924,#4925));
#1072=EDGE_LOOP('',(#4926,#4927,#4928,#4929));
#1073=EDGE_LOOP('',(#4930,#4931,#4932,#4933));
#1074=EDGE_LOOP('',(#4934,#4935,#4936,#4937));
#1075=EDGE_LOOP('',(#4938,#4939,#4940,#4941));
#1076=EDGE_LOOP('',(#4942,#4943,#4944,#4945));
#1077=EDGE_LOOP('',(#4946,#4947,#4948,#4949));
#1078=EDGE_LOOP('',(#4950,#4951,#4952,#4953));
#1079=EDGE_LOOP('',(#4954,#4955,#4956,#4957));
#1080=EDGE_LOOP('',(#4958,#4959,#4960,#4961));
#1081=EDGE_LOOP('',(#4962,#4963,#4964,#4965));
#1082=EDGE_LOOP('',(#4966,#4967,#4968,#4969));
#1083=EDGE_LOOP('',(#4970,#4971,#4972,#4973));
#1084=EDGE_LOOP('',(#4974,#4975,#4976,#4977));
#1085=EDGE_LOOP('',(#4978,#4979,#4980,#4981));
#1086=EDGE_LOOP('',(#4982,#4983,#4984,#4985,#4986,#4987,#4988,#4989));
#1087=EDGE_LOOP('',(#4990));
#1088=EDGE_LOOP('',(#4991));
#1089=EDGE_LOOP('',(#4992));
#1090=EDGE_LOOP('',(#4993));
#1091=EDGE_LOOP('',(#4994,#4995,#4996,#4997));
#1092=EDGE_LOOP('',(#4998,#4999,#5000,#5001,#5002,#5003,#5004,#5005));
#1093=EDGE_LOOP('',(#5006,#5007,#5008,#5009,#5010,#5011,#5012,#5013));
#1094=EDGE_LOOP('',(#5014,#5015,#5016,#5017,#5018,#5019,#5020,#5021));
#1095=EDGE_LOOP('',(#5022,#5023,#5024,#5025,#5026,#5027,#5028,#5029));
#1096=EDGE_LOOP('',(#5030,#5031,#5032,#5033,#5034,#5035,#5036,#5037));
#1097=EDGE_LOOP('',(#5038,#5039,#5040,#5041,#5042,#5043,#5044,#5045));
#1098=EDGE_LOOP('',(#5046,#5047,#5048,#5049,#5050,#5051,#5052,#5053));
#1099=EDGE_LOOP('',(#5054,#5055,#5056,#5057,#5058,#5059,#5060,#5061));
#1100=EDGE_LOOP('',(#5062,#5063,#5064,#5065,#5066,#5067,#5068,#5069));
#1101=EDGE_LOOP('',(#5070,#5071,#5072,#5073));
#1102=EDGE_LOOP('',(#5074,#5075,#5076,#5077));
#1103=EDGE_LOOP('',(#5078,#5079,#5080));
#1104=EDGE_LOOP('',(#5081,#5082,#5083));
#1105=EDGE_LOOP('',(#5084,#5085,#5086));
#1106=EDGE_LOOP('',(#5087,#5088,#5089,#5090));
#1107=EDGE_LOOP('',(#5091,#5092,#5093,#5094));
#1108=EDGE_LOOP('',(#5095,#5096,#5097,#5098));
#1109=EDGE_LOOP('',(#5099,#5100,#5101,#5102));
#1110=EDGE_LOOP('',(#5103,#5104,#5105,#5106));
#1111=EDGE_LOOP('',(#5107,#5108,#5109,#5110));
#1112=EDGE_LOOP('',(#5111,#5112,#5113,#5114));
#1113=EDGE_LOOP('',(#5115,#5116,#5117,#5118));
#1114=EDGE_LOOP('',(#5119,#5120,#5121,#5122));
#1115=EDGE_LOOP('',(#5123,#5124,#5125,#5126));
#1116=EDGE_LOOP('',(#5127,#5128,#5129,#5130,#5131,#5132,#5133,#5134));
#1117=EDGE_LOOP('',(#5135));
#1118=EDGE_LOOP('',(#5136));
#1119=EDGE_LOOP('',(#5137));
#1120=EDGE_LOOP('',(#5138));
#1121=EDGE_LOOP('',(#5139,#5140,#5141));
#1122=EDGE_LOOP('',(#5142,#5143,#5144,#5145,#5146,#5147,#5148,#5149));
#1123=EDGE_LOOP('',(#5150,#5151,#5152,#5153,#5154,#5155,#5156,#5157));
#1124=EDGE_LOOP('',(#5158,#5159,#5160,#5161,#5162,#5163,#5164,#5165));
#1125=EDGE_LOOP('',(#5166,#5167,#5168,#5169,#5170,#5171,#5172,#5173));
#1126=EDGE_LOOP('',(#5174,#5175,#5176,#5177,#5178,#5179,#5180,#5181));
#1127=EDGE_LOOP('',(#5182,#5183,#5184,#5185,#5186,#5187,#5188,#5189));
#1128=EDGE_LOOP('',(#5190,#5191,#5192,#5193,#5194,#5195,#5196,#5197));
#1129=EDGE_LOOP('',(#5198,#5199,#5200,#5201,#5202,#5203,#5204,#5205));
#1130=EDGE_LOOP('',(#5206,#5207,#5208,#5209,#5210,#5211,#5212,#5213));
#1131=EDGE_LOOP('',(#5214,#5215,#5216,#5217));
#1132=EDGE_LOOP('',(#5218,#5219,#5220,#5221));
#1133=EDGE_LOOP('',(#5222,#5223,#5224));
#1134=EDGE_LOOP('',(#5225,#5226,#5227));
#1135=EDGE_LOOP('',(#5228,#5229,#5230,#5231,#5232,#5233,#5234,#5235,#5236,
#5237,#5238,#5239));
#1136=EDGE_LOOP('',(#5240,#5241,#5242,#5243,#5244,#5245,#5246,#5247,#5248,
#5249,#5250,#5251,#5252,#5253,#5254,#5255,#5256,#5257,#5258,#5259,#5260,
#5261,#5262,#5263,#5264,#5265,#5266,#5267,#5268));
#1137=EDGE_LOOP('',(#5269,#5270,#5271,#5272,#5273,#5274,#5275,#5276));
#1138=EDGE_LOOP('',(#5277,#5278,#5279,#5280,#5281,#5282,#5283,#5284,#5285,
#5286,#5287,#5288,#5289,#5290,#5291,#5292,#5293,#5294));
#1139=EDGE_LOOP('',(#5295,#5296,#5297,#5298,#5299,#5300,#5301,#5302,#5303,
#5304,#5305,#5306,#5307));
#1140=EDGE_LOOP('',(#5308,#5309,#5310,#5311,#5312,#5313,#5314,#5315,#5316,
#5317,#5318,#5319));
#1141=EDGE_LOOP('',(#5320,#5321,#5322,#5323,#5324,#5325,#5326,#5327,#5328,
#5329,#5330,#5331));
#1142=EDGE_LOOP('',(#5332,#5333,#5334,#5335,#5336,#5337,#5338,#5339,#5340,
#5341,#5342,#5343));
#1143=EDGE_LOOP('',(#5344,#5345,#5346,#5347,#5348,#5349,#5350,#5351,#5352,
#5353,#5354,#5355,#5356,#5357,#5358,#5359,#5360,#5361,#5362,#5363,#5364,
#5365,#5366,#5367));
#1144=EDGE_LOOP('',(#5368,#5369,#5370,#5371,#5372,#5373,#5374,#5375,#5376,
#5377,#5378,#5379));
#1145=LINE('',#7307,#1706);
#1146=LINE('',#7309,#1707);
#1147=LINE('',#7311,#1708);
#1148=LINE('',#7312,#1709);
#1149=LINE('',#7315,#1710);
#1150=LINE('',#7317,#1711);
#1151=LINE('',#7318,#1712);
#1152=LINE('',#7321,#1713);
#1153=LINE('',#7323,#1714);
#1154=LINE('',#7324,#1715);
#1155=LINE('',#7327,#1716);
#1156=LINE('',#7329,#1717);
#1157=LINE('',#7330,#1718);
#1158=LINE('',#7333,#1719);
#1159=LINE('',#7335,#1720);
#1160=LINE('',#7336,#1721);
#1161=LINE('',#7339,#1722);
#1162=LINE('',#7341,#1723);
#1163=LINE('',#7342,#1724);
#1164=LINE('',#7345,#1725);
#1165=LINE('',#7347,#1726);
#1166=LINE('',#7348,#1727);
#1167=LINE('',#7351,#1728);
#1168=LINE('',#7353,#1729);
#1169=LINE('',#7354,#1730);
#1170=LINE('',#7357,#1731);
#1171=LINE('',#7359,#1732);
#1172=LINE('',#7360,#1733);
#1173=LINE('',#7363,#1734);
#1174=LINE('',#7365,#1735);
#1175=LINE('',#7366,#1736);
#1176=LINE('',#7369,#1737);
#1177=LINE('',#7371,#1738);
#1178=LINE('',#7372,#1739);
#1179=LINE('',#7374,#1740);
#1180=LINE('',#7375,#1741);
#1181=LINE('',#7397,#1742);
#1182=LINE('',#7404,#1743);
#1183=LINE('',#7424,#1744);
#1184=LINE('',#7449,#1745);
#1185=LINE('',#7474,#1746);
#1186=LINE('',#7499,#1747);
#1187=LINE('',#7524,#1748);
#1188=LINE('',#7549,#1749);
#1189=LINE('',#7574,#1750);
#1190=LINE('',#7599,#1751);
#1191=LINE('',#7624,#1752);
#1192=LINE('',#7648,#1753);
#1193=LINE('',#7673,#1754);
#1194=LINE('',#7681,#1755);
#1195=LINE('',#7683,#1756);
#1196=LINE('',#7684,#1757);
#1197=LINE('',#7704,#1758);
#1198=LINE('',#7734,#1759);
#1199=LINE('',#7759,#1760);
#1200=LINE('',#7762,#1761);
#1201=LINE('',#7764,#1762);
#1202=LINE('',#7765,#1763);
#1203=LINE('',#7790,#1764);
#1204=LINE('',#7815,#1765);
#1205=LINE('',#7840,#1766);
#1206=LINE('',#7865,#1767);
#1207=LINE('',#7890,#1768);
#1208=LINE('',#7915,#1769);
#1209=LINE('',#7940,#1770);
#1210=LINE('',#7965,#1771);
#1211=LINE('',#7990,#1772);
#1212=LINE('',#8014,#1773);
#1213=LINE('',#8039,#1774);
#1214=LINE('',#8066,#1775);
#1215=LINE('',#8068,#1776);
#1216=LINE('',#8070,#1777);
#1217=LINE('',#8071,#1778);
#1218=LINE('',#8074,#1779);
#1219=LINE('',#8076,#1780);
#1220=LINE('',#8077,#1781);
#1221=LINE('',#8080,#1782);
#1222=LINE('',#8082,#1783);
#1223=LINE('',#8083,#1784);
#1224=LINE('',#8086,#1785);
#1225=LINE('',#8088,#1786);
#1226=LINE('',#8089,#1787);
#1227=LINE('',#8093,#1788);
#1228=LINE('',#8095,#1789);
#1229=LINE('',#8097,#1790);
#1230=LINE('',#8098,#1791);
#1231=LINE('',#8101,#1792);
#1232=LINE('',#8103,#1793);
#1233=LINE('',#8104,#1794);
#1234=LINE('',#8107,#1795);
#1235=LINE('',#8109,#1796);
#1236=LINE('',#8110,#1797);
#1237=LINE('',#8135,#1798);
#1238=LINE('',#8160,#1799);
#1239=LINE('',#8162,#1800);
#1240=LINE('',#8163,#1801);
#1241=LINE('',#8166,#1802);
#1242=LINE('',#8168,#1803);
#1243=LINE('',#8169,#1804);
#1244=LINE('',#8172,#1805);
#1245=LINE('',#8174,#1806);
#1246=LINE('',#8175,#1807);
#1247=LINE('',#8177,#1808);
#1248=LINE('',#8178,#1809);
#1249=LINE('',#8201,#1810);
#1250=LINE('',#8208,#1811);
#1251=LINE('',#8228,#1812);
#1252=LINE('',#8253,#1813);
#1253=LINE('',#8278,#1814);
#1254=LINE('',#8303,#1815);
#1255=LINE('',#8328,#1816);
#1256=LINE('',#8353,#1817);
#1257=LINE('',#8361,#1818);
#1258=LINE('',#8363,#1819);
#1259=LINE('',#8364,#1820);
#1260=LINE('',#8384,#1821);
#1261=LINE('',#8414,#1822);
#1262=LINE('',#8417,#1823);
#1263=LINE('',#8419,#1824);
#1264=LINE('',#8420,#1825);
#1265=LINE('',#8445,#1826);
#1266=LINE('',#8470,#1827);
#1267=LINE('',#8495,#1828);
#1268=LINE('',#8520,#1829);
#1269=LINE('',#8545,#1830);
#1270=LINE('',#8570,#1831);
#1271=LINE('',#8614,#1832);
#1272=LINE('',#8621,#1833);
#1273=LINE('',#8641,#1834);
#1274=LINE('',#8666,#1835);
#1275=LINE('',#8674,#1836);
#1276=LINE('',#8676,#1837);
#1277=LINE('',#8677,#1838);
#1278=LINE('',#8680,#1839);
#1279=LINE('',#8682,#1840);
#1280=LINE('',#8683,#1841);
#1281=LINE('',#8686,#1842);
#1282=LINE('',#8688,#1843);
#1283=LINE('',#8689,#1844);
#1284=LINE('',#8710,#1845);
#1285=LINE('',#8717,#1846);
#1286=LINE('',#8736,#1847);
#1287=LINE('',#8761,#1848);
#1288=LINE('',#8786,#1849);
#1289=LINE('',#8794,#1850);
#1290=LINE('',#8796,#1851);
#1291=LINE('',#8797,#1852);
#1292=LINE('',#8822,#1853);
#1293=LINE('',#8847,#1854);
#1294=LINE('',#8850,#1855);
#1295=LINE('',#8852,#1856);
#1296=LINE('',#8853,#1857);
#1297=LINE('',#8855,#1858);
#1298=LINE('',#8856,#1859);
#1299=LINE('',#8881,#1860);
#1300=LINE('',#8906,#1861);
#1301=LINE('',#8931,#1862);
#1302=LINE('',#8956,#1863);
#1303=LINE('',#8981,#1864);
#1304=LINE('',#8984,#1865);
#1305=LINE('',#8986,#1866);
#1306=LINE('',#8987,#1867);
#1307=LINE('',#8989,#1868);
#1308=LINE('',#8990,#1869);
#1309=LINE('',#8996,#1870);
#1310=LINE('',#8998,#1871);
#1311=LINE('',#9000,#1872);
#1312=LINE('',#9001,#1873);
#1313=LINE('',#9004,#1874);
#1314=LINE('',#9006,#1875);
#1315=LINE('',#9007,#1876);
#1316=LINE('',#9010,#1877);
#1317=LINE('',#9012,#1878);
#1318=LINE('',#9013,#1879);
#1319=LINE('',#9017,#1880);
#1320=LINE('',#9019,#1881);
#1321=LINE('',#9021,#1882);
#1322=LINE('',#9022,#1883);
#1323=LINE('',#9025,#1884);
#1324=LINE('',#9027,#1885);
#1325=LINE('',#9028,#1886);
#1326=LINE('',#9031,#1887);
#1327=LINE('',#9033,#1888);
#1328=LINE('',#9034,#1889);
#1329=LINE('',#9059,#1890);
#1330=LINE('',#9085,#1891);
#1331=LINE('',#9087,#1892);
#1332=LINE('',#9089,#1893);
#1333=LINE('',#9090,#1894);
#1334=LINE('',#9092,#1895);
#1335=LINE('',#9094,#1896);
#1336=LINE('',#9095,#1897);
#1337=LINE('',#9098,#1898);
#1338=LINE('',#9100,#1899);
#1339=LINE('',#9101,#1900);
#1340=LINE('',#9104,#1901);
#1341=LINE('',#9106,#1902);
#1342=LINE('',#9107,#1903);
#1343=LINE('',#9110,#1904);
#1344=LINE('',#9112,#1905);
#1345=LINE('',#9113,#1906);
#1346=LINE('',#9115,#1907);
#1347=LINE('',#9116,#1908);
#1348=LINE('',#9122,#1909);
#1349=LINE('',#9124,#1910);
#1350=LINE('',#9126,#1911);
#1351=LINE('',#9127,#1912);
#1352=LINE('',#9130,#1913);
#1353=LINE('',#9132,#1914);
#1354=LINE('',#9133,#1915);
#1355=LINE('',#9136,#1916);
#1356=LINE('',#9138,#1917);
#1357=LINE('',#9139,#1918);
#1358=LINE('',#9142,#1919);
#1359=LINE('',#9144,#1920);
#1360=LINE('',#9145,#1921);
#1361=LINE('',#9148,#1922);
#1362=LINE('',#9150,#1923);
#1363=LINE('',#9151,#1924);
#1364=LINE('',#9154,#1925);
#1365=LINE('',#9156,#1926);
#1366=LINE('',#9157,#1927);
#1367=LINE('',#9160,#1928);
#1368=LINE('',#9162,#1929);
#1369=LINE('',#9163,#1930);
#1370=LINE('',#9166,#1931);
#1371=LINE('',#9168,#1932);
#1372=LINE('',#9169,#1933);
#1373=LINE('',#9172,#1934);
#1374=LINE('',#9174,#1935);
#1375=LINE('',#9175,#1936);
#1376=LINE('',#9178,#1937);
#1377=LINE('',#9180,#1938);
#1378=LINE('',#9181,#1939);
#1379=LINE('',#9184,#1940);
#1380=LINE('',#9186,#1941);
#1381=LINE('',#9187,#1942);
#1382=LINE('',#9189,#1943);
#1383=LINE('',#9190,#1944);
#1384=LINE('',#9211,#1945);
#1385=LINE('',#9218,#1946);
#1386=LINE('',#9238,#1947);
#1387=LINE('',#9263,#1948);
#1388=LINE('',#9271,#1949);
#1389=LINE('',#9273,#1950);
#1390=LINE('',#9274,#1951);
#1391=LINE('',#9277,#1952);
#1392=LINE('',#9279,#1953);
#1393=LINE('',#9280,#1954);
#1394=LINE('',#9283,#1955);
#1395=LINE('',#9285,#1956);
#1396=LINE('',#9286,#1957);
#1397=LINE('',#9307,#1958);
#1398=LINE('',#9314,#1959);
#1399=LINE('',#9334,#1960);
#1400=LINE('',#9359,#1961);
#1401=LINE('',#9384,#1962);
#1402=LINE('',#9409,#1963);
#1403=LINE('',#9417,#1964);
#1404=LINE('',#9419,#1965);
#1405=LINE('',#9420,#1966);
#1406=LINE('',#9445,#1967);
#1407=LINE('',#9470,#1968);
#1408=LINE('',#9495,#1969);
#1409=LINE('',#9498,#1970);
#1410=LINE('',#9500,#1971);
#1411=LINE('',#9501,#1972);
#1412=LINE('',#9503,#1973);
#1413=LINE('',#9504,#1974);
#1414=LINE('',#9529,#1975);
#1415=LINE('',#9554,#1976);
#1416=LINE('',#9579,#1977);
#1417=LINE('',#9604,#1978);
#1418=LINE('',#9629,#1979);
#1419=LINE('',#9657,#1980);
#1420=LINE('',#9659,#1981);
#1421=LINE('',#9661,#1982);
#1422=LINE('',#9662,#1983);
#1423=LINE('',#9665,#1984);
#1424=LINE('',#9667,#1985);
#1425=LINE('',#9668,#1986);
#1426=LINE('',#9671,#1987);
#1427=LINE('',#9673,#1988);
#1428=LINE('',#9674,#1989);
#1429=LINE('',#9677,#1990);
#1430=LINE('',#9679,#1991);
#1431=LINE('',#9680,#1992);
#1432=LINE('',#9683,#1993);
#1433=LINE('',#9685,#1994);
#1434=LINE('',#9686,#1995);
#1435=LINE('',#9689,#1996);
#1436=LINE('',#9691,#1997);
#1437=LINE('',#9692,#1998);
#1438=LINE('',#9695,#1999);
#1439=LINE('',#9697,#2000);
#1440=LINE('',#9698,#2001);
#1441=LINE('',#9701,#2002);
#1442=LINE('',#9703,#2003);
#1443=LINE('',#9704,#2004);
#1444=LINE('',#9707,#2005);
#1445=LINE('',#9709,#2006);
#1446=LINE('',#9710,#2007);
#1447=LINE('',#9713,#2008);
#1448=LINE('',#9715,#2009);
#1449=LINE('',#9716,#2010);
#1450=LINE('',#9719,#2011);
#1451=LINE('',#9721,#2012);
#1452=LINE('',#9722,#2013);
#1453=LINE('',#9724,#2014);
#1454=LINE('',#9725,#2015);
#1455=LINE('',#9747,#2016);
#1456=LINE('',#9754,#2017);
#1457=LINE('',#9774,#2018);
#1458=LINE('',#9799,#2019);
#1459=LINE('',#9824,#2020);
#1460=LINE('',#9849,#2021);
#1461=LINE('',#9874,#2022);
#1462=LINE('',#9899,#2023);
#1463=LINE('',#9924,#2024);
#1464=LINE('',#9932,#2025);
#1465=LINE('',#9934,#2026);
#1466=LINE('',#9935,#2027);
#1467=LINE('',#9938,#2028);
#1468=LINE('',#9940,#2029);
#1469=LINE('',#9941,#2030);
#1470=LINE('',#9944,#2031);
#1471=LINE('',#9946,#2032);
#1472=LINE('',#9947,#2033);
#1473=LINE('',#9950,#2034);
#1474=LINE('',#9952,#2035);
#1475=LINE('',#9953,#2036);
#1476=LINE('',#9978,#2037);
#1477=LINE('',#10003,#2038);
#1478=LINE('',#10006,#2039);
#1479=LINE('',#10008,#2040);
#1480=LINE('',#10009,#2041);
#1481=LINE('',#10034,#2042);
#1482=LINE('',#10059,#2043);
#1483=LINE('',#10084,#2044);
#1484=LINE('',#10108,#2045);
#1485=LINE('',#10133,#2046);
#1486=LINE('',#10158,#2047);
#1487=LINE('',#10183,#2048);
#1488=LINE('',#10208,#2049);
#1489=LINE('',#10210,#2050);
#1490=LINE('',#10211,#2051);
#1491=LINE('',#10215,#2052);
#1492=LINE('',#10217,#2053);
#1493=LINE('',#10218,#2054);
#1494=LINE('',#10222,#2055);
#1495=LINE('',#10224,#2056);
#1496=LINE('',#10226,#2057);
#1497=LINE('',#10227,#2058);
#1498=LINE('',#10231,#2059);
#1499=LINE('',#10233,#2060);
#1500=LINE('',#10235,#2061);
#1501=LINE('',#10236,#2062);
#1502=LINE('',#10239,#2063);
#1503=LINE('',#10241,#2064);
#1504=LINE('',#10242,#2065);
#1505=LINE('',#10246,#2066);
#1506=LINE('',#10248,#2067);
#1507=LINE('',#10250,#2068);
#1508=LINE('',#10251,#2069);
#1509=LINE('',#10254,#2070);
#1510=LINE('',#10256,#2071);
#1511=LINE('',#10257,#2072);
#1512=LINE('',#10260,#2073);
#1513=LINE('',#10262,#2074);
#1514=LINE('',#10263,#2075);
#1515=LINE('',#10266,#2076);
#1516=LINE('',#10268,#2077);
#1517=LINE('',#10269,#2078);
#1518=LINE('',#10274,#2079);
#1519=LINE('',#10280,#2080);
#1520=LINE('',#10286,#2081);
#1521=LINE('',#10292,#2082);
#1522=LINE('',#10297,#2083);
#1523=LINE('',#10299,#2084);
#1524=LINE('',#10301,#2085);
#1525=LINE('',#10302,#2086);
#1526=LINE('',#10305,#2087);
#1527=LINE('',#10307,#2088);
#1528=LINE('',#10308,#2089);
#1529=LINE('',#10311,#2090);
#1530=LINE('',#10313,#2091);
#1531=LINE('',#10314,#2092);
#1532=LINE('',#10316,#2093);
#1533=LINE('',#10317,#2094);
#1534=LINE('',#10335,#2095);
#1535=LINE('',#10338,#2096);
#1536=LINE('',#10341,#2097);
#1537=LINE('',#10343,#2098);
#1538=LINE('',#10344,#2099);
#1539=LINE('',#10350,#2100);
#1540=LINE('',#10353,#2101);
#1541=LINE('',#10356,#2102);
#1542=LINE('',#10358,#2103);
#1543=LINE('',#10359,#2104);
#1544=LINE('',#10365,#2105);
#1545=LINE('',#10368,#2106);
#1546=LINE('',#10371,#2107);
#1547=LINE('',#10373,#2108);
#1548=LINE('',#10374,#2109);
#1549=LINE('',#10380,#2110);
#1550=LINE('',#10383,#2111);
#1551=LINE('',#10386,#2112);
#1552=LINE('',#10388,#2113);
#1553=LINE('',#10389,#2114);
#1554=LINE('',#10395,#2115);
#1555=LINE('',#10398,#2116);
#1556=LINE('',#10401,#2117);
#1557=LINE('',#10403,#2118);
#1558=LINE('',#10404,#2119);
#1559=LINE('',#10410,#2120);
#1560=LINE('',#10413,#2121);
#1561=LINE('',#10416,#2122);
#1562=LINE('',#10418,#2123);
#1563=LINE('',#10419,#2124);
#1564=LINE('',#10425,#2125);
#1565=LINE('',#10428,#2126);
#1566=LINE('',#10431,#2127);
#1567=LINE('',#10433,#2128);
#1568=LINE('',#10434,#2129);
#1569=LINE('',#10440,#2130);
#1570=LINE('',#10443,#2131);
#1571=LINE('',#10446,#2132);
#1572=LINE('',#10448,#2133);
#1573=LINE('',#10449,#2134);
#1574=LINE('',#10455,#2135);
#1575=LINE('',#10458,#2136);
#1576=LINE('',#10461,#2137);
#1577=LINE('',#10463,#2138);
#1578=LINE('',#10464,#2139);
#1579=LINE('',#10470,#2140);
#1580=LINE('',#10473,#2141);
#1581=LINE('',#10475,#2142);
#1582=LINE('',#10476,#2143);
#1583=LINE('',#10482,#2144);
#1584=LINE('',#10485,#2145);
#1585=LINE('',#10487,#2146);
#1586=LINE('',#10488,#2147);
#1587=LINE('',#10494,#2148);
#1588=LINE('',#10497,#2149);
#1589=LINE('',#10499,#2150);
#1590=LINE('',#10500,#2151);
#1591=LINE('',#10506,#2152);
#1592=LINE('',#10509,#2153);
#1593=LINE('',#10511,#2154);
#1594=LINE('',#10512,#2155);
#1595=LINE('',#10518,#2156);
#1596=LINE('',#10521,#2157);
#1597=LINE('',#10523,#2158);
#1598=LINE('',#10524,#2159);
#1599=LINE('',#10530,#2160);
#1600=LINE('',#10533,#2161);
#1601=LINE('',#10535,#2162);
#1602=LINE('',#10536,#2163);
#1603=LINE('',#10542,#2164);
#1604=LINE('',#10545,#2165);
#1605=LINE('',#10547,#2166);
#1606=LINE('',#10548,#2167);
#1607=LINE('',#10554,#2168);
#1608=LINE('',#10557,#2169);
#1609=LINE('',#10559,#2170);
#1610=LINE('',#10560,#2171);
#1611=LINE('',#10566,#2172);
#1612=LINE('',#10569,#2173);
#1613=LINE('',#10571,#2174);
#1614=LINE('',#10572,#2175);
#1615=LINE('',#10578,#2176);
#1616=LINE('',#10581,#2177);
#1617=LINE('',#10583,#2178);
#1618=LINE('',#10584,#2179);
#1619=LINE('',#10590,#2180);
#1620=LINE('',#10593,#2181);
#1621=LINE('',#10595,#2182);
#1622=LINE('',#10596,#2183);
#1623=LINE('',#10602,#2184);
#1624=LINE('',#10605,#2185);
#1625=LINE('',#10607,#2186);
#1626=LINE('',#10608,#2187);
#1627=LINE('',#10614,#2188);
#1628=LINE('',#10617,#2189);
#1629=LINE('',#10619,#2190);
#1630=LINE('',#10620,#2191);
#1631=LINE('',#10626,#2192);
#1632=LINE('',#10629,#2193);
#1633=LINE('',#10631,#2194);
#1634=LINE('',#10632,#2195);
#1635=LINE('',#10638,#2196);
#1636=LINE('',#10641,#2197);
#1637=LINE('',#10643,#2198);
#1638=LINE('',#10644,#2199);
#1639=LINE('',#10650,#2200);
#1640=LINE('',#10653,#2201);
#1641=LINE('',#10655,#2202);
#1642=LINE('',#10656,#2203);
#1643=LINE('',#10662,#2204);
#1644=LINE('',#10665,#2205);
#1645=LINE('',#10667,#2206);
#1646=LINE('',#10668,#2207);
#1647=LINE('',#10674,#2208);
#1648=LINE('',#10677,#2209);
#1649=LINE('',#10679,#2210);
#1650=LINE('',#10680,#2211);
#1651=LINE('',#10685,#2212);
#1652=LINE('',#10688,#2213);
#1653=LINE('',#10689,#2214);
#1654=LINE('',#10694,#2215);
#1655=LINE('',#10697,#2216);
#1656=LINE('',#10698,#2217);
#1657=LINE('',#10703,#2218);
#1658=LINE('',#10706,#2219);
#1659=LINE('',#10707,#2220);
#1660=LINE('',#10712,#2221);
#1661=LINE('',#10715,#2222);
#1662=LINE('',#10716,#2223);
#1663=LINE('',#10721,#2224);
#1664=LINE('',#10724,#2225);
#1665=LINE('',#10725,#2226);
#1666=LINE('',#10730,#2227);
#1667=LINE('',#10733,#2228);
#1668=LINE('',#10734,#2229);
#1669=LINE('',#10739,#2230);
#1670=LINE('',#10742,#2231);
#1671=LINE('',#10743,#2232);
#1672=LINE('',#10748,#2233);
#1673=LINE('',#10751,#2234);
#1674=LINE('',#10752,#2235);
#1675=LINE('',#10757,#2236);
#1676=LINE('',#10760,#2237);
#1677=LINE('',#10761,#2238);
#1678=LINE('',#10767,#2239);
#1679=LINE('',#10770,#2240);
#1680=LINE('',#10773,#2241);
#1681=LINE('',#10775,#2242);
#1682=LINE('',#10776,#2243);
#1683=LINE('',#10779,#2244);
#1684=LINE('',#10783,#2245);
#1685=LINE('',#10787,#2246);
#1686=LINE('',#10791,#2247);
#1687=LINE('',#10793,#2248);
#1688=LINE('',#10795,#2249);
#1689=LINE('',#10796,#2250);
#1690=LINE('',#10800,#2251);
#1691=LINE('',#10803,#2252);
#1692=LINE('',#10804,#2253);
#1693=LINE('',#10808,#2254);
#1694=LINE('',#10811,#2255);
#1695=LINE('',#10812,#2256);
#1696=LINE('',#10816,#2257);
#1697=LINE('',#10820,#2258);
#1698=LINE('',#10821,#2259);
#1699=LINE('',#10822,#2260);
#1700=LINE('',#10825,#2261);
#1701=LINE('',#10826,#2262);
#1702=LINE('',#10829,#2263);
#1703=LINE('',#10830,#2264);
#1704=LINE('',#10832,#2265);
#1705=LINE('',#10834,#2266);
#1706=VECTOR('',#6148,10.);
#1707=VECTOR('',#6149,10.);
#1708=VECTOR('',#6150,10.);
#1709=VECTOR('',#6151,10.);
#1710=VECTOR('',#6154,10.);
#1711=VECTOR('',#6155,10.);
#1712=VECTOR('',#6156,10.);
#1713=VECTOR('',#6159,10.);
#1714=VECTOR('',#6160,10.);
#1715=VECTOR('',#6161,10.);
#1716=VECTOR('',#6164,10.);
#1717=VECTOR('',#6165,10.);
#1718=VECTOR('',#6166,10.);
#1719=VECTOR('',#6169,10.);
#1720=VECTOR('',#6170,10.);
#1721=VECTOR('',#6171,10.);
#1722=VECTOR('',#6174,10.);
#1723=VECTOR('',#6175,10.);
#1724=VECTOR('',#6176,10.);
#1725=VECTOR('',#6179,10.);
#1726=VECTOR('',#6180,10.);
#1727=VECTOR('',#6181,10.);
#1728=VECTOR('',#6184,10.);
#1729=VECTOR('',#6185,10.);
#1730=VECTOR('',#6186,10.);
#1731=VECTOR('',#6189,10.);
#1732=VECTOR('',#6190,10.);
#1733=VECTOR('',#6191,10.);
#1734=VECTOR('',#6194,10.);
#1735=VECTOR('',#6195,10.);
#1736=VECTOR('',#6196,10.);
#1737=VECTOR('',#6199,10.);
#1738=VECTOR('',#6200,10.);
#1739=VECTOR('',#6201,10.);
#1740=VECTOR('',#6204,10.);
#1741=VECTOR('',#6205,10.);
#1742=VECTOR('',#6208,10.);
#1743=VECTOR('',#6209,10.);
#1744=VECTOR('',#6210,10.);
#1745=VECTOR('',#6211,10.);
#1746=VECTOR('',#6212,10.);
#1747=VECTOR('',#6213,10.);
#1748=VECTOR('',#6214,10.);
#1749=VECTOR('',#6215,10.);
#1750=VECTOR('',#6216,10.);
#1751=VECTOR('',#6217,10.);
#1752=VECTOR('',#6218,10.);
#1753=VECTOR('',#6219,10.);
#1754=VECTOR('',#6220,10.);
#1755=VECTOR('',#6223,10.);
#1756=VECTOR('',#6224,10.);
#1757=VECTOR('',#6225,10.);
#1758=VECTOR('',#6226,10.);
#1759=VECTOR('',#6227,10.);
#1760=VECTOR('',#6228,10.);
#1761=VECTOR('',#6231,10.);
#1762=VECTOR('',#6232,10.);
#1763=VECTOR('',#6233,10.);
#1764=VECTOR('',#6234,10.);
#1765=VECTOR('',#6235,10.);
#1766=VECTOR('',#6236,10.);
#1767=VECTOR('',#6237,10.);
#1768=VECTOR('',#6238,10.);
#1769=VECTOR('',#6239,10.);
#1770=VECTOR('',#6240,10.);
#1771=VECTOR('',#6241,10.);
#1772=VECTOR('',#6242,10.);
#1773=VECTOR('',#6243,10.);
#1774=VECTOR('',#6244,10.);
#1775=VECTOR('',#6249,10.);
#1776=VECTOR('',#6250,10.);
#1777=VECTOR('',#6251,10.);
#1778=VECTOR('',#6252,10.);
#1779=VECTOR('',#6255,10.);
#1780=VECTOR('',#6256,10.);
#1781=VECTOR('',#6257,10.);
#1782=VECTOR('',#6260,10.);
#1783=VECTOR('',#6261,10.);
#1784=VECTOR('',#6262,10.);
#1785=VECTOR('',#6265,10.);
#1786=VECTOR('',#6266,10.);
#1787=VECTOR('',#6267,10.);
#1788=VECTOR('',#6270,10.);
#1789=VECTOR('',#6271,10.);
#1790=VECTOR('',#6272,10.);
#1791=VECTOR('',#6273,10.);
#1792=VECTOR('',#6276,10.);
#1793=VECTOR('',#6277,10.);
#1794=VECTOR('',#6278,10.);
#1795=VECTOR('',#6281,10.);
#1796=VECTOR('',#6282,10.);
#1797=VECTOR('',#6283,10.);
#1798=VECTOR('',#6284,10.);
#1799=VECTOR('',#6287,10.);
#1800=VECTOR('',#6288,10.);
#1801=VECTOR('',#6289,10.);
#1802=VECTOR('',#6292,10.);
#1803=VECTOR('',#6293,10.);
#1804=VECTOR('',#6294,10.);
#1805=VECTOR('',#6297,10.);
#1806=VECTOR('',#6298,10.);
#1807=VECTOR('',#6299,10.);
#1808=VECTOR('',#6302,10.);
#1809=VECTOR('',#6303,10.);
#1810=VECTOR('',#6308,10.);
#1811=VECTOR('',#6309,10.);
#1812=VECTOR('',#6310,10.);
#1813=VECTOR('',#6311,10.);
#1814=VECTOR('',#6312,10.);
#1815=VECTOR('',#6313,10.);
#1816=VECTOR('',#6314,10.);
#1817=VECTOR('',#6315,10.);
#1818=VECTOR('',#6318,10.);
#1819=VECTOR('',#6319,10.);
#1820=VECTOR('',#6320,10.);
#1821=VECTOR('',#6321,10.);
#1822=VECTOR('',#6322,10.);
#1823=VECTOR('',#6325,10.);
#1824=VECTOR('',#6326,10.);
#1825=VECTOR('',#6327,10.);
#1826=VECTOR('',#6328,10.);
#1827=VECTOR('',#6329,10.);
#1828=VECTOR('',#6330,10.);
#1829=VECTOR('',#6331,10.);
#1830=VECTOR('',#6332,10.);
#1831=VECTOR('',#6333,10.);
#1832=VECTOR('',#6336,10.);
#1833=VECTOR('',#6337,10.);
#1834=VECTOR('',#6338,10.);
#1835=VECTOR('',#6339,10.);
#1836=VECTOR('',#6342,10.);
#1837=VECTOR('',#6343,10.);
#1838=VECTOR('',#6344,10.);
#1839=VECTOR('',#6347,10.);
#1840=VECTOR('',#6348,10.);
#1841=VECTOR('',#6349,10.);
#1842=VECTOR('',#6352,10.);
#1843=VECTOR('',#6353,10.);
#1844=VECTOR('',#6354,10.);
#1845=VECTOR('',#6355,10.);
#1846=VECTOR('',#6356,10.);
#1847=VECTOR('',#6357,10.);
#1848=VECTOR('',#6358,10.);
#1849=VECTOR('',#6359,10.);
#1850=VECTOR('',#6362,10.);
#1851=VECTOR('',#6363,10.);
#1852=VECTOR('',#6364,10.);
#1853=VECTOR('',#6365,10.);
#1854=VECTOR('',#6366,10.);
#1855=VECTOR('',#6369,10.);
#1856=VECTOR('',#6370,10.);
#1857=VECTOR('',#6371,10.);
#1858=VECTOR('',#6374,10.);
#1859=VECTOR('',#6375,10.);
#1860=VECTOR('',#6376,10.);
#1861=VECTOR('',#6377,10.);
#1862=VECTOR('',#6378,10.);
#1863=VECTOR('',#6379,10.);
#1864=VECTOR('',#6380,10.);
#1865=VECTOR('',#6383,10.);
#1866=VECTOR('',#6384,10.);
#1867=VECTOR('',#6385,10.);
#1868=VECTOR('',#6388,10.);
#1869=VECTOR('',#6389,10.);
#1870=VECTOR('',#6396,10.);
#1871=VECTOR('',#6397,10.);
#1872=VECTOR('',#6398,10.);
#1873=VECTOR('',#6399,10.);
#1874=VECTOR('',#6402,10.);
#1875=VECTOR('',#6403,10.);
#1876=VECTOR('',#6404,10.);
#1877=VECTOR('',#6407,10.);
#1878=VECTOR('',#6408,10.);
#1879=VECTOR('',#6409,10.);
#1880=VECTOR('',#6412,10.);
#1881=VECTOR('',#6413,10.);
#1882=VECTOR('',#6414,10.);
#1883=VECTOR('',#6415,10.);
#1884=VECTOR('',#6418,10.);
#1885=VECTOR('',#6419,10.);
#1886=VECTOR('',#6420,10.);
#1887=VECTOR('',#6423,10.);
#1888=VECTOR('',#6424,10.);
#1889=VECTOR('',#6425,10.);
#1890=VECTOR('',#6426,10.);
#1891=VECTOR('',#6429,10.);
#1892=VECTOR('',#6430,10.);
#1893=VECTOR('',#6431,10.);
#1894=VECTOR('',#6432,10.);
#1895=VECTOR('',#6433,10.);
#1896=VECTOR('',#6434,10.);
#1897=VECTOR('',#6435,10.);
#1898=VECTOR('',#6438,10.);
#1899=VECTOR('',#6439,10.);
#1900=VECTOR('',#6440,10.);
#1901=VECTOR('',#6443,10.);
#1902=VECTOR('',#6444,10.);
#1903=VECTOR('',#6445,10.);
#1904=VECTOR('',#6448,10.);
#1905=VECTOR('',#6449,10.);
#1906=VECTOR('',#6450,10.);
#1907=VECTOR('',#6453,10.);
#1908=VECTOR('',#6454,10.);
#1909=VECTOR('',#6461,10.);
#1910=VECTOR('',#6462,10.);
#1911=VECTOR('',#6463,10.);
#1912=VECTOR('',#6464,10.);
#1913=VECTOR('',#6467,10.);
#1914=VECTOR('',#6468,10.);
#1915=VECTOR('',#6469,10.);
#1916=VECTOR('',#6472,10.);
#1917=VECTOR('',#6473,10.);
#1918=VECTOR('',#6474,10.);
#1919=VECTOR('',#6477,10.);
#1920=VECTOR('',#6478,10.);
#1921=VECTOR('',#6479,10.);
#1922=VECTOR('',#6482,10.);
#1923=VECTOR('',#6483,10.);
#1924=VECTOR('',#6484,10.);
#1925=VECTOR('',#6487,10.);
#1926=VECTOR('',#6488,10.);
#1927=VECTOR('',#6489,10.);
#1928=VECTOR('',#6492,10.);
#1929=VECTOR('',#6493,10.);
#1930=VECTOR('',#6494,10.);
#1931=VECTOR('',#6497,10.);
#1932=VECTOR('',#6498,10.);
#1933=VECTOR('',#6499,10.);
#1934=VECTOR('',#6502,10.);
#1935=VECTOR('',#6503,10.);
#1936=VECTOR('',#6504,10.);
#1937=VECTOR('',#6507,10.);
#1938=VECTOR('',#6508,10.);
#1939=VECTOR('',#6509,10.);
#1940=VECTOR('',#6512,10.);
#1941=VECTOR('',#6513,10.);
#1942=VECTOR('',#6514,10.);
#1943=VECTOR('',#6517,10.);
#1944=VECTOR('',#6518,10.);
#1945=VECTOR('',#6521,10.);
#1946=VECTOR('',#6522,10.);
#1947=VECTOR('',#6523,10.);
#1948=VECTOR('',#6524,10.);
#1949=VECTOR('',#6527,10.);
#1950=VECTOR('',#6528,10.);
#1951=VECTOR('',#6529,10.);
#1952=VECTOR('',#6532,10.);
#1953=VECTOR('',#6533,10.);
#1954=VECTOR('',#6534,10.);
#1955=VECTOR('',#6537,10.);
#1956=VECTOR('',#6538,10.);
#1957=VECTOR('',#6539,10.);
#1958=VECTOR('',#6540,10.);
#1959=VECTOR('',#6541,10.);
#1960=VECTOR('',#6542,10.);
#1961=VECTOR('',#6543,10.);
#1962=VECTOR('',#6544,10.);
#1963=VECTOR('',#6545,10.);
#1964=VECTOR('',#6548,10.);
#1965=VECTOR('',#6549,10.);
#1966=VECTOR('',#6550,10.);
#1967=VECTOR('',#6551,10.);
#1968=VECTOR('',#6552,10.);
#1969=VECTOR('',#6553,10.);
#1970=VECTOR('',#6556,10.);
#1971=VECTOR('',#6557,10.);
#1972=VECTOR('',#6558,10.);
#1973=VECTOR('',#6561,10.);
#1974=VECTOR('',#6562,10.);
#1975=VECTOR('',#6563,10.);
#1976=VECTOR('',#6564,10.);
#1977=VECTOR('',#6565,10.);
#1978=VECTOR('',#6566,10.);
#1979=VECTOR('',#6567,10.);
#1980=VECTOR('',#6574,10.);
#1981=VECTOR('',#6575,10.);
#1982=VECTOR('',#6576,10.);
#1983=VECTOR('',#6577,10.);
#1984=VECTOR('',#6580,10.);
#1985=VECTOR('',#6581,10.);
#1986=VECTOR('',#6582,10.);
#1987=VECTOR('',#6585,10.);
#1988=VECTOR('',#6586,10.);
#1989=VECTOR('',#6587,10.);
#1990=VECTOR('',#6590,10.);
#1991=VECTOR('',#6591,10.);
#1992=VECTOR('',#6592,10.);
#1993=VECTOR('',#6595,10.);
#1994=VECTOR('',#6596,10.);
#1995=VECTOR('',#6597,10.);
#1996=VECTOR('',#6600,10.);
#1997=VECTOR('',#6601,10.);
#1998=VECTOR('',#6602,10.);
#1999=VECTOR('',#6605,10.);
#2000=VECTOR('',#6606,10.);
#2001=VECTOR('',#6607,10.);
#2002=VECTOR('',#6610,10.);
#2003=VECTOR('',#6611,10.);
#2004=VECTOR('',#6612,10.);
#2005=VECTOR('',#6615,10.);
#2006=VECTOR('',#6616,10.);
#2007=VECTOR('',#6617,10.);
#2008=VECTOR('',#6620,10.);
#2009=VECTOR('',#6621,10.);
#2010=VECTOR('',#6622,10.);
#2011=VECTOR('',#6625,10.);
#2012=VECTOR('',#6626,10.);
#2013=VECTOR('',#6627,10.);
#2014=VECTOR('',#6630,10.);
#2015=VECTOR('',#6631,10.);
#2016=VECTOR('',#6634,10.);
#2017=VECTOR('',#6635,10.);
#2018=VECTOR('',#6636,10.);
#2019=VECTOR('',#6637,10.);
#2020=VECTOR('',#6638,10.);
#2021=VECTOR('',#6639,10.);
#2022=VECTOR('',#6640,10.);
#2023=VECTOR('',#6641,10.);
#2024=VECTOR('',#6642,10.);
#2025=VECTOR('',#6645,10.);
#2026=VECTOR('',#6646,10.);
#2027=VECTOR('',#6647,10.);
#2028=VECTOR('',#6650,10.);
#2029=VECTOR('',#6651,10.);
#2030=VECTOR('',#6652,10.);
#2031=VECTOR('',#6655,10.);
#2032=VECTOR('',#6656,10.);
#2033=VECTOR('',#6657,10.);
#2034=VECTOR('',#6660,10.);
#2035=VECTOR('',#6661,10.);
#2036=VECTOR('',#6662,10.);
#2037=VECTOR('',#6663,10.);
#2038=VECTOR('',#6664,10.);
#2039=VECTOR('',#6667,10.);
#2040=VECTOR('',#6668,10.);
#2041=VECTOR('',#6669,10.);
#2042=VECTOR('',#6670,10.);
#2043=VECTOR('',#6671,10.);
#2044=VECTOR('',#6672,10.);
#2045=VECTOR('',#6673,10.);
#2046=VECTOR('',#6674,10.);
#2047=VECTOR('',#6675,10.);
#2048=VECTOR('',#6676,10.);
#2049=VECTOR('',#6677,10.);
#2050=VECTOR('',#6680,10.);
#2051=VECTOR('',#6681,10.);
#2052=VECTOR('',#6686,10.);
#2053=VECTOR('',#6687,10.);
#2054=VECTOR('',#6688,10.);
#2055=VECTOR('',#6691,10.);
#2056=VECTOR('',#6692,10.);
#2057=VECTOR('',#6693,10.);
#2058=VECTOR('',#6694,10.);
#2059=VECTOR('',#6697,10.);
#2060=VECTOR('',#6698,10.);
#2061=VECTOR('',#6699,10.);
#2062=VECTOR('',#6700,10.);
#2063=VECTOR('',#6703,10.);
#2064=VECTOR('',#6704,10.);
#2065=VECTOR('',#6705,10.);
#2066=VECTOR('',#6708,10.);
#2067=VECTOR('',#6709,10.);
#2068=VECTOR('',#6710,10.);
#2069=VECTOR('',#6711,10.);
#2070=VECTOR('',#6714,10.);
#2071=VECTOR('',#6715,10.);
#2072=VECTOR('',#6716,10.);
#2073=VECTOR('',#6719,10.);
#2074=VECTOR('',#6720,10.);
#2075=VECTOR('',#6721,10.);
#2076=VECTOR('',#6724,10.);
#2077=VECTOR('',#6725,10.);
#2078=VECTOR('',#6726,10.);
#2079=VECTOR('',#6731,1.7);
#2080=VECTOR('',#6738,1.7);
#2081=VECTOR('',#6745,1.7);
#2082=VECTOR('',#6752,1.7);
#2083=VECTOR('',#6757,10.);
#2084=VECTOR('',#6758,10.);
#2085=VECTOR('',#6759,10.);
#2086=VECTOR('',#6760,10.);
#2087=VECTOR('',#6763,10.);
#2088=VECTOR('',#6764,10.);
#2089=VECTOR('',#6765,10.);
#2090=VECTOR('',#6768,10.);
#2091=VECTOR('',#6769,10.);
#2092=VECTOR('',#6770,10.);
#2093=VECTOR('',#6773,10.);
#2094=VECTOR('',#6774,10.);
#2095=VECTOR('',#6803,10.);
#2096=VECTOR('',#6806,10.);
#2097=VECTOR('',#6809,10.);
#2098=VECTOR('',#6810,10.);
#2099=VECTOR('',#6811,10.);
#2100=VECTOR('',#6816,10.);
#2101=VECTOR('',#6819,10.);
#2102=VECTOR('',#6822,10.);
#2103=VECTOR('',#6823,10.);
#2104=VECTOR('',#6824,10.);
#2105=VECTOR('',#6829,10.);
#2106=VECTOR('',#6832,10.);
#2107=VECTOR('',#6835,10.);
#2108=VECTOR('',#6836,10.);
#2109=VECTOR('',#6837,10.);
#2110=VECTOR('',#6842,10.);
#2111=VECTOR('',#6845,10.);
#2112=VECTOR('',#6848,10.);
#2113=VECTOR('',#6849,10.);
#2114=VECTOR('',#6850,10.);
#2115=VECTOR('',#6855,10.);
#2116=VECTOR('',#6858,10.);
#2117=VECTOR('',#6861,10.);
#2118=VECTOR('',#6862,10.);
#2119=VECTOR('',#6863,10.);
#2120=VECTOR('',#6868,10.);
#2121=VECTOR('',#6871,10.);
#2122=VECTOR('',#6874,10.);
#2123=VECTOR('',#6875,10.);
#2124=VECTOR('',#6876,10.);
#2125=VECTOR('',#6881,10.);
#2126=VECTOR('',#6884,10.);
#2127=VECTOR('',#6887,10.);
#2128=VECTOR('',#6888,10.);
#2129=VECTOR('',#6889,10.);
#2130=VECTOR('',#6894,10.);
#2131=VECTOR('',#6897,10.);
#2132=VECTOR('',#6900,10.);
#2133=VECTOR('',#6901,10.);
#2134=VECTOR('',#6902,10.);
#2135=VECTOR('',#6907,10.);
#2136=VECTOR('',#6910,10.);
#2137=VECTOR('',#6913,10.);
#2138=VECTOR('',#6914,10.);
#2139=VECTOR('',#6915,10.);
#2140=VECTOR('',#6920,10.);
#2141=VECTOR('',#6923,10.);
#2142=VECTOR('',#6926,10.);
#2143=VECTOR('',#6927,10.);
#2144=VECTOR('',#6932,10.);
#2145=VECTOR('',#6935,10.);
#2146=VECTOR('',#6938,10.);
#2147=VECTOR('',#6939,10.);
#2148=VECTOR('',#6944,10.);
#2149=VECTOR('',#6947,10.);
#2150=VECTOR('',#6950,10.);
#2151=VECTOR('',#6951,10.);
#2152=VECTOR('',#6956,10.);
#2153=VECTOR('',#6959,10.);
#2154=VECTOR('',#6962,10.);
#2155=VECTOR('',#6963,10.);
#2156=VECTOR('',#6968,10.);
#2157=VECTOR('',#6971,10.);
#2158=VECTOR('',#6974,10.);
#2159=VECTOR('',#6975,10.);
#2160=VECTOR('',#6980,10.);
#2161=VECTOR('',#6983,10.);
#2162=VECTOR('',#6986,10.);
#2163=VECTOR('',#6987,10.);
#2164=VECTOR('',#6992,10.);
#2165=VECTOR('',#6995,10.);
#2166=VECTOR('',#6998,10.);
#2167=VECTOR('',#6999,10.);
#2168=VECTOR('',#7004,10.);
#2169=VECTOR('',#7007,10.);
#2170=VECTOR('',#7010,10.);
#2171=VECTOR('',#7011,10.);
#2172=VECTOR('',#7016,10.);
#2173=VECTOR('',#7019,10.);
#2174=VECTOR('',#7022,10.);
#2175=VECTOR('',#7023,10.);
#2176=VECTOR('',#7028,10.);
#2177=VECTOR('',#7031,10.);
#2178=VECTOR('',#7034,10.);
#2179=VECTOR('',#7035,10.);
#2180=VECTOR('',#7040,10.);
#2181=VECTOR('',#7043,10.);
#2182=VECTOR('',#7046,10.);
#2183=VECTOR('',#7047,10.);
#2184=VECTOR('',#7052,10.);
#2185=VECTOR('',#7055,10.);
#2186=VECTOR('',#7058,10.);
#2187=VECTOR('',#7059,10.);
#2188=VECTOR('',#7064,10.);
#2189=VECTOR('',#7067,10.);
#2190=VECTOR('',#7070,10.);
#2191=VECTOR('',#7071,10.);
#2192=VECTOR('',#7076,10.);
#2193=VECTOR('',#7079,10.);
#2194=VECTOR('',#7082,10.);
#2195=VECTOR('',#7083,10.);
#2196=VECTOR('',#7088,10.);
#2197=VECTOR('',#7091,10.);
#2198=VECTOR('',#7094,10.);
#2199=VECTOR('',#7095,10.);
#2200=VECTOR('',#7100,10.);
#2201=VECTOR('',#7103,10.);
#2202=VECTOR('',#7106,10.);
#2203=VECTOR('',#7107,10.);
#2204=VECTOR('',#7112,10.);
#2205=VECTOR('',#7115,10.);
#2206=VECTOR('',#7118,10.);
#2207=VECTOR('',#7119,10.);
#2208=VECTOR('',#7124,10.);
#2209=VECTOR('',#7127,10.);
#2210=VECTOR('',#7130,10.);
#2211=VECTOR('',#7131,10.);
#2212=VECTOR('',#7136,10.);
#2213=VECTOR('',#7141,10.);
#2214=VECTOR('',#7142,10.);
#2215=VECTOR('',#7147,10.);
#2216=VECTOR('',#7152,10.);
#2217=VECTOR('',#7153,10.);
#2218=VECTOR('',#7158,10.);
#2219=VECTOR('',#7163,10.);
#2220=VECTOR('',#7164,10.);
#2221=VECTOR('',#7169,10.);
#2222=VECTOR('',#7174,10.);
#2223=VECTOR('',#7175,10.);
#2224=VECTOR('',#7180,10.);
#2225=VECTOR('',#7185,10.);
#2226=VECTOR('',#7186,10.);
#2227=VECTOR('',#7191,10.);
#2228=VECTOR('',#7196,10.);
#2229=VECTOR('',#7197,10.);
#2230=VECTOR('',#7202,10.);
#2231=VECTOR('',#7207,10.);
#2232=VECTOR('',#7208,10.);
#2233=VECTOR('',#7213,10.);
#2234=VECTOR('',#7218,10.);
#2235=VECTOR('',#7219,10.);
#2236=VECTOR('',#7224,10.);
#2237=VECTOR('',#7229,10.);
#2238=VECTOR('',#7230,10.);
#2239=VECTOR('',#7235,10.);
#2240=VECTOR('',#7238,10.);
#2241=VECTOR('',#7241,10.);
#2242=VECTOR('',#7242,10.);
#2243=VECTOR('',#7243,10.);
#2244=VECTOR('',#7246,10.);
#2245=VECTOR('',#7249,10.);
#2246=VECTOR('',#7252,10.);
#2247=VECTOR('',#7255,10.);
#2248=VECTOR('',#7256,10.);
#2249=VECTOR('',#7257,10.);
#2250=VECTOR('',#7258,10.);
#2251=VECTOR('',#7263,10.);
#2252=VECTOR('',#7266,10.);
#2253=VECTOR('',#7267,10.);
#2254=VECTOR('',#7272,10.);
#2255=VECTOR('',#7275,10.);
#2256=VECTOR('',#7276,10.);
#2257=VECTOR('',#7281,10.);
#2258=VECTOR('',#7284,10.);
#2259=VECTOR('',#7285,10.);
#2260=VECTOR('',#7286,10.);
#2261=VECTOR('',#7289,10.);
#2262=VECTOR('',#7290,10.);
#2263=VECTOR('',#7293,10.);
#2264=VECTOR('',#7294,10.);
#2265=VECTOR('',#7297,10.);
#2266=VECTOR('',#7300,10.);
#2267=VERTEX_POINT('',#7305);
#2268=VERTEX_POINT('',#7306);
#2269=VERTEX_POINT('',#7308);
#2270=VERTEX_POINT('',#7310);
#2271=VERTEX_POINT('',#7314);
#2272=VERTEX_POINT('',#7316);
#2273=VERTEX_POINT('',#7320);
#2274=VERTEX_POINT('',#7322);
#2275=VERTEX_POINT('',#7326);
#2276=VERTEX_POINT('',#7328);
#2277=VERTEX_POINT('',#7332);
#2278=VERTEX_POINT('',#7334);
#2279=VERTEX_POINT('',#7338);
#2280=VERTEX_POINT('',#7340);
#2281=VERTEX_POINT('',#7344);
#2282=VERTEX_POINT('',#7346);
#2283=VERTEX_POINT('',#7350);
#2284=VERTEX_POINT('',#7352);
#2285=VERTEX_POINT('',#7356);
#2286=VERTEX_POINT('',#7358);
#2287=VERTEX_POINT('',#7362);
#2288=VERTEX_POINT('',#7364);
#2289=VERTEX_POINT('',#7368);
#2290=VERTEX_POINT('',#7370);
#2291=VERTEX_POINT('',#7387);
#2292=VERTEX_POINT('',#7388);
#2293=VERTEX_POINT('',#7396);
#2294=VERTEX_POINT('',#7398);
#2295=VERTEX_POINT('',#7415);
#2296=VERTEX_POINT('',#7423);
#2297=VERTEX_POINT('',#7440);
#2298=VERTEX_POINT('',#7448);
#2299=VERTEX_POINT('',#7465);
#2300=VERTEX_POINT('',#7473);
#2301=VERTEX_POINT('',#7490);
#2302=VERTEX_POINT('',#7498);
#2303=VERTEX_POINT('',#7515);
#2304=VERTEX_POINT('',#7523);
#2305=VERTEX_POINT('',#7540);
#2306=VERTEX_POINT('',#7548);
#2307=VERTEX_POINT('',#7565);
#2308=VERTEX_POINT('',#7573);
#2309=VERTEX_POINT('',#7590);
#2310=VERTEX_POINT('',#7598);
#2311=VERTEX_POINT('',#7615);
#2312=VERTEX_POINT('',#7623);
#2313=VERTEX_POINT('',#7640);
#2314=VERTEX_POINT('',#7647);
#2315=VERTEX_POINT('',#7664);
#2316=VERTEX_POINT('',#7672);
#2317=VERTEX_POINT('',#7680);
#2318=VERTEX_POINT('',#7682);
#2319=VERTEX_POINT('',#7695);
#2320=VERTEX_POINT('',#7703);
#2321=VERTEX_POINT('',#7720);
#2322=VERTEX_POINT('',#7728);
#2323=VERTEX_POINT('',#7745);
#2324=VERTEX_POINT('',#7753);
#2325=VERTEX_POINT('',#7761);
#2326=VERTEX_POINT('',#7763);
#2327=VERTEX_POINT('',#7776);
#2328=VERTEX_POINT('',#7784);
#2329=VERTEX_POINT('',#7801);
#2330=VERTEX_POINT('',#7809);
#2331=VERTEX_POINT('',#7826);
#2332=VERTEX_POINT('',#7834);
#2333=VERTEX_POINT('',#7851);
#2334=VERTEX_POINT('',#7859);
#2335=VERTEX_POINT('',#7876);
#2336=VERTEX_POINT('',#7884);
#2337=VERTEX_POINT('',#7901);
#2338=VERTEX_POINT('',#7909);
#2339=VERTEX_POINT('',#7926);
#2340=VERTEX_POINT('',#7934);
#2341=VERTEX_POINT('',#7951);
#2342=VERTEX_POINT('',#7959);
#2343=VERTEX_POINT('',#7976);
#2344=VERTEX_POINT('',#7984);
#2345=VERTEX_POINT('',#8001);
#2346=VERTEX_POINT('',#8008);
#2347=VERTEX_POINT('',#8025);
#2348=VERTEX_POINT('',#8033);
#2349=VERTEX_POINT('',#8064);
#2350=VERTEX_POINT('',#8065);
#2351=VERTEX_POINT('',#8067);
#2352=VERTEX_POINT('',#8069);
#2353=VERTEX_POINT('',#8073);
#2354=VERTEX_POINT('',#8075);
#2355=VERTEX_POINT('',#8079);
#2356=VERTEX_POINT('',#8081);
#2357=VERTEX_POINT('',#8085);
#2358=VERTEX_POINT('',#8087);
#2359=VERTEX_POINT('',#8091);
#2360=VERTEX_POINT('',#8092);
#2361=VERTEX_POINT('',#8094);
#2362=VERTEX_POINT('',#8096);
#2363=VERTEX_POINT('',#8100);
#2364=VERTEX_POINT('',#8102);
#2365=VERTEX_POINT('',#8106);
#2366=VERTEX_POINT('',#8108);
#2367=VERTEX_POINT('',#8121);
#2368=VERTEX_POINT('',#8129);
#2369=VERTEX_POINT('',#8159);
#2370=VERTEX_POINT('',#8161);
#2371=VERTEX_POINT('',#8165);
#2372=VERTEX_POINT('',#8167);
#2373=VERTEX_POINT('',#8171);
#2374=VERTEX_POINT('',#8173);
#2375=VERTEX_POINT('',#8191);
#2376=VERTEX_POINT('',#8192);
#2377=VERTEX_POINT('',#8200);
#2378=VERTEX_POINT('',#8202);
#2379=VERTEX_POINT('',#8219);
#2380=VERTEX_POINT('',#8227);
#2381=VERTEX_POINT('',#8244);
#2382=VERTEX_POINT('',#8252);
#2383=VERTEX_POINT('',#8269);
#2384=VERTEX_POINT('',#8277);
#2385=VERTEX_POINT('',#8294);
#2386=VERTEX_POINT('',#8302);
#2387=VERTEX_POINT('',#8319);
#2388=VERTEX_POINT('',#8327);
#2389=VERTEX_POINT('',#8344);
#2390=VERTEX_POINT('',#8352);
#2391=VERTEX_POINT('',#8360);
#2392=VERTEX_POINT('',#8362);
#2393=VERTEX_POINT('',#8375);
#2394=VERTEX_POINT('',#8383);
#2395=VERTEX_POINT('',#8400);
#2396=VERTEX_POINT('',#8408);
#2397=VERTEX_POINT('',#8416);
#2398=VERTEX_POINT('',#8418);
#2399=VERTEX_POINT('',#8431);
#2400=VERTEX_POINT('',#8439);
#2401=VERTEX_POINT('',#8456);
#2402=VERTEX_POINT('',#8464);
#2403=VERTEX_POINT('',#8481);
#2404=VERTEX_POINT('',#8489);
#2405=VERTEX_POINT('',#8506);
#2406=VERTEX_POINT('',#8514);
#2407=VERTEX_POINT('',#8531);
#2408=VERTEX_POINT('',#8539);
#2409=VERTEX_POINT('',#8556);
#2410=VERTEX_POINT('',#8564);
#2411=VERTEX_POINT('',#8604);
#2412=VERTEX_POINT('',#8605);
#2413=VERTEX_POINT('',#8613);
#2414=VERTEX_POINT('',#8615);
#2415=VERTEX_POINT('',#8632);
#2416=VERTEX_POINT('',#8640);
#2417=VERTEX_POINT('',#8657);
#2418=VERTEX_POINT('',#8665);
#2419=VERTEX_POINT('',#8673);
#2420=VERTEX_POINT('',#8675);
#2421=VERTEX_POINT('',#8679);
#2422=VERTEX_POINT('',#8681);
#2423=VERTEX_POINT('',#8685);
#2424=VERTEX_POINT('',#8687);
#2425=VERTEX_POINT('',#8700);
#2426=VERTEX_POINT('',#8701);
#2427=VERTEX_POINT('',#8709);
#2428=VERTEX_POINT('',#8711);
#2429=VERTEX_POINT('',#8728);
#2430=VERTEX_POINT('',#8735);
#2431=VERTEX_POINT('',#8752);
#2432=VERTEX_POINT('',#8760);
#2433=VERTEX_POINT('',#8777);
#2434=VERTEX_POINT('',#8785);
#2435=VERTEX_POINT('',#8793);
#2436=VERTEX_POINT('',#8795);
#2437=VERTEX_POINT('',#8808);
#2438=VERTEX_POINT('',#8816);
#2439=VERTEX_POINT('',#8833);
#2440=VERTEX_POINT('',#8841);
#2441=VERTEX_POINT('',#8849);
#2442=VERTEX_POINT('',#8851);
#2443=VERTEX_POINT('',#8867);
#2444=VERTEX_POINT('',#8875);
#2445=VERTEX_POINT('',#8892);
#2446=VERTEX_POINT('',#8900);
#2447=VERTEX_POINT('',#8917);
#2448=VERTEX_POINT('',#8925);
#2449=VERTEX_POINT('',#8942);
#2450=VERTEX_POINT('',#8950);
#2451=VERTEX_POINT('',#8967);
#2452=VERTEX_POINT('',#8975);
#2453=VERTEX_POINT('',#8983);
#2454=VERTEX_POINT('',#8985);
#2455=VERTEX_POINT('',#8994);
#2456=VERTEX_POINT('',#8995);
#2457=VERTEX_POINT('',#8997);
#2458=VERTEX_POINT('',#8999);
#2459=VERTEX_POINT('',#9003);
#2460=VERTEX_POINT('',#9005);
#2461=VERTEX_POINT('',#9009);
#2462=VERTEX_POINT('',#9011);
#2463=VERTEX_POINT('',#9015);
#2464=VERTEX_POINT('',#9016);
#2465=VERTEX_POINT('',#9018);
#2466=VERTEX_POINT('',#9020);
#2467=VERTEX_POINT('',#9024);
#2468=VERTEX_POINT('',#9026);
#2469=VERTEX_POINT('',#9030);
#2470=VERTEX_POINT('',#9032);
#2471=VERTEX_POINT('',#9045);
#2472=VERTEX_POINT('',#9053);
#2473=VERTEX_POINT('',#9083);
#2474=VERTEX_POINT('',#9084);
#2475=VERTEX_POINT('',#9086);
#2476=VERTEX_POINT('',#9088);
#2477=VERTEX_POINT('',#9091);
#2478=VERTEX_POINT('',#9093);
#2479=VERTEX_POINT('',#9097);
#2480=VERTEX_POINT('',#9099);
#2481=VERTEX_POINT('',#9103);
#2482=VERTEX_POINT('',#9105);
#2483=VERTEX_POINT('',#9109);
#2484=VERTEX_POINT('',#9111);
#2485=VERTEX_POINT('',#9120);
#2486=VERTEX_POINT('',#9121);
#2487=VERTEX_POINT('',#9123);
#2488=VERTEX_POINT('',#9125);
#2489=VERTEX_POINT('',#9129);
#2490=VERTEX_POINT('',#9131);
#2491=VERTEX_POINT('',#9135);
#2492=VERTEX_POINT('',#9137);
#2493=VERTEX_POINT('',#9141);
#2494=VERTEX_POINT('',#9143);
#2495=VERTEX_POINT('',#9147);
#2496=VERTEX_POINT('',#9149);
#2497=VERTEX_POINT('',#9153);
#2498=VERTEX_POINT('',#9155);
#2499=VERTEX_POINT('',#9159);
#2500=VERTEX_POINT('',#9161);
#2501=VERTEX_POINT('',#9165);
#2502=VERTEX_POINT('',#9167);
#2503=VERTEX_POINT('',#9171);
#2504=VERTEX_POINT('',#9173);
#2505=VERTEX_POINT('',#9177);
#2506=VERTEX_POINT('',#9179);
#2507=VERTEX_POINT('',#9183);
#2508=VERTEX_POINT('',#9185);
#2509=VERTEX_POINT('',#9202);
#2510=VERTEX_POINT('',#9203);
#2511=VERTEX_POINT('',#9210);
#2512=VERTEX_POINT('',#9212);
#2513=VERTEX_POINT('',#9229);
#2514=VERTEX_POINT('',#9237);
#2515=VERTEX_POINT('',#9254);
#2516=VERTEX_POINT('',#9262);
#2517=VERTEX_POINT('',#9270);
#2518=VERTEX_POINT('',#9272);
#2519=VERTEX_POINT('',#9276);
#2520=VERTEX_POINT('',#9278);
#2521=VERTEX_POINT('',#9282);
#2522=VERTEX_POINT('',#9284);
#2523=VERTEX_POINT('',#9297);
#2524=VERTEX_POINT('',#9298);
#2525=VERTEX_POINT('',#9306);
#2526=VERTEX_POINT('',#9308);
#2527=VERTEX_POINT('',#9325);
#2528=VERTEX_POINT('',#9333);
#2529=VERTEX_POINT('',#9350);
#2530=VERTEX_POINT('',#9358);
#2531=VERTEX_POINT('',#9375);
#2532=VERTEX_POINT('',#9383);
#2533=VERTEX_POINT('',#9400);
#2534=VERTEX_POINT('',#9408);
#2535=VERTEX_POINT('',#9416);
#2536=VERTEX_POINT('',#9418);
#2537=VERTEX_POINT('',#9431);
#2538=VERTEX_POINT('',#9439);
#2539=VERTEX_POINT('',#9456);
#2540=VERTEX_POINT('',#9464);
#2541=VERTEX_POINT('',#9481);
#2542=VERTEX_POINT('',#9489);
#2543=VERTEX_POINT('',#9497);
#2544=VERTEX_POINT('',#9499);
#2545=VERTEX_POINT('',#9515);
#2546=VERTEX_POINT('',#9523);
#2547=VERTEX_POINT('',#9540);
#2548=VERTEX_POINT('',#9548);
#2549=VERTEX_POINT('',#9565);
#2550=VERTEX_POINT('',#9573);
#2551=VERTEX_POINT('',#9590);
#2552=VERTEX_POINT('',#9598);
#2553=VERTEX_POINT('',#9615);
#2554=VERTEX_POINT('',#9623);
#2555=VERTEX_POINT('',#9655);
#2556=VERTEX_POINT('',#9656);
#2557=VERTEX_POINT('',#9658);
#2558=VERTEX_POINT('',#9660);
#2559=VERTEX_POINT('',#9664);
#2560=VERTEX_POINT('',#9666);
#2561=VERTEX_POINT('',#9670);
#2562=VERTEX_POINT('',#9672);
#2563=VERTEX_POINT('',#9676);
#2564=VERTEX_POINT('',#9678);
#2565=VERTEX_POINT('',#9682);
#2566=VERTEX_POINT('',#9684);
#2567=VERTEX_POINT('',#9688);
#2568=VERTEX_POINT('',#9690);
#2569=VERTEX_POINT('',#9694);
#2570=VERTEX_POINT('',#9696);
#2571=VERTEX_POINT('',#9700);
#2572=VERTEX_POINT('',#9702);
#2573=VERTEX_POINT('',#9706);
#2574=VERTEX_POINT('',#9708);
#2575=VERTEX_POINT('',#9712);
#2576=VERTEX_POINT('',#9714);
#2577=VERTEX_POINT('',#9718);
#2578=VERTEX_POINT('',#9720);
#2579=VERTEX_POINT('',#9737);
#2580=VERTEX_POINT('',#9738);
#2581=VERTEX_POINT('',#9746);
#2582=VERTEX_POINT('',#9748);
#2583=VERTEX_POINT('',#9765);
#2584=VERTEX_POINT('',#9773);
#2585=VERTEX_POINT('',#9790);
#2586=VERTEX_POINT('',#9798);
#2587=VERTEX_POINT('',#9815);
#2588=VERTEX_POINT('',#9823);
#2589=VERTEX_POINT('',#9840);
#2590=VERTEX_POINT('',#9848);
#2591=VERTEX_POINT('',#9865);
#2592=VERTEX_POINT('',#9873);
#2593=VERTEX_POINT('',#9890);
#2594=VERTEX_POINT('',#9898);
#2595=VERTEX_POINT('',#9915);
#2596=VERTEX_POINT('',#9923);
#2597=VERTEX_POINT('',#9931);
#2598=VERTEX_POINT('',#9933);
#2599=VERTEX_POINT('',#9937);
#2600=VERTEX_POINT('',#9939);
#2601=VERTEX_POINT('',#9943);
#2602=VERTEX_POINT('',#9945);
#2603=VERTEX_POINT('',#9949);
#2604=VERTEX_POINT('',#9951);
#2605=VERTEX_POINT('',#9964);
#2606=VERTEX_POINT('',#9972);
#2607=VERTEX_POINT('',#9989);
#2608=VERTEX_POINT('',#9997);
#2609=VERTEX_POINT('',#10005);
#2610=VERTEX_POINT('',#10007);
#2611=VERTEX_POINT('',#10020);
#2612=VERTEX_POINT('',#10028);
#2613=VERTEX_POINT('',#10045);
#2614=VERTEX_POINT('',#10053);
#2615=VERTEX_POINT('',#10070);
#2616=VERTEX_POINT('',#10078);
#2617=VERTEX_POINT('',#10095);
#2618=VERTEX_POINT('',#10102);
#2619=VERTEX_POINT('',#10119);
#2620=VERTEX_POINT('',#10127);
#2621=VERTEX_POINT('',#10144);
#2622=VERTEX_POINT('',#10152);
#2623=VERTEX_POINT('',#10169);
#2624=VERTEX_POINT('',#10177);
#2625=VERTEX_POINT('',#10194);
#2626=VERTEX_POINT('',#10202);
#2627=VERTEX_POINT('',#10214);
#2628=VERTEX_POINT('',#10216);
#2629=VERTEX_POINT('',#10220);
#2630=VERTEX_POINT('',#10221);
#2631=VERTEX_POINT('',#10223);
#2632=VERTEX_POINT('',#10225);
#2633=VERTEX_POINT('',#10229);
#2634=VERTEX_POINT('',#10230);
#2635=VERTEX_POINT('',#10232);
#2636=VERTEX_POINT('',#10234);
#2637=VERTEX_POINT('',#10238);
#2638=VERTEX_POINT('',#10240);
#2639=VERTEX_POINT('',#10244);
#2640=VERTEX_POINT('',#10245);
#2641=VERTEX_POINT('',#10247);
#2642=VERTEX_POINT('',#10249);
#2643=VERTEX_POINT('',#10253);
#2644=VERTEX_POINT('',#10255);
#2645=VERTEX_POINT('',#10259);
#2646=VERTEX_POINT('',#10261);
#2647=VERTEX_POINT('',#10265);
#2648=VERTEX_POINT('',#10267);
#2649=VERTEX_POINT('',#10271);
#2650=VERTEX_POINT('',#10273);
#2651=VERTEX_POINT('',#10277);
#2652=VERTEX_POINT('',#10279);
#2653=VERTEX_POINT('',#10283);
#2654=VERTEX_POINT('',#10285);
#2655=VERTEX_POINT('',#10289);
#2656=VERTEX_POINT('',#10291);
#2657=VERTEX_POINT('',#10295);
#2658=VERTEX_POINT('',#10296);
#2659=VERTEX_POINT('',#10298);
#2660=VERTEX_POINT('',#10300);
#2661=VERTEX_POINT('',#10304);
#2662=VERTEX_POINT('',#10306);
#2663=VERTEX_POINT('',#10310);
#2664=VERTEX_POINT('',#10312);
#2665=VERTEX_POINT('',#10331);
#2666=VERTEX_POINT('',#10332);
#2667=VERTEX_POINT('',#10334);
#2668=VERTEX_POINT('',#10336);
#2669=VERTEX_POINT('',#10340);
#2670=VERTEX_POINT('',#10342);
#2671=VERTEX_POINT('',#10346);
#2672=VERTEX_POINT('',#10347);
#2673=VERTEX_POINT('',#10349);
#2674=VERTEX_POINT('',#10351);
#2675=VERTEX_POINT('',#10355);
#2676=VERTEX_POINT('',#10357);
#2677=VERTEX_POINT('',#10361);
#2678=VERTEX_POINT('',#10362);
#2679=VERTEX_POINT('',#10364);
#2680=VERTEX_POINT('',#10366);
#2681=VERTEX_POINT('',#10370);
#2682=VERTEX_POINT('',#10372);
#2683=VERTEX_POINT('',#10376);
#2684=VERTEX_POINT('',#10377);
#2685=VERTEX_POINT('',#10379);
#2686=VERTEX_POINT('',#10381);
#2687=VERTEX_POINT('',#10385);
#2688=VERTEX_POINT('',#10387);
#2689=VERTEX_POINT('',#10391);
#2690=VERTEX_POINT('',#10392);
#2691=VERTEX_POINT('',#10394);
#2692=VERTEX_POINT('',#10396);
#2693=VERTEX_POINT('',#10400);
#2694=VERTEX_POINT('',#10402);
#2695=VERTEX_POINT('',#10406);
#2696=VERTEX_POINT('',#10407);
#2697=VERTEX_POINT('',#10409);
#2698=VERTEX_POINT('',#10411);
#2699=VERTEX_POINT('',#10415);
#2700=VERTEX_POINT('',#10417);
#2701=VERTEX_POINT('',#10421);
#2702=VERTEX_POINT('',#10422);
#2703=VERTEX_POINT('',#10424);
#2704=VERTEX_POINT('',#10426);
#2705=VERTEX_POINT('',#10430);
#2706=VERTEX_POINT('',#10432);
#2707=VERTEX_POINT('',#10436);
#2708=VERTEX_POINT('',#10437);
#2709=VERTEX_POINT('',#10439);
#2710=VERTEX_POINT('',#10441);
#2711=VERTEX_POINT('',#10445);
#2712=VERTEX_POINT('',#10447);
#2713=VERTEX_POINT('',#10451);
#2714=VERTEX_POINT('',#10452);
#2715=VERTEX_POINT('',#10454);
#2716=VERTEX_POINT('',#10456);
#2717=VERTEX_POINT('',#10460);
#2718=VERTEX_POINT('',#10462);
#2719=VERTEX_POINT('',#10466);
#2720=VERTEX_POINT('',#10467);
#2721=VERTEX_POINT('',#10469);
#2722=VERTEX_POINT('',#10471);
#2723=VERTEX_POINT('',#10478);
#2724=VERTEX_POINT('',#10479);
#2725=VERTEX_POINT('',#10481);
#2726=VERTEX_POINT('',#10483);
#2727=VERTEX_POINT('',#10490);
#2728=VERTEX_POINT('',#10491);
#2729=VERTEX_POINT('',#10493);
#2730=VERTEX_POINT('',#10495);
#2731=VERTEX_POINT('',#10502);
#2732=VERTEX_POINT('',#10503);
#2733=VERTEX_POINT('',#10505);
#2734=VERTEX_POINT('',#10507);
#2735=VERTEX_POINT('',#10514);
#2736=VERTEX_POINT('',#10515);
#2737=VERTEX_POINT('',#10517);
#2738=VERTEX_POINT('',#10519);
#2739=VERTEX_POINT('',#10526);
#2740=VERTEX_POINT('',#10527);
#2741=VERTEX_POINT('',#10529);
#2742=VERTEX_POINT('',#10531);
#2743=VERTEX_POINT('',#10538);
#2744=VERTEX_POINT('',#10539);
#2745=VERTEX_POINT('',#10541);
#2746=VERTEX_POINT('',#10543);
#2747=VERTEX_POINT('',#10550);
#2748=VERTEX_POINT('',#10551);
#2749=VERTEX_POINT('',#10553);
#2750=VERTEX_POINT('',#10555);
#2751=VERTEX_POINT('',#10562);
#2752=VERTEX_POINT('',#10563);
#2753=VERTEX_POINT('',#10565);
#2754=VERTEX_POINT('',#10567);
#2755=VERTEX_POINT('',#10574);
#2756=VERTEX_POINT('',#10575);
#2757=VERTEX_POINT('',#10577);
#2758=VERTEX_POINT('',#10579);
#2759=VERTEX_POINT('',#10586);
#2760=VERTEX_POINT('',#10587);
#2761=VERTEX_POINT('',#10589);
#2762=VERTEX_POINT('',#10591);
#2763=VERTEX_POINT('',#10598);
#2764=VERTEX_POINT('',#10599);
#2765=VERTEX_POINT('',#10601);
#2766=VERTEX_POINT('',#10603);
#2767=VERTEX_POINT('',#10610);
#2768=VERTEX_POINT('',#10611);
#2769=VERTEX_POINT('',#10613);
#2770=VERTEX_POINT('',#10615);
#2771=VERTEX_POINT('',#10622);
#2772=VERTEX_POINT('',#10623);
#2773=VERTEX_POINT('',#10625);
#2774=VERTEX_POINT('',#10627);
#2775=VERTEX_POINT('',#10634);
#2776=VERTEX_POINT('',#10635);
#2777=VERTEX_POINT('',#10637);
#2778=VERTEX_POINT('',#10639);
#2779=VERTEX_POINT('',#10646);
#2780=VERTEX_POINT('',#10647);
#2781=VERTEX_POINT('',#10649);
#2782=VERTEX_POINT('',#10651);
#2783=VERTEX_POINT('',#10658);
#2784=VERTEX_POINT('',#10659);
#2785=VERTEX_POINT('',#10661);
#2786=VERTEX_POINT('',#10663);
#2787=VERTEX_POINT('',#10670);
#2788=VERTEX_POINT('',#10671);
#2789=VERTEX_POINT('',#10673);
#2790=VERTEX_POINT('',#10675);
#2791=VERTEX_POINT('',#10682);
#2792=VERTEX_POINT('',#10684);
#2793=VERTEX_POINT('',#10691);
#2794=VERTEX_POINT('',#10693);
#2795=VERTEX_POINT('',#10700);
#2796=VERTEX_POINT('',#10702);
#2797=VERTEX_POINT('',#10709);
#2798=VERTEX_POINT('',#10711);
#2799=VERTEX_POINT('',#10718);
#2800=VERTEX_POINT('',#10720);
#2801=VERTEX_POINT('',#10727);
#2802=VERTEX_POINT('',#10729);
#2803=VERTEX_POINT('',#10736);
#2804=VERTEX_POINT('',#10738);
#2805=VERTEX_POINT('',#10745);
#2806=VERTEX_POINT('',#10747);
#2807=VERTEX_POINT('',#10754);
#2808=VERTEX_POINT('',#10756);
#2809=VERTEX_POINT('',#10763);
#2810=VERTEX_POINT('',#10764);
#2811=VERTEX_POINT('',#10766);
#2812=VERTEX_POINT('',#10768);
#2813=VERTEX_POINT('',#10772);
#2814=VERTEX_POINT('',#10774);
#2815=VERTEX_POINT('',#10778);
#2816=VERTEX_POINT('',#10780);
#2817=VERTEX_POINT('',#10782);
#2818=VERTEX_POINT('',#10784);
#2819=VERTEX_POINT('',#10786);
#2820=VERTEX_POINT('',#10789);
#2821=VERTEX_POINT('',#10790);
#2822=VERTEX_POINT('',#10792);
#2823=VERTEX_POINT('',#10794);
#2824=VERTEX_POINT('',#10798);
#2825=VERTEX_POINT('',#10802);
#2826=VERTEX_POINT('',#10806);
#2827=VERTEX_POINT('',#10810);
#2828=VERTEX_POINT('',#10814);
#2829=VERTEX_POINT('',#10818);
#2830=VERTEX_POINT('',#10819);
#2831=VERTEX_POINT('',#10824);
#2832=VERTEX_POINT('',#10828);
#2833=EDGE_CURVE('',#2267,#2268,#1145,.T.);
#2834=EDGE_CURVE('',#2267,#2269,#1146,.T.);
#2835=EDGE_CURVE('',#2270,#2269,#1147,.T.);
#2836=EDGE_CURVE('',#2268,#2270,#1148,.T.);
#2837=EDGE_CURVE('',#2271,#2267,#1149,.T.);
#2838=EDGE_CURVE('',#2271,#2272,#1150,.T.);
#2839=EDGE_CURVE('',#2269,#2272,#1151,.T.);
#2840=EDGE_CURVE('',#2273,#2271,#1152,.T.);
#2841=EDGE_CURVE('',#2273,#2274,#1153,.T.);
#2842=EDGE_CURVE('',#2272,#2274,#1154,.T.);
#2843=EDGE_CURVE('',#2275,#2273,#1155,.T.);
#2844=EDGE_CURVE('',#2275,#2276,#1156,.T.);
#2845=EDGE_CURVE('',#2274,#2276,#1157,.T.);
#2846=EDGE_CURVE('',#2277,#2275,#1158,.T.);
#2847=EDGE_CURVE('',#2277,#2278,#1159,.T.);
#2848=EDGE_CURVE('',#2276,#2278,#1160,.T.);
#2849=EDGE_CURVE('',#2279,#2277,#1161,.T.);
#2850=EDGE_CURVE('',#2279,#2280,#1162,.T.);
#2851=EDGE_CURVE('',#2278,#2280,#1163,.T.);
#2852=EDGE_CURVE('',#2268,#2281,#1164,.T.);
#2853=EDGE_CURVE('',#2282,#2270,#1165,.T.);
#2854=EDGE_CURVE('',#2281,#2282,#1166,.T.);
#2855=EDGE_CURVE('',#2281,#2283,#1167,.T.);
#2856=EDGE_CURVE('',#2284,#2282,#1168,.T.);
#2857=EDGE_CURVE('',#2283,#2284,#1169,.T.);
#2858=EDGE_CURVE('',#2283,#2285,#1170,.T.);
#2859=EDGE_CURVE('',#2286,#2284,#1171,.T.);
#2860=EDGE_CURVE('',#2285,#2286,#1172,.T.);
#2861=EDGE_CURVE('',#2285,#2287,#1173,.T.);
#2862=EDGE_CURVE('',#2288,#2286,#1174,.T.);
#2863=EDGE_CURVE('',#2287,#2288,#1175,.T.);
#2864=EDGE_CURVE('',#2287,#2289,#1176,.T.);
#2865=EDGE_CURVE('',#2290,#2288,#1177,.T.);
#2866=EDGE_CURVE('',#2289,#2290,#1178,.T.);
#2867=EDGE_CURVE('',#2289,#2279,#1179,.T.);
#2868=EDGE_CURVE('',#2280,#2290,#1180,.T.);
#2869=EDGE_CURVE('',#2291,#2292,#210,.T.);
#2870=EDGE_CURVE('',#2291,#2293,#1181,.T.);
#2871=EDGE_CURVE('',#2294,#2293,#211,.T.);
#2872=EDGE_CURVE('',#2292,#2294,#1182,.T.);
#2873=EDGE_CURVE('',#2295,#2291,#212,.T.);
#2874=EDGE_CURVE('',#2295,#2296,#1183,.T.);
#2875=EDGE_CURVE('',#2293,#2296,#213,.T.);
#2876=EDGE_CURVE('',#2297,#2295,#214,.T.);
#2877=EDGE_CURVE('',#2297,#2298,#1184,.T.);
#2878=EDGE_CURVE('',#2296,#2298,#215,.T.);
#2879=EDGE_CURVE('',#2299,#2297,#216,.T.);
#2880=EDGE_CURVE('',#2299,#2300,#1185,.T.);
#2881=EDGE_CURVE('',#2298,#2300,#217,.T.);
#2882=EDGE_CURVE('',#2301,#2299,#218,.T.);
#2883=EDGE_CURVE('',#2301,#2302,#1186,.T.);
#2884=EDGE_CURVE('',#2300,#2302,#219,.T.);
#2885=EDGE_CURVE('',#2303,#2301,#220,.T.);
#2886=EDGE_CURVE('',#2303,#2304,#1187,.T.);
#2887=EDGE_CURVE('',#2302,#2304,#221,.T.);
#2888=EDGE_CURVE('',#2305,#2303,#222,.T.);
#2889=EDGE_CURVE('',#2305,#2306,#1188,.T.);
#2890=EDGE_CURVE('',#2304,#2306,#223,.T.);
#2891=EDGE_CURVE('',#2307,#2305,#224,.T.);
#2892=EDGE_CURVE('',#2307,#2308,#1189,.T.);
#2893=EDGE_CURVE('',#2306,#2308,#225,.T.);
#2894=EDGE_CURVE('',#2309,#2307,#226,.T.);
#2895=EDGE_CURVE('',#2309,#2310,#1190,.T.);
#2896=EDGE_CURVE('',#2308,#2310,#227,.T.);
#2897=EDGE_CURVE('',#2311,#2309,#228,.T.);
#2898=EDGE_CURVE('',#2311,#2312,#1191,.T.);
#2899=EDGE_CURVE('',#2310,#2312,#229,.T.);
#2900=EDGE_CURVE('',#2313,#2311,#230,.T.);
#2901=EDGE_CURVE('',#2313,#2314,#1192,.T.);
#2902=EDGE_CURVE('',#2312,#2314,#231,.T.);
#2903=EDGE_CURVE('',#2315,#2313,#232,.T.);
#2904=EDGE_CURVE('',#2315,#2316,#1193,.T.);
#2905=EDGE_CURVE('',#2314,#2316,#233,.T.);
#2906=EDGE_CURVE('',#2317,#2315,#1194,.T.);
#2907=EDGE_CURVE('',#2317,#2318,#1195,.T.);
#2908=EDGE_CURVE('',#2316,#2318,#1196,.T.);
#2909=EDGE_CURVE('',#2319,#2317,#234,.T.);
#2910=EDGE_CURVE('',#2319,#2320,#1197,.T.);
#2911=EDGE_CURVE('',#2318,#2320,#235,.T.);
#2912=EDGE_CURVE('',#2292,#2321,#236,.T.);
#2913=EDGE_CURVE('',#2322,#2294,#237,.T.);
#2914=EDGE_CURVE('',#2321,#2322,#1198,.T.);
#2915=EDGE_CURVE('',#2321,#2323,#238,.T.);
#2916=EDGE_CURVE('',#2324,#2322,#239,.T.);
#2917=EDGE_CURVE('',#2323,#2324,#1199,.T.);
#2918=EDGE_CURVE('',#2323,#2325,#1200,.T.);
#2919=EDGE_CURVE('',#2326,#2324,#1201,.T.);
#2920=EDGE_CURVE('',#2325,#2326,#1202,.T.);
#2921=EDGE_CURVE('',#2325,#2327,#240,.T.);
#2922=EDGE_CURVE('',#2328,#2326,#241,.T.);
#2923=EDGE_CURVE('',#2327,#2328,#1203,.T.);
#2924=EDGE_CURVE('',#2327,#2329,#242,.T.);
#2925=EDGE_CURVE('',#2330,#2328,#243,.T.);
#2926=EDGE_CURVE('',#2329,#2330,#1204,.T.);
#2927=EDGE_CURVE('',#2329,#2331,#244,.T.);
#2928=EDGE_CURVE('',#2332,#2330,#245,.T.);
#2929=EDGE_CURVE('',#2331,#2332,#1205,.T.);
#2930=EDGE_CURVE('',#2331,#2333,#246,.T.);
#2931=EDGE_CURVE('',#2334,#2332,#247,.T.);
#2932=EDGE_CURVE('',#2333,#2334,#1206,.T.);
#2933=EDGE_CURVE('',#2333,#2335,#248,.T.);
#2934=EDGE_CURVE('',#2336,#2334,#249,.T.);
#2935=EDGE_CURVE('',#2335,#2336,#1207,.T.);
#2936=EDGE_CURVE('',#2335,#2337,#250,.T.);
#2937=EDGE_CURVE('',#2338,#2336,#251,.T.);
#2938=EDGE_CURVE('',#2337,#2338,#1208,.T.);
#2939=EDGE_CURVE('',#2337,#2339,#252,.T.);
#2940=EDGE_CURVE('',#2340,#2338,#253,.T.);
#2941=EDGE_CURVE('',#2339,#2340,#1209,.T.);
#2942=EDGE_CURVE('',#2339,#2341,#254,.T.);
#2943=EDGE_CURVE('',#2342,#2340,#255,.T.);
#2944=EDGE_CURVE('',#2341,#2342,#1210,.T.);
#2945=EDGE_CURVE('',#2341,#2343,#256,.T.);
#2946=EDGE_CURVE('',#2344,#2342,#257,.T.);
#2947=EDGE_CURVE('',#2343,#2344,#1211,.T.);
#2948=EDGE_CURVE('',#2343,#2345,#258,.T.);
#2949=EDGE_CURVE('',#2346,#2344,#259,.T.);
#2950=EDGE_CURVE('',#2345,#2346,#1212,.T.);
#2951=EDGE_CURVE('',#2345,#2347,#260,.T.);
#2952=EDGE_CURVE('',#2348,#2346,#261,.T.);
#2953=EDGE_CURVE('',#2347,#2348,#1213,.T.);
#2954=EDGE_CURVE('',#2347,#2319,#262,.T.);
#2955=EDGE_CURVE('',#2320,#2348,#263,.T.);
#2956=EDGE_CURVE('',#2349,#2350,#1214,.T.);
#2957=EDGE_CURVE('',#2349,#2351,#1215,.T.);
#2958=EDGE_CURVE('',#2352,#2351,#1216,.T.);
#2959=EDGE_CURVE('',#2350,#2352,#1217,.T.);
#2960=EDGE_CURVE('',#2353,#2349,#1218,.T.);
#2961=EDGE_CURVE('',#2353,#2354,#1219,.T.);
#2962=EDGE_CURVE('',#2351,#2354,#1220,.T.);
#2963=EDGE_CURVE('',#2355,#2353,#1221,.T.);
#2964=EDGE_CURVE('',#2355,#2356,#1222,.T.);
#2965=EDGE_CURVE('',#2354,#2356,#1223,.T.);
#2966=EDGE_CURVE('',#2357,#2355,#1224,.T.);
#2967=EDGE_CURVE('',#2357,#2358,#1225,.T.);
#2968=EDGE_CURVE('',#2356,#2358,#1226,.T.);
#2969=EDGE_CURVE('',#2359,#2360,#1227,.T.);
#2970=EDGE_CURVE('',#2359,#2361,#1228,.T.);
#2971=EDGE_CURVE('',#2362,#2361,#1229,.T.);
#2972=EDGE_CURVE('',#2360,#2362,#1230,.T.);
#2973=EDGE_CURVE('',#2363,#2359,#1231,.T.);
#2974=EDGE_CURVE('',#2363,#2364,#1232,.T.);
#2975=EDGE_CURVE('',#2361,#2364,#1233,.T.);
#2976=EDGE_CURVE('',#2360,#2365,#1234,.T.);
#2977=EDGE_CURVE('',#2366,#2362,#1235,.T.);
#2978=EDGE_CURVE('',#2365,#2366,#1236,.T.);
#2979=EDGE_CURVE('',#2365,#2367,#264,.T.);
#2980=EDGE_CURVE('',#2368,#2366,#265,.T.);
#2981=EDGE_CURVE('',#2367,#2368,#1237,.T.);
#2982=EDGE_CURVE('',#2367,#2363,#266,.T.);
#2983=EDGE_CURVE('',#2364,#2368,#267,.T.);
#2984=EDGE_CURVE('',#2350,#2369,#1238,.T.);
#2985=EDGE_CURVE('',#2370,#2352,#1239,.T.);
#2986=EDGE_CURVE('',#2369,#2370,#1240,.T.);
#2987=EDGE_CURVE('',#2369,#2371,#1241,.T.);
#2988=EDGE_CURVE('',#2372,#2370,#1242,.T.);
#2989=EDGE_CURVE('',#2371,#2372,#1243,.T.);
#2990=EDGE_CURVE('',#2371,#2373,#1244,.T.);
#2991=EDGE_CURVE('',#2374,#2372,#1245,.T.);
#2992=EDGE_CURVE('',#2373,#2374,#1246,.T.);
#2993=EDGE_CURVE('',#2373,#2357,#1247,.T.);
#2994=EDGE_CURVE('',#2358,#2374,#1248,.T.);
#2995=EDGE_CURVE('',#2375,#2376,#268,.T.);
#2996=EDGE_CURVE('',#2375,#2377,#1249,.T.);
#2997=EDGE_CURVE('',#2378,#2377,#269,.T.);
#2998=EDGE_CURVE('',#2376,#2378,#1250,.T.);
#2999=EDGE_CURVE('',#2379,#2375,#270,.T.);
#3000=EDGE_CURVE('',#2379,#2380,#1251,.T.);
#3001=EDGE_CURVE('',#2377,#2380,#271,.T.);
#3002=EDGE_CURVE('',#2381,#2379,#272,.T.);
#3003=EDGE_CURVE('',#2381,#2382,#1252,.T.);
#3004=EDGE_CURVE('',#2380,#2382,#273,.T.);
#3005=EDGE_CURVE('',#2383,#2381,#274,.T.);
#3006=EDGE_CURVE('',#2383,#2384,#1253,.T.);
#3007=EDGE_CURVE('',#2382,#2384,#275,.T.);
#3008=EDGE_CURVE('',#2385,#2383,#276,.T.);
#3009=EDGE_CURVE('',#2385,#2386,#1254,.T.);
#3010=EDGE_CURVE('',#2384,#2386,#277,.T.);
#3011=EDGE_CURVE('',#2387,#2385,#278,.T.);
#3012=EDGE_CURVE('',#2387,#2388,#1255,.T.);
#3013=EDGE_CURVE('',#2386,#2388,#279,.T.);
#3014=EDGE_CURVE('',#2389,#2387,#280,.T.);
#3015=EDGE_CURVE('',#2389,#2390,#1256,.T.);
#3016=EDGE_CURVE('',#2388,#2390,#281,.T.);
#3017=EDGE_CURVE('',#2391,#2389,#1257,.T.);
#3018=EDGE_CURVE('',#2391,#2392,#1258,.T.);
#3019=EDGE_CURVE('',#2390,#2392,#1259,.T.);
#3020=EDGE_CURVE('',#2393,#2391,#282,.T.);
#3021=EDGE_CURVE('',#2393,#2394,#1260,.T.);
#3022=EDGE_CURVE('',#2392,#2394,#283,.T.);
#3023=EDGE_CURVE('',#2376,#2395,#284,.T.);
#3024=EDGE_CURVE('',#2396,#2378,#285,.T.);
#3025=EDGE_CURVE('',#2395,#2396,#1261,.T.);
#3026=EDGE_CURVE('',#2395,#2397,#1262,.T.);
#3027=EDGE_CURVE('',#2398,#2396,#1263,.T.);
#3028=EDGE_CURVE('',#2397,#2398,#1264,.T.);
#3029=EDGE_CURVE('',#2397,#2399,#286,.T.);
#3030=EDGE_CURVE('',#2400,#2398,#287,.T.);
#3031=EDGE_CURVE('',#2399,#2400,#1265,.T.);
#3032=EDGE_CURVE('',#2399,#2401,#288,.T.);
#3033=EDGE_CURVE('',#2402,#2400,#289,.T.);
#3034=EDGE_CURVE('',#2401,#2402,#1266,.T.);
#3035=EDGE_CURVE('',#2401,#2403,#290,.T.);
#3036=EDGE_CURVE('',#2404,#2402,#291,.T.);
#3037=EDGE_CURVE('',#2403,#2404,#1267,.T.);
#3038=EDGE_CURVE('',#2403,#2405,#292,.T.);
#3039=EDGE_CURVE('',#2406,#2404,#293,.T.);
#3040=EDGE_CURVE('',#2405,#2406,#1268,.T.);
#3041=EDGE_CURVE('',#2405,#2407,#294,.T.);
#3042=EDGE_CURVE('',#2408,#2406,#295,.T.);
#3043=EDGE_CURVE('',#2407,#2408,#1269,.T.);
#3044=EDGE_CURVE('',#2407,#2409,#296,.T.);
#3045=EDGE_CURVE('',#2410,#2408,#297,.T.);
#3046=EDGE_CURVE('',#2409,#2410,#1270,.T.);
#3047=EDGE_CURVE('',#2409,#2393,#298,.T.);
#3048=EDGE_CURVE('',#2394,#2410,#299,.T.);
#3049=EDGE_CURVE('',#2411,#2412,#300,.T.);
#3050=EDGE_CURVE('',#2411,#2413,#1271,.T.);
#3051=EDGE_CURVE('',#2414,#2413,#301,.T.);
#3052=EDGE_CURVE('',#2412,#2414,#1272,.T.);
#3053=EDGE_CURVE('',#2415,#2411,#302,.T.);
#3054=EDGE_CURVE('',#2415,#2416,#1273,.T.);
#3055=EDGE_CURVE('',#2413,#2416,#303,.T.);
#3056=EDGE_CURVE('',#2417,#2415,#304,.T.);
#3057=EDGE_CURVE('',#2417,#2418,#1274,.T.);
#3058=EDGE_CURVE('',#2416,#2418,#305,.T.);
#3059=EDGE_CURVE('',#2419,#2417,#1275,.T.);
#3060=EDGE_CURVE('',#2419,#2420,#1276,.T.);
#3061=EDGE_CURVE('',#2418,#2420,#1277,.T.);
#3062=EDGE_CURVE('',#2421,#2419,#1278,.T.);
#3063=EDGE_CURVE('',#2421,#2422,#1279,.T.);
#3064=EDGE_CURVE('',#2420,#2422,#1280,.T.);
#3065=EDGE_CURVE('',#2423,#2421,#1281,.T.);
#3066=EDGE_CURVE('',#2423,#2424,#1282,.T.);
#3067=EDGE_CURVE('',#2422,#2424,#1283,.T.);
#3068=EDGE_CURVE('',#2425,#2426,#306,.T.);
#3069=EDGE_CURVE('',#2425,#2427,#1284,.T.);
#3070=EDGE_CURVE('',#2428,#2427,#307,.T.);
#3071=EDGE_CURVE('',#2426,#2428,#1285,.T.);
#3072=EDGE_CURVE('',#2429,#2425,#308,.T.);
#3073=EDGE_CURVE('',#2429,#2430,#1286,.T.);
#3074=EDGE_CURVE('',#2427,#2430,#309,.T.);
#3075=EDGE_CURVE('',#2431,#2429,#310,.T.);
#3076=EDGE_CURVE('',#2431,#2432,#1287,.T.);
#3077=EDGE_CURVE('',#2430,#2432,#311,.T.);
#3078=EDGE_CURVE('',#2433,#2431,#312,.T.);
#3079=EDGE_CURVE('',#2433,#2434,#1288,.T.);
#3080=EDGE_CURVE('',#2432,#2434,#313,.T.);
#3081=EDGE_CURVE('',#2435,#2433,#1289,.T.);
#3082=EDGE_CURVE('',#2435,#2436,#1290,.T.);
#3083=EDGE_CURVE('',#2434,#2436,#1291,.T.);
#3084=EDGE_CURVE('',#2426,#2437,#314,.T.);
#3085=EDGE_CURVE('',#2438,#2428,#315,.T.);
#3086=EDGE_CURVE('',#2437,#2438,#1292,.T.);
#3087=EDGE_CURVE('',#2437,#2439,#316,.T.);
#3088=EDGE_CURVE('',#2440,#2438,#317,.T.);
#3089=EDGE_CURVE('',#2439,#2440,#1293,.T.);
#3090=EDGE_CURVE('',#2439,#2441,#1294,.T.);
#3091=EDGE_CURVE('',#2442,#2440,#1295,.T.);
#3092=EDGE_CURVE('',#2441,#2442,#1296,.T.);
#3093=EDGE_CURVE('',#2441,#2435,#1297,.T.);
#3094=EDGE_CURVE('',#2436,#2442,#1298,.T.);
#3095=EDGE_CURVE('',#2412,#2443,#318,.T.);
#3096=EDGE_CURVE('',#2444,#2414,#319,.T.);
#3097=EDGE_CURVE('',#2443,#2444,#1299,.T.);
#3098=EDGE_CURVE('',#2443,#2445,#320,.T.);
#3099=EDGE_CURVE('',#2446,#2444,#321,.T.);
#3100=EDGE_CURVE('',#2445,#2446,#1300,.T.);
#3101=EDGE_CURVE('',#2445,#2447,#322,.T.);
#3102=EDGE_CURVE('',#2448,#2446,#323,.T.);
#3103=EDGE_CURVE('',#2447,#2448,#1301,.T.);
#3104=EDGE_CURVE('',#2447,#2449,#324,.T.);
#3105=EDGE_CURVE('',#2450,#2448,#325,.T.);
#3106=EDGE_CURVE('',#2449,#2450,#1302,.T.);
#3107=EDGE_CURVE('',#2449,#2451,#326,.T.);
#3108=EDGE_CURVE('',#2452,#2450,#327,.T.);
#3109=EDGE_CURVE('',#2451,#2452,#1303,.T.);
#3110=EDGE_CURVE('',#2451,#2453,#1304,.T.);
#3111=EDGE_CURVE('',#2454,#2452,#1305,.T.);
#3112=EDGE_CURVE('',#2453,#2454,#1306,.T.);
#3113=EDGE_CURVE('',#2453,#2423,#1307,.T.);
#3114=EDGE_CURVE('',#2424,#2454,#1308,.T.);
#3115=EDGE_CURVE('',#2455,#2456,#1309,.T.);
#3116=EDGE_CURVE('',#2455,#2457,#1310,.T.);
#3117=EDGE_CURVE('',#2458,#2457,#1311,.T.);
#3118=EDGE_CURVE('',#2456,#2458,#1312,.T.);
#3119=EDGE_CURVE('',#2459,#2455,#1313,.T.);
#3120=EDGE_CURVE('',#2459,#2460,#1314,.T.);
#3121=EDGE_CURVE('',#2457,#2460,#1315,.T.);
#3122=EDGE_CURVE('',#2461,#2459,#1316,.T.);
#3123=EDGE_CURVE('',#2461,#2462,#1317,.T.);
#3124=EDGE_CURVE('',#2460,#2462,#1318,.T.);
#3125=EDGE_CURVE('',#2463,#2464,#1319,.T.);
#3126=EDGE_CURVE('',#2463,#2465,#1320,.T.);
#3127=EDGE_CURVE('',#2466,#2465,#1321,.T.);
#3128=EDGE_CURVE('',#2464,#2466,#1322,.T.);
#3129=EDGE_CURVE('',#2467,#2463,#1323,.T.);
#3130=EDGE_CURVE('',#2467,#2468,#1324,.T.);
#3131=EDGE_CURVE('',#2465,#2468,#1325,.T.);
#3132=EDGE_CURVE('',#2464,#2469,#1326,.T.);
#3133=EDGE_CURVE('',#2470,#2466,#1327,.T.);
#3134=EDGE_CURVE('',#2469,#2470,#1328,.T.);
#3135=EDGE_CURVE('',#2469,#2471,#328,.T.);
#3136=EDGE_CURVE('',#2472,#2470,#329,.T.);
#3137=EDGE_CURVE('',#2471,#2472,#1329,.T.);
#3138=EDGE_CURVE('',#2471,#2467,#330,.T.);
#3139=EDGE_CURVE('',#2468,#2472,#331,.T.);
#3140=EDGE_CURVE('',#2473,#2474,#1330,.T.);
#3141=EDGE_CURVE('',#2475,#2473,#1331,.T.);
#3142=EDGE_CURVE('',#2476,#2475,#1332,.T.);
#3143=EDGE_CURVE('',#2456,#2476,#1333,.T.);
#3144=EDGE_CURVE('',#2477,#2458,#1334,.T.);
#3145=EDGE_CURVE('',#2478,#2477,#1335,.T.);
#3146=EDGE_CURVE('',#2474,#2478,#1336,.T.);
#3147=EDGE_CURVE('',#2478,#2479,#1337,.T.);
#3148=EDGE_CURVE('',#2480,#2477,#1338,.T.);
#3149=EDGE_CURVE('',#2479,#2480,#1339,.T.);
#3150=EDGE_CURVE('',#2479,#2481,#1340,.T.);
#3151=EDGE_CURVE('',#2482,#2480,#1341,.T.);
#3152=EDGE_CURVE('',#2481,#2482,#1342,.T.);
#3153=EDGE_CURVE('',#2481,#2483,#1343,.T.);
#3154=EDGE_CURVE('',#2484,#2482,#1344,.T.);
#3155=EDGE_CURVE('',#2483,#2484,#1345,.T.);
#3156=EDGE_CURVE('',#2483,#2461,#1346,.T.);
#3157=EDGE_CURVE('',#2462,#2484,#1347,.T.);
#3158=EDGE_CURVE('',#2485,#2486,#1348,.T.);
#3159=EDGE_CURVE('',#2485,#2487,#1349,.T.);
#3160=EDGE_CURVE('',#2488,#2487,#1350,.T.);
#3161=EDGE_CURVE('',#2486,#2488,#1351,.T.);
#3162=EDGE_CURVE('',#2489,#2485,#1352,.T.);
#3163=EDGE_CURVE('',#2489,#2490,#1353,.T.);
#3164=EDGE_CURVE('',#2487,#2490,#1354,.T.);
#3165=EDGE_CURVE('',#2491,#2489,#1355,.T.);
#3166=EDGE_CURVE('',#2491,#2492,#1356,.T.);
#3167=EDGE_CURVE('',#2490,#2492,#1357,.T.);
#3168=EDGE_CURVE('',#2493,#2491,#1358,.T.);
#3169=EDGE_CURVE('',#2493,#2494,#1359,.T.);
#3170=EDGE_CURVE('',#2492,#2494,#1360,.T.);
#3171=EDGE_CURVE('',#2495,#2493,#1361,.T.);
#3172=EDGE_CURVE('',#2495,#2496,#1362,.T.);
#3173=EDGE_CURVE('',#2494,#2496,#1363,.T.);
#3174=EDGE_CURVE('',#2497,#2495,#1364,.T.);
#3175=EDGE_CURVE('',#2497,#2498,#1365,.T.);
#3176=EDGE_CURVE('',#2496,#2498,#1366,.T.);
#3177=EDGE_CURVE('',#2486,#2499,#1367,.T.);
#3178=EDGE_CURVE('',#2500,#2488,#1368,.T.);
#3179=EDGE_CURVE('',#2499,#2500,#1369,.T.);
#3180=EDGE_CURVE('',#2499,#2501,#1370,.T.);
#3181=EDGE_CURVE('',#2502,#2500,#1371,.T.);
#3182=EDGE_CURVE('',#2501,#2502,#1372,.T.);
#3183=EDGE_CURVE('',#2501,#2503,#1373,.T.);
#3184=EDGE_CURVE('',#2504,#2502,#1374,.T.);
#3185=EDGE_CURVE('',#2503,#2504,#1375,.T.);
#3186=EDGE_CURVE('',#2503,#2505,#1376,.T.);
#3187=EDGE_CURVE('',#2506,#2504,#1377,.T.);
#3188=EDGE_CURVE('',#2505,#2506,#1378,.T.);
#3189=EDGE_CURVE('',#2505,#2507,#1379,.T.);
#3190=EDGE_CURVE('',#2508,#2506,#1380,.T.);
#3191=EDGE_CURVE('',#2507,#2508,#1381,.T.);
#3192=EDGE_CURVE('',#2507,#2497,#1382,.T.);
#3193=EDGE_CURVE('',#2498,#2508,#1383,.T.);
#3194=EDGE_CURVE('',#2509,#2510,#332,.T.);
#3195=EDGE_CURVE('',#2509,#2511,#1384,.T.);
#3196=EDGE_CURVE('',#2512,#2511,#333,.T.);
#3197=EDGE_CURVE('',#2510,#2512,#1385,.T.);
#3198=EDGE_CURVE('',#2513,#2509,#334,.T.);
#3199=EDGE_CURVE('',#2513,#2514,#1386,.T.);
#3200=EDGE_CURVE('',#2511,#2514,#335,.T.);
#3201=EDGE_CURVE('',#2515,#2513,#336,.T.);
#3202=EDGE_CURVE('',#2515,#2516,#1387,.T.);
#3203=EDGE_CURVE('',#2514,#2516,#337,.T.);
#3204=EDGE_CURVE('',#2517,#2515,#1388,.T.);
#3205=EDGE_CURVE('',#2517,#2518,#1389,.T.);
#3206=EDGE_CURVE('',#2516,#2518,#1390,.T.);
#3207=EDGE_CURVE('',#2519,#2517,#1391,.T.);
#3208=EDGE_CURVE('',#2519,#2520,#1392,.T.);
#3209=EDGE_CURVE('',#2518,#2520,#1393,.T.);
#3210=EDGE_CURVE('',#2521,#2519,#1394,.T.);
#3211=EDGE_CURVE('',#2521,#2522,#1395,.T.);
#3212=EDGE_CURVE('',#2520,#2522,#1396,.T.);
#3213=EDGE_CURVE('',#2523,#2524,#338,.T.);
#3214=EDGE_CURVE('',#2523,#2525,#1397,.T.);
#3215=EDGE_CURVE('',#2526,#2525,#339,.T.);
#3216=EDGE_CURVE('',#2524,#2526,#1398,.T.);
#3217=EDGE_CURVE('',#2527,#2523,#340,.T.);
#3218=EDGE_CURVE('',#2527,#2528,#1399,.T.);
#3219=EDGE_CURVE('',#2525,#2528,#341,.T.);
#3220=EDGE_CURVE('',#2529,#2527,#342,.T.);
#3221=EDGE_CURVE('',#2529,#2530,#1400,.T.);
#3222=EDGE_CURVE('',#2528,#2530,#343,.T.);
#3223=EDGE_CURVE('',#2531,#2529,#344,.T.);
#3224=EDGE_CURVE('',#2531,#2532,#1401,.T.);
#3225=EDGE_CURVE('',#2530,#2532,#345,.T.);
#3226=EDGE_CURVE('',#2533,#2531,#346,.T.);
#3227=EDGE_CURVE('',#2533,#2534,#1402,.T.);
#3228=EDGE_CURVE('',#2532,#2534,#347,.T.);
#3229=EDGE_CURVE('',#2535,#2533,#1403,.T.);
#3230=EDGE_CURVE('',#2535,#2536,#1404,.T.);
#3231=EDGE_CURVE('',#2534,#2536,#1405,.T.);
#3232=EDGE_CURVE('',#2524,#2537,#348,.T.);
#3233=EDGE_CURVE('',#2538,#2526,#349,.T.);
#3234=EDGE_CURVE('',#2537,#2538,#1406,.T.);
#3235=EDGE_CURVE('',#2537,#2539,#350,.T.);
#3236=EDGE_CURVE('',#2540,#2538,#351,.T.);
#3237=EDGE_CURVE('',#2539,#2540,#1407,.T.);
#3238=EDGE_CURVE('',#2539,#2541,#352,.T.);
#3239=EDGE_CURVE('',#2542,#2540,#353,.T.);
#3240=EDGE_CURVE('',#2541,#2542,#1408,.T.);
#3241=EDGE_CURVE('',#2541,#2543,#1409,.T.);
#3242=EDGE_CURVE('',#2544,#2542,#1410,.T.);
#3243=EDGE_CURVE('',#2543,#2544,#1411,.T.);
#3244=EDGE_CURVE('',#2543,#2535,#1412,.T.);
#3245=EDGE_CURVE('',#2536,#2544,#1413,.T.);
#3246=EDGE_CURVE('',#2510,#2545,#354,.T.);
#3247=EDGE_CURVE('',#2546,#2512,#355,.T.);
#3248=EDGE_CURVE('',#2545,#2546,#1414,.T.);
#3249=EDGE_CURVE('',#2545,#2547,#356,.T.);
#3250=EDGE_CURVE('',#2548,#2546,#357,.T.);
#3251=EDGE_CURVE('',#2547,#2548,#1415,.T.);
#3252=EDGE_CURVE('',#2547,#2549,#358,.T.);
#3253=EDGE_CURVE('',#2550,#2548,#359,.T.);
#3254=EDGE_CURVE('',#2549,#2550,#1416,.T.);
#3255=EDGE_CURVE('',#2549,#2551,#360,.T.);
#3256=EDGE_CURVE('',#2552,#2550,#361,.T.);
#3257=EDGE_CURVE('',#2551,#2552,#1417,.T.);
#3258=EDGE_CURVE('',#2551,#2553,#362,.T.);
#3259=EDGE_CURVE('',#2554,#2552,#363,.T.);
#3260=EDGE_CURVE('',#2553,#2554,#1418,.T.);
#3261=EDGE_CURVE('',#2553,#2521,#364,.T.);
#3262=EDGE_CURVE('',#2522,#2554,#365,.T.);
#3263=EDGE_CURVE('',#2555,#2556,#1419,.T.);
#3264=EDGE_CURVE('',#2555,#2557,#1420,.T.);
#3265=EDGE_CURVE('',#2558,#2557,#1421,.T.);
#3266=EDGE_CURVE('',#2556,#2558,#1422,.T.);
#3267=EDGE_CURVE('',#2559,#2555,#1423,.T.);
#3268=EDGE_CURVE('',#2559,#2560,#1424,.T.);
#3269=EDGE_CURVE('',#2557,#2560,#1425,.T.);
#3270=EDGE_CURVE('',#2561,#2559,#1426,.T.);
#3271=EDGE_CURVE('',#2561,#2562,#1427,.T.);
#3272=EDGE_CURVE('',#2560,#2562,#1428,.T.);
#3273=EDGE_CURVE('',#2563,#2561,#1429,.T.);
#3274=EDGE_CURVE('',#2563,#2564,#1430,.T.);
#3275=EDGE_CURVE('',#2562,#2564,#1431,.T.);
#3276=EDGE_CURVE('',#2565,#2563,#1432,.T.);
#3277=EDGE_CURVE('',#2565,#2566,#1433,.T.);
#3278=EDGE_CURVE('',#2564,#2566,#1434,.T.);
#3279=EDGE_CURVE('',#2567,#2565,#1435,.T.);
#3280=EDGE_CURVE('',#2567,#2568,#1436,.T.);
#3281=EDGE_CURVE('',#2566,#2568,#1437,.T.);
#3282=EDGE_CURVE('',#2556,#2569,#1438,.T.);
#3283=EDGE_CURVE('',#2570,#2558,#1439,.T.);
#3284=EDGE_CURVE('',#2569,#2570,#1440,.T.);
#3285=EDGE_CURVE('',#2569,#2571,#1441,.T.);
#3286=EDGE_CURVE('',#2572,#2570,#1442,.T.);
#3287=EDGE_CURVE('',#2571,#2572,#1443,.T.);
#3288=EDGE_CURVE('',#2571,#2573,#1444,.T.);
#3289=EDGE_CURVE('',#2574,#2572,#1445,.T.);
#3290=EDGE_CURVE('',#2573,#2574,#1446,.T.);
#3291=EDGE_CURVE('',#2573,#2575,#1447,.T.);
#3292=EDGE_CURVE('',#2576,#2574,#1448,.T.);
#3293=EDGE_CURVE('',#2575,#2576,#1449,.T.);
#3294=EDGE_CURVE('',#2575,#2577,#1450,.T.);
#3295=EDGE_CURVE('',#2578,#2576,#1451,.T.);
#3296=EDGE_CURVE('',#2577,#2578,#1452,.T.);
#3297=EDGE_CURVE('',#2577,#2567,#1453,.T.);
#3298=EDGE_CURVE('',#2568,#2578,#1454,.T.);
#3299=EDGE_CURVE('',#2579,#2580,#366,.T.);
#3300=EDGE_CURVE('',#2579,#2581,#1455,.T.);
#3301=EDGE_CURVE('',#2582,#2581,#367,.T.);
#3302=EDGE_CURVE('',#2580,#2582,#1456,.T.);
#3303=EDGE_CURVE('',#2583,#2579,#368,.T.);
#3304=EDGE_CURVE('',#2583,#2584,#1457,.T.);
#3305=EDGE_CURVE('',#2581,#2584,#369,.T.);
#3306=EDGE_CURVE('',#2585,#2583,#370,.T.);
#3307=EDGE_CURVE('',#2585,#2586,#1458,.T.);
#3308=EDGE_CURVE('',#2584,#2586,#371,.T.);
#3309=EDGE_CURVE('',#2587,#2585,#372,.T.);
#3310=EDGE_CURVE('',#2587,#2588,#1459,.T.);
#3311=EDGE_CURVE('',#2586,#2588,#373,.T.);
#3312=EDGE_CURVE('',#2589,#2587,#374,.T.);
#3313=EDGE_CURVE('',#2589,#2590,#1460,.T.);
#3314=EDGE_CURVE('',#2588,#2590,#375,.T.);
#3315=EDGE_CURVE('',#2591,#2589,#376,.T.);
#3316=EDGE_CURVE('',#2591,#2592,#1461,.T.);
#3317=EDGE_CURVE('',#2590,#2592,#377,.T.);
#3318=EDGE_CURVE('',#2593,#2591,#378,.T.);
#3319=EDGE_CURVE('',#2593,#2594,#1462,.T.);
#3320=EDGE_CURVE('',#2592,#2594,#379,.T.);
#3321=EDGE_CURVE('',#2595,#2593,#380,.T.);
#3322=EDGE_CURVE('',#2595,#2596,#1463,.T.);
#3323=EDGE_CURVE('',#2594,#2596,#381,.T.);
#3324=EDGE_CURVE('',#2597,#2595,#1464,.T.);
#3325=EDGE_CURVE('',#2597,#2598,#1465,.T.);
#3326=EDGE_CURVE('',#2596,#2598,#1466,.T.);
#3327=EDGE_CURVE('',#2599,#2597,#1467,.T.);
#3328=EDGE_CURVE('',#2599,#2600,#1468,.T.);
#3329=EDGE_CURVE('',#2598,#2600,#1469,.T.);
#3330=EDGE_CURVE('',#2601,#2599,#1470,.T.);
#3331=EDGE_CURVE('',#2601,#2602,#1471,.T.);
#3332=EDGE_CURVE('',#2600,#2602,#1472,.T.);
#3333=EDGE_CURVE('',#2603,#2601,#1473,.T.);
#3334=EDGE_CURVE('',#2603,#2604,#1474,.T.);
#3335=EDGE_CURVE('',#2602,#2604,#1475,.T.);
#3336=EDGE_CURVE('',#2580,#2605,#382,.T.);
#3337=EDGE_CURVE('',#2606,#2582,#383,.T.);
#3338=EDGE_CURVE('',#2605,#2606,#1476,.T.);
#3339=EDGE_CURVE('',#2605,#2607,#384,.T.);
#3340=EDGE_CURVE('',#2608,#2606,#385,.T.);
#3341=EDGE_CURVE('',#2607,#2608,#1477,.T.);
#3342=EDGE_CURVE('',#2607,#2609,#1478,.T.);
#3343=EDGE_CURVE('',#2610,#2608,#1479,.T.);
#3344=EDGE_CURVE('',#2609,#2610,#1480,.T.);
#3345=EDGE_CURVE('',#2609,#2611,#386,.T.);
#3346=EDGE_CURVE('',#2612,#2610,#387,.T.);
#3347=EDGE_CURVE('',#2611,#2612,#1481,.T.);
#3348=EDGE_CURVE('',#2611,#2613,#388,.T.);
#3349=EDGE_CURVE('',#2614,#2612,#389,.T.);
#3350=EDGE_CURVE('',#2613,#2614,#1482,.T.);
#3351=EDGE_CURVE('',#2613,#2615,#390,.T.);
#3352=EDGE_CURVE('',#2616,#2614,#391,.T.);
#3353=EDGE_CURVE('',#2615,#2616,#1483,.T.);
#3354=EDGE_CURVE('',#2615,#2617,#392,.T.);
#3355=EDGE_CURVE('',#2618,#2616,#393,.T.);
#3356=EDGE_CURVE('',#2617,#2618,#1484,.T.);
#3357=EDGE_CURVE('',#2617,#2619,#394,.T.);
#3358=EDGE_CURVE('',#2620,#2618,#395,.T.);
#3359=EDGE_CURVE('',#2619,#2620,#1485,.T.);
#3360=EDGE_CURVE('',#2619,#2621,#396,.T.);
#3361=EDGE_CURVE('',#2622,#2620,#397,.T.);
#3362=EDGE_CURVE('',#2621,#2622,#1486,.T.);
#3363=EDGE_CURVE('',#2621,#2623,#398,.T.);
#3364=EDGE_CURVE('',#2624,#2622,#399,.T.);
#3365=EDGE_CURVE('',#2623,#2624,#1487,.T.);
#3366=EDGE_CURVE('',#2623,#2625,#400,.T.);
#3367=EDGE_CURVE('',#2626,#2624,#401,.T.);
#3368=EDGE_CURVE('',#2625,#2626,#1488,.T.);
#3369=EDGE_CURVE('',#2625,#2603,#1489,.T.);
#3370=EDGE_CURVE('',#2604,#2626,#1490,.T.);
#3371=EDGE_CURVE('',#2475,#2627,#1491,.T.);
#3372=EDGE_CURVE('',#2628,#2627,#1492,.T.);
#3373=EDGE_CURVE('',#2476,#2628,#1493,.T.);
#3374=EDGE_CURVE('',#2629,#2630,#1494,.T.);
#3375=EDGE_CURVE('',#2629,#2631,#1495,.T.);
#3376=EDGE_CURVE('',#2632,#2631,#1496,.T.);
#3377=EDGE_CURVE('',#2630,#2632,#1497,.T.);
#3378=EDGE_CURVE('',#2633,#2634,#1498,.T.);
#3379=EDGE_CURVE('',#2633,#2635,#1499,.T.);
#3380=EDGE_CURVE('',#2636,#2635,#1500,.T.);
#3381=EDGE_CURVE('',#2634,#2636,#1501,.T.);
#3382=EDGE_CURVE('',#2637,#2631,#1502,.T.);
#3383=EDGE_CURVE('',#2638,#2637,#1503,.T.);
#3384=EDGE_CURVE('',#2638,#2632,#1504,.T.);
#3385=EDGE_CURVE('',#2639,#2640,#1505,.T.);
#3386=EDGE_CURVE('',#2639,#2641,#1506,.T.);
#3387=EDGE_CURVE('',#2642,#2641,#1507,.T.);
#3388=EDGE_CURVE('',#2640,#2642,#1508,.T.);
#3389=EDGE_CURVE('',#2643,#2641,#1509,.T.);
#3390=EDGE_CURVE('',#2644,#2643,#1510,.T.);
#3391=EDGE_CURVE('',#2644,#2642,#1511,.T.);
#3392=EDGE_CURVE('',#2627,#2645,#1512,.T.);
#3393=EDGE_CURVE('',#2646,#2645,#1513,.T.);
#3394=EDGE_CURVE('',#2628,#2646,#1514,.T.);
#3395=EDGE_CURVE('',#2635,#2647,#1515,.T.);
#3396=EDGE_CURVE('',#2648,#2647,#1516,.T.);
#3397=EDGE_CURVE('',#2636,#2648,#1517,.T.);
#3398=EDGE_CURVE('',#2649,#2649,#15,.T.);
#3399=EDGE_CURVE('',#2649,#2650,#1518,.T.);
#3400=EDGE_CURVE('',#2650,#2650,#16,.T.);
#3401=EDGE_CURVE('',#2651,#2651,#17,.T.);
#3402=EDGE_CURVE('',#2651,#2652,#1519,.T.);
#3403=EDGE_CURVE('',#2652,#2652,#18,.T.);
#3404=EDGE_CURVE('',#2653,#2653,#19,.T.);
#3405=EDGE_CURVE('',#2653,#2654,#1520,.T.);
#3406=EDGE_CURVE('',#2654,#2654,#20,.T.);
#3407=EDGE_CURVE('',#2655,#2655,#21,.T.);
#3408=EDGE_CURVE('',#2655,#2656,#1521,.T.);
#3409=EDGE_CURVE('',#2656,#2656,#22,.T.);
#3410=EDGE_CURVE('',#2657,#2658,#1522,.T.);
#3411=EDGE_CURVE('',#2657,#2659,#1523,.T.);
#3412=EDGE_CURVE('',#2660,#2659,#1524,.T.);
#3413=EDGE_CURVE('',#2658,#2660,#1525,.T.);
#3414=EDGE_CURVE('',#2661,#2657,#1526,.T.);
#3415=EDGE_CURVE('',#2661,#2662,#1527,.T.);
#3416=EDGE_CURVE('',#2659,#2662,#1528,.T.);
#3417=EDGE_CURVE('',#2663,#2661,#1529,.T.);
#3418=EDGE_CURVE('',#2663,#2664,#1530,.T.);
#3419=EDGE_CURVE('',#2662,#2664,#1531,.T.);
#3420=EDGE_CURVE('',#2658,#2663,#1532,.T.);
#3421=EDGE_CURVE('',#2664,#2660,#1533,.T.);
#3422=EDGE_CURVE('',#2643,#2639,#23,.T.);
#3423=EDGE_CURVE('',#2640,#2644,#24,.T.);
#3424=EDGE_CURVE('',#2474,#2646,#25,.T.);
#3425=EDGE_CURVE('',#2645,#2473,#26,.T.);
#3426=EDGE_CURVE('',#2647,#2633,#27,.T.);
#3427=EDGE_CURVE('',#2634,#2648,#28,.T.);
#3428=EDGE_CURVE('',#2630,#2638,#29,.T.);
#3429=EDGE_CURVE('',#2637,#2629,#30,.T.);
#3430=EDGE_CURVE('',#2665,#2666,#31,.T.);
#3431=EDGE_CURVE('',#2666,#2667,#1534,.T.);
#3432=EDGE_CURVE('',#2667,#2668,#32,.T.);
#3433=EDGE_CURVE('',#2668,#2665,#1535,.T.);
#3434=EDGE_CURVE('',#2669,#2666,#1536,.T.);
#3435=EDGE_CURVE('',#2670,#2669,#1537,.T.);
#3436=EDGE_CURVE('',#2667,#2670,#1538,.T.);
#3437=EDGE_CURVE('',#2671,#2672,#33,.T.);
#3438=EDGE_CURVE('',#2672,#2673,#1539,.T.);
#3439=EDGE_CURVE('',#2673,#2674,#34,.T.);
#3440=EDGE_CURVE('',#2674,#2671,#1540,.T.);
#3441=EDGE_CURVE('',#2675,#2672,#1541,.T.);
#3442=EDGE_CURVE('',#2676,#2675,#1542,.T.);
#3443=EDGE_CURVE('',#2673,#2676,#1543,.T.);
#3444=EDGE_CURVE('',#2677,#2678,#35,.T.);
#3445=EDGE_CURVE('',#2678,#2679,#1544,.T.);
#3446=EDGE_CURVE('',#2679,#2680,#36,.T.);
#3447=EDGE_CURVE('',#2680,#2677,#1545,.T.);
#3448=EDGE_CURVE('',#2681,#2678,#1546,.T.);
#3449=EDGE_CURVE('',#2682,#2681,#1547,.T.);
#3450=EDGE_CURVE('',#2679,#2682,#1548,.T.);
#3451=EDGE_CURVE('',#2683,#2684,#37,.T.);
#3452=EDGE_CURVE('',#2684,#2685,#1549,.T.);
#3453=EDGE_CURVE('',#2685,#2686,#38,.T.);
#3454=EDGE_CURVE('',#2686,#2683,#1550,.T.);
#3455=EDGE_CURVE('',#2687,#2684,#1551,.T.);
#3456=EDGE_CURVE('',#2688,#2687,#1552,.T.);
#3457=EDGE_CURVE('',#2685,#2688,#1553,.T.);
#3458=EDGE_CURVE('',#2689,#2690,#39,.T.);
#3459=EDGE_CURVE('',#2690,#2691,#1554,.T.);
#3460=EDGE_CURVE('',#2691,#2692,#40,.T.);
#3461=EDGE_CURVE('',#2692,#2689,#1555,.T.);
#3462=EDGE_CURVE('',#2693,#2690,#1556,.T.);
#3463=EDGE_CURVE('',#2694,#2693,#1557,.T.);
#3464=EDGE_CURVE('',#2691,#2694,#1558,.T.);
#3465=EDGE_CURVE('',#2695,#2696,#41,.T.);
#3466=EDGE_CURVE('',#2696,#2697,#1559,.T.);
#3467=EDGE_CURVE('',#2697,#2698,#42,.T.);
#3468=EDGE_CURVE('',#2698,#2695,#1560,.T.);
#3469=EDGE_CURVE('',#2699,#2696,#1561,.T.);
#3470=EDGE_CURVE('',#2700,#2699,#1562,.T.);
#3471=EDGE_CURVE('',#2697,#2700,#1563,.T.);
#3472=EDGE_CURVE('',#2701,#2702,#43,.T.);
#3473=EDGE_CURVE('',#2702,#2703,#1564,.T.);
#3474=EDGE_CURVE('',#2703,#2704,#44,.T.);
#3475=EDGE_CURVE('',#2704,#2701,#1565,.T.);
#3476=EDGE_CURVE('',#2705,#2702,#1566,.T.);
#3477=EDGE_CURVE('',#2706,#2705,#1567,.T.);
#3478=EDGE_CURVE('',#2703,#2706,#1568,.T.);
#3479=EDGE_CURVE('',#2707,#2708,#45,.T.);
#3480=EDGE_CURVE('',#2708,#2709,#1569,.T.);
#3481=EDGE_CURVE('',#2709,#2710,#46,.T.);
#3482=EDGE_CURVE('',#2710,#2707,#1570,.T.);
#3483=EDGE_CURVE('',#2711,#2708,#1571,.T.);
#3484=EDGE_CURVE('',#2712,#2711,#1572,.T.);
#3485=EDGE_CURVE('',#2709,#2712,#1573,.T.);
#3486=EDGE_CURVE('',#2713,#2714,#47,.T.);
#3487=EDGE_CURVE('',#2714,#2715,#1574,.T.);
#3488=EDGE_CURVE('',#2715,#2716,#48,.T.);
#3489=EDGE_CURVE('',#2716,#2713,#1575,.T.);
#3490=EDGE_CURVE('',#2717,#2714,#1576,.T.);
#3491=EDGE_CURVE('',#2718,#2717,#1577,.T.);
#3492=EDGE_CURVE('',#2715,#2718,#1578,.T.);
#3493=EDGE_CURVE('',#2719,#2720,#49,.T.);
#3494=EDGE_CURVE('',#2720,#2721,#1579,.T.);
#3495=EDGE_CURVE('',#2721,#2722,#50,.T.);
#3496=EDGE_CURVE('',#2722,#2719,#1580,.T.);
#3497=EDGE_CURVE('',#2721,#2686,#1581,.T.);
#3498=EDGE_CURVE('',#2683,#2720,#1582,.T.);
#3499=EDGE_CURVE('',#2723,#2724,#51,.T.);
#3500=EDGE_CURVE('',#2724,#2725,#1583,.T.);
#3501=EDGE_CURVE('',#2725,#2726,#52,.T.);
#3502=EDGE_CURVE('',#2726,#2723,#1584,.T.);
#3503=EDGE_CURVE('',#2725,#2698,#1585,.T.);
#3504=EDGE_CURVE('',#2695,#2724,#1586,.T.);
#3505=EDGE_CURVE('',#2727,#2728,#53,.T.);
#3506=EDGE_CURVE('',#2728,#2729,#1587,.T.);
#3507=EDGE_CURVE('',#2729,#2730,#54,.T.);
#3508=EDGE_CURVE('',#2730,#2727,#1588,.T.);
#3509=EDGE_CURVE('',#2729,#2704,#1589,.T.);
#3510=EDGE_CURVE('',#2701,#2728,#1590,.T.);
#3511=EDGE_CURVE('',#2731,#2732,#55,.T.);
#3512=EDGE_CURVE('',#2732,#2733,#1591,.T.);
#3513=EDGE_CURVE('',#2733,#2734,#56,.T.);
#3514=EDGE_CURVE('',#2734,#2731,#1592,.T.);
#3515=EDGE_CURVE('',#2733,#2674,#1593,.T.);
#3516=EDGE_CURVE('',#2671,#2732,#1594,.T.);
#3517=EDGE_CURVE('',#2735,#2736,#57,.T.);
#3518=EDGE_CURVE('',#2736,#2737,#1595,.T.);
#3519=EDGE_CURVE('',#2737,#2738,#58,.T.);
#3520=EDGE_CURVE('',#2738,#2735,#1596,.T.);
#3521=EDGE_CURVE('',#2737,#2668,#1597,.T.);
#3522=EDGE_CURVE('',#2665,#2736,#1598,.T.);
#3523=EDGE_CURVE('',#2739,#2740,#59,.T.);
#3524=EDGE_CURVE('',#2740,#2741,#1599,.T.);
#3525=EDGE_CURVE('',#2741,#2742,#60,.T.);
#3526=EDGE_CURVE('',#2742,#2739,#1600,.T.);
#3527=EDGE_CURVE('',#2741,#2680,#1601,.T.);
#3528=EDGE_CURVE('',#2677,#2740,#1602,.T.);
#3529=EDGE_CURVE('',#2743,#2744,#61,.T.);
#3530=EDGE_CURVE('',#2744,#2745,#1603,.T.);
#3531=EDGE_CURVE('',#2745,#2746,#62,.T.);
#3532=EDGE_CURVE('',#2746,#2743,#1604,.T.);
#3533=EDGE_CURVE('',#2745,#2692,#1605,.T.);
#3534=EDGE_CURVE('',#2689,#2744,#1606,.T.);
#3535=EDGE_CURVE('',#2747,#2748,#63,.T.);
#3536=EDGE_CURVE('',#2748,#2749,#1607,.T.);
#3537=EDGE_CURVE('',#2749,#2750,#64,.T.);
#3538=EDGE_CURVE('',#2750,#2747,#1608,.T.);
#3539=EDGE_CURVE('',#2749,#2710,#1609,.T.);
#3540=EDGE_CURVE('',#2707,#2748,#1610,.T.);
#3541=EDGE_CURVE('',#2751,#2752,#65,.T.);
#3542=EDGE_CURVE('',#2752,#2753,#1611,.T.);
#3543=EDGE_CURVE('',#2753,#2754,#66,.T.);
#3544=EDGE_CURVE('',#2754,#2751,#1612,.T.);
#3545=EDGE_CURVE('',#2753,#2716,#1613,.T.);
#3546=EDGE_CURVE('',#2713,#2752,#1614,.T.);
#3547=EDGE_CURVE('',#2755,#2756,#67,.T.);
#3548=EDGE_CURVE('',#2756,#2757,#1615,.T.);
#3549=EDGE_CURVE('',#2757,#2758,#68,.T.);
#3550=EDGE_CURVE('',#2758,#2755,#1616,.T.);
#3551=EDGE_CURVE('',#2757,#2754,#1617,.T.);
#3552=EDGE_CURVE('',#2751,#2756,#1618,.T.);
#3553=EDGE_CURVE('',#2759,#2760,#69,.T.);
#3554=EDGE_CURVE('',#2760,#2761,#1619,.T.);
#3555=EDGE_CURVE('',#2761,#2762,#70,.T.);
#3556=EDGE_CURVE('',#2762,#2759,#1620,.T.);
#3557=EDGE_CURVE('',#2761,#2734,#1621,.T.);
#3558=EDGE_CURVE('',#2731,#2760,#1622,.T.);
#3559=EDGE_CURVE('',#2763,#2764,#71,.T.);
#3560=EDGE_CURVE('',#2764,#2765,#1623,.T.);
#3561=EDGE_CURVE('',#2765,#2766,#72,.T.);
#3562=EDGE_CURVE('',#2766,#2763,#1624,.T.);
#3563=EDGE_CURVE('',#2765,#2738,#1625,.T.);
#3564=EDGE_CURVE('',#2735,#2764,#1626,.T.);
#3565=EDGE_CURVE('',#2767,#2768,#73,.T.);
#3566=EDGE_CURVE('',#2768,#2769,#1627,.T.);
#3567=EDGE_CURVE('',#2769,#2770,#74,.T.);
#3568=EDGE_CURVE('',#2770,#2767,#1628,.T.);
#3569=EDGE_CURVE('',#2769,#2742,#1629,.T.);
#3570=EDGE_CURVE('',#2739,#2768,#1630,.T.);
#3571=EDGE_CURVE('',#2771,#2772,#75,.T.);
#3572=EDGE_CURVE('',#2772,#2773,#1631,.T.);
#3573=EDGE_CURVE('',#2773,#2774,#76,.T.);
#3574=EDGE_CURVE('',#2774,#2771,#1632,.T.);
#3575=EDGE_CURVE('',#2773,#2746,#1633,.T.);
#3576=EDGE_CURVE('',#2743,#2772,#1634,.T.);
#3577=EDGE_CURVE('',#2775,#2776,#77,.T.);
#3578=EDGE_CURVE('',#2776,#2777,#1635,.T.);
#3579=EDGE_CURVE('',#2777,#2778,#78,.T.);
#3580=EDGE_CURVE('',#2778,#2775,#1636,.T.);
#3581=EDGE_CURVE('',#2777,#2750,#1637,.T.);
#3582=EDGE_CURVE('',#2747,#2776,#1638,.T.);
#3583=EDGE_CURVE('',#2779,#2780,#79,.T.);
#3584=EDGE_CURVE('',#2780,#2781,#1639,.T.);
#3585=EDGE_CURVE('',#2781,#2782,#80,.T.);
#3586=EDGE_CURVE('',#2782,#2779,#1640,.T.);
#3587=EDGE_CURVE('',#2781,#2730,#1641,.T.);
#3588=EDGE_CURVE('',#2727,#2780,#1642,.T.);
#3589=EDGE_CURVE('',#2783,#2784,#81,.T.);
#3590=EDGE_CURVE('',#2784,#2785,#1643,.T.);
#3591=EDGE_CURVE('',#2785,#2786,#82,.T.);
#3592=EDGE_CURVE('',#2786,#2783,#1644,.T.);
#3593=EDGE_CURVE('',#2785,#2726,#1645,.T.);
#3594=EDGE_CURVE('',#2723,#2784,#1646,.T.);
#3595=EDGE_CURVE('',#2787,#2788,#83,.T.);
#3596=EDGE_CURVE('',#2788,#2789,#1647,.T.);
#3597=EDGE_CURVE('',#2789,#2790,#84,.T.);
#3598=EDGE_CURVE('',#2790,#2787,#1648,.T.);
#3599=EDGE_CURVE('',#2789,#2722,#1649,.T.);
#3600=EDGE_CURVE('',#2719,#2788,#1650,.T.);
#3601=EDGE_CURVE('',#2717,#2791,#85,.T.);
#3602=EDGE_CURVE('',#2791,#2792,#1651,.T.);
#3603=EDGE_CURVE('',#2792,#2718,#86,.T.);
#3604=EDGE_CURVE('',#2792,#2758,#1652,.T.);
#3605=EDGE_CURVE('',#2755,#2791,#1653,.T.);
#3606=EDGE_CURVE('',#2675,#2793,#87,.T.);
#3607=EDGE_CURVE('',#2793,#2794,#1654,.T.);
#3608=EDGE_CURVE('',#2794,#2676,#88,.T.);
#3609=EDGE_CURVE('',#2794,#2762,#1655,.T.);
#3610=EDGE_CURVE('',#2759,#2793,#1656,.T.);
#3611=EDGE_CURVE('',#2669,#2795,#89,.T.);
#3612=EDGE_CURVE('',#2795,#2796,#1657,.T.);
#3613=EDGE_CURVE('',#2796,#2670,#90,.T.);
#3614=EDGE_CURVE('',#2796,#2766,#1658,.T.);
#3615=EDGE_CURVE('',#2763,#2795,#1659,.T.);
#3616=EDGE_CURVE('',#2711,#2797,#91,.T.);
#3617=EDGE_CURVE('',#2797,#2798,#1660,.T.);
#3618=EDGE_CURVE('',#2798,#2712,#92,.T.);
#3619=EDGE_CURVE('',#2798,#2778,#1661,.T.);
#3620=EDGE_CURVE('',#2775,#2797,#1662,.T.);
#3621=EDGE_CURVE('',#2693,#2799,#93,.T.);
#3622=EDGE_CURVE('',#2799,#2800,#1663,.T.);
#3623=EDGE_CURVE('',#2800,#2694,#94,.T.);
#3624=EDGE_CURVE('',#2800,#2774,#1664,.T.);
#3625=EDGE_CURVE('',#2771,#2799,#1665,.T.);
#3626=EDGE_CURVE('',#2681,#2801,#95,.T.);
#3627=EDGE_CURVE('',#2801,#2802,#1666,.T.);
#3628=EDGE_CURVE('',#2802,#2682,#96,.T.);
#3629=EDGE_CURVE('',#2802,#2770,#1667,.T.);
#3630=EDGE_CURVE('',#2767,#2801,#1668,.T.);
#3631=EDGE_CURVE('',#2687,#2803,#97,.T.);
#3632=EDGE_CURVE('',#2803,#2804,#1669,.T.);
#3633=EDGE_CURVE('',#2804,#2688,#98,.T.);
#3634=EDGE_CURVE('',#2804,#2790,#1670,.T.);
#3635=EDGE_CURVE('',#2787,#2803,#1671,.T.);
#3636=EDGE_CURVE('',#2699,#2805,#99,.T.);
#3637=EDGE_CURVE('',#2805,#2806,#1672,.T.);
#3638=EDGE_CURVE('',#2806,#2700,#100,.T.);
#3639=EDGE_CURVE('',#2806,#2786,#1673,.T.);
#3640=EDGE_CURVE('',#2783,#2805,#1674,.T.);
#3641=EDGE_CURVE('',#2705,#2807,#101,.T.);
#3642=EDGE_CURVE('',#2807,#2808,#1675,.T.);
#3643=EDGE_CURVE('',#2808,#2706,#102,.T.);
#3644=EDGE_CURVE('',#2808,#2782,#1676,.T.);
#3645=EDGE_CURVE('',#2779,#2807,#1677,.T.);
#3646=EDGE_CURVE('',#2809,#2810,#103,.T.);
#3647=EDGE_CURVE('',#2810,#2811,#1678,.T.);
#3648=EDGE_CURVE('',#2811,#2812,#104,.T.);
#3649=EDGE_CURVE('',#2812,#2809,#1679,.T.);
#3650=EDGE_CURVE('',#2813,#2812,#1680,.T.);
#3651=EDGE_CURVE('',#2814,#2813,#1681,.T.);
#3652=EDGE_CURVE('',#2809,#2814,#1682,.T.);
#3653=EDGE_CURVE('',#2811,#2815,#1683,.T.);
#3654=EDGE_CURVE('',#2816,#2815,#105,.T.);
#3655=EDGE_CURVE('',#2816,#2817,#1684,.T.);
#3656=EDGE_CURVE('',#2818,#2817,#106,.T.);
#3657=EDGE_CURVE('',#2818,#2819,#1685,.T.);
#3658=EDGE_CURVE('',#2813,#2819,#107,.T.);
#3659=EDGE_CURVE('',#2820,#2821,#1686,.T.);
#3660=EDGE_CURVE('',#2821,#2822,#1687,.T.);
#3661=EDGE_CURVE('',#2822,#2823,#1688,.T.);
#3662=EDGE_CURVE('',#2823,#2820,#1689,.T.);
#3663=EDGE_CURVE('',#2824,#2814,#108,.T.);
#3664=EDGE_CURVE('',#2819,#2824,#1690,.T.);
#3665=EDGE_CURVE('',#2825,#2818,#1691,.T.);
#3666=EDGE_CURVE('',#2824,#2825,#1692,.T.);
#3667=EDGE_CURVE('',#2826,#2825,#109,.T.);
#3668=EDGE_CURVE('',#2817,#2826,#1693,.T.);
#3669=EDGE_CURVE('',#2827,#2816,#1694,.T.);
#3670=EDGE_CURVE('',#2826,#2827,#1695,.T.);
#3671=EDGE_CURVE('',#2828,#2827,#110,.T.);
#3672=EDGE_CURVE('',#2815,#2828,#1696,.T.);
#3673=EDGE_CURVE('',#2829,#2830,#1697,.T.);
#3674=EDGE_CURVE('',#2829,#2821,#1698,.T.);
#3675=EDGE_CURVE('',#2830,#2820,#1699,.T.);
#3676=EDGE_CURVE('',#2831,#2829,#1700,.T.);
#3677=EDGE_CURVE('',#2831,#2822,#1701,.T.);
#3678=EDGE_CURVE('',#2832,#2831,#1702,.T.);
#3679=EDGE_CURVE('',#2832,#2823,#1703,.T.);
#3680=EDGE_CURVE('',#2830,#2832,#1704,.T.);
#3681=EDGE_CURVE('',#2828,#2810,#1705,.T.);
#3682=ORIENTED_EDGE('',*,*,#2833,.F.);
#3683=ORIENTED_EDGE('',*,*,#2834,.T.);
#3684=ORIENTED_EDGE('',*,*,#2835,.F.);
#3685=ORIENTED_EDGE('',*,*,#2836,.F.);
#3686=ORIENTED_EDGE('',*,*,#2837,.F.);
#3687=ORIENTED_EDGE('',*,*,#2838,.T.);
#3688=ORIENTED_EDGE('',*,*,#2839,.F.);
#3689=ORIENTED_EDGE('',*,*,#2834,.F.);
#3690=ORIENTED_EDGE('',*,*,#2840,.F.);
#3691=ORIENTED_EDGE('',*,*,#2841,.T.);
#3692=ORIENTED_EDGE('',*,*,#2842,.F.);
#3693=ORIENTED_EDGE('',*,*,#2838,.F.);
#3694=ORIENTED_EDGE('',*,*,#2843,.F.);
#3695=ORIENTED_EDGE('',*,*,#2844,.T.);
#3696=ORIENTED_EDGE('',*,*,#2845,.F.);
#3697=ORIENTED_EDGE('',*,*,#2841,.F.);
#3698=ORIENTED_EDGE('',*,*,#2846,.F.);
#3699=ORIENTED_EDGE('',*,*,#2847,.T.);
#3700=ORIENTED_EDGE('',*,*,#2848,.F.);
#3701=ORIENTED_EDGE('',*,*,#2844,.F.);
#3702=ORIENTED_EDGE('',*,*,#2849,.F.);
#3703=ORIENTED_EDGE('',*,*,#2850,.T.);
#3704=ORIENTED_EDGE('',*,*,#2851,.F.);
#3705=ORIENTED_EDGE('',*,*,#2847,.F.);
#3706=ORIENTED_EDGE('',*,*,#2852,.F.);
#3707=ORIENTED_EDGE('',*,*,#2836,.T.);
#3708=ORIENTED_EDGE('',*,*,#2853,.F.);
#3709=ORIENTED_EDGE('',*,*,#2854,.F.);
#3710=ORIENTED_EDGE('',*,*,#2855,.F.);
#3711=ORIENTED_EDGE('',*,*,#2854,.T.);
#3712=ORIENTED_EDGE('',*,*,#2856,.F.);
#3713=ORIENTED_EDGE('',*,*,#2857,.F.);
#3714=ORIENTED_EDGE('',*,*,#2858,.F.);
#3715=ORIENTED_EDGE('',*,*,#2857,.T.);
#3716=ORIENTED_EDGE('',*,*,#2859,.F.);
#3717=ORIENTED_EDGE('',*,*,#2860,.F.);
#3718=ORIENTED_EDGE('',*,*,#2861,.F.);
#3719=ORIENTED_EDGE('',*,*,#2860,.T.);
#3720=ORIENTED_EDGE('',*,*,#2862,.F.);
#3721=ORIENTED_EDGE('',*,*,#2863,.F.);
#3722=ORIENTED_EDGE('',*,*,#2864,.F.);
#3723=ORIENTED_EDGE('',*,*,#2863,.T.);
#3724=ORIENTED_EDGE('',*,*,#2865,.F.);
#3725=ORIENTED_EDGE('',*,*,#2866,.F.);
#3726=ORIENTED_EDGE('',*,*,#2867,.F.);
#3727=ORIENTED_EDGE('',*,*,#2866,.T.);
#3728=ORIENTED_EDGE('',*,*,#2868,.F.);
#3729=ORIENTED_EDGE('',*,*,#2850,.F.);
#3730=ORIENTED_EDGE('',*,*,#2851,.T.);
#3731=ORIENTED_EDGE('',*,*,#2868,.T.);
#3732=ORIENTED_EDGE('',*,*,#2865,.T.);
#3733=ORIENTED_EDGE('',*,*,#2862,.T.);
#3734=ORIENTED_EDGE('',*,*,#2859,.T.);
#3735=ORIENTED_EDGE('',*,*,#2856,.T.);
#3736=ORIENTED_EDGE('',*,*,#2853,.T.);
#3737=ORIENTED_EDGE('',*,*,#2835,.T.);
#3738=ORIENTED_EDGE('',*,*,#2839,.T.);
#3739=ORIENTED_EDGE('',*,*,#2842,.T.);
#3740=ORIENTED_EDGE('',*,*,#2845,.T.);
#3741=ORIENTED_EDGE('',*,*,#2848,.T.);
#3742=ORIENTED_EDGE('',*,*,#2869,.F.);
#3743=ORIENTED_EDGE('',*,*,#2870,.T.);
#3744=ORIENTED_EDGE('',*,*,#2871,.F.);
#3745=ORIENTED_EDGE('',*,*,#2872,.F.);
#3746=ORIENTED_EDGE('',*,*,#2873,.F.);
#3747=ORIENTED_EDGE('',*,*,#2874,.T.);
#3748=ORIENTED_EDGE('',*,*,#2875,.F.);
#3749=ORIENTED_EDGE('',*,*,#2870,.F.);
#3750=ORIENTED_EDGE('',*,*,#2876,.F.);
#3751=ORIENTED_EDGE('',*,*,#2877,.T.);
#3752=ORIENTED_EDGE('',*,*,#2878,.F.);
#3753=ORIENTED_EDGE('',*,*,#2874,.F.);
#3754=ORIENTED_EDGE('',*,*,#2879,.F.);
#3755=ORIENTED_EDGE('',*,*,#2880,.T.);
#3756=ORIENTED_EDGE('',*,*,#2881,.F.);
#3757=ORIENTED_EDGE('',*,*,#2877,.F.);
#3758=ORIENTED_EDGE('',*,*,#2882,.F.);
#3759=ORIENTED_EDGE('',*,*,#2883,.T.);
#3760=ORIENTED_EDGE('',*,*,#2884,.F.);
#3761=ORIENTED_EDGE('',*,*,#2880,.F.);
#3762=ORIENTED_EDGE('',*,*,#2885,.F.);
#3763=ORIENTED_EDGE('',*,*,#2886,.T.);
#3764=ORIENTED_EDGE('',*,*,#2887,.F.);
#3765=ORIENTED_EDGE('',*,*,#2883,.F.);
#3766=ORIENTED_EDGE('',*,*,#2888,.F.);
#3767=ORIENTED_EDGE('',*,*,#2889,.T.);
#3768=ORIENTED_EDGE('',*,*,#2890,.F.);
#3769=ORIENTED_EDGE('',*,*,#2886,.F.);
#3770=ORIENTED_EDGE('',*,*,#2891,.F.);
#3771=ORIENTED_EDGE('',*,*,#2892,.T.);
#3772=ORIENTED_EDGE('',*,*,#2893,.F.);
#3773=ORIENTED_EDGE('',*,*,#2889,.F.);
#3774=ORIENTED_EDGE('',*,*,#2894,.F.);
#3775=ORIENTED_EDGE('',*,*,#2895,.T.);
#3776=ORIENTED_EDGE('',*,*,#2896,.F.);
#3777=ORIENTED_EDGE('',*,*,#2892,.F.);
#3778=ORIENTED_EDGE('',*,*,#2897,.F.);
#3779=ORIENTED_EDGE('',*,*,#2898,.T.);
#3780=ORIENTED_EDGE('',*,*,#2899,.F.);
#3781=ORIENTED_EDGE('',*,*,#2895,.F.);
#3782=ORIENTED_EDGE('',*,*,#2900,.F.);
#3783=ORIENTED_EDGE('',*,*,#2901,.T.);
#3784=ORIENTED_EDGE('',*,*,#2902,.F.);
#3785=ORIENTED_EDGE('',*,*,#2898,.F.);
#3786=ORIENTED_EDGE('',*,*,#2903,.F.);
#3787=ORIENTED_EDGE('',*,*,#2904,.T.);
#3788=ORIENTED_EDGE('',*,*,#2905,.F.);
#3789=ORIENTED_EDGE('',*,*,#2901,.F.);
#3790=ORIENTED_EDGE('',*,*,#2906,.F.);
#3791=ORIENTED_EDGE('',*,*,#2907,.T.);
#3792=ORIENTED_EDGE('',*,*,#2908,.F.);
#3793=ORIENTED_EDGE('',*,*,#2904,.F.);
#3794=ORIENTED_EDGE('',*,*,#2909,.F.);
#3795=ORIENTED_EDGE('',*,*,#2910,.T.);
#3796=ORIENTED_EDGE('',*,*,#2911,.F.);
#3797=ORIENTED_EDGE('',*,*,#2907,.F.);
#3798=ORIENTED_EDGE('',*,*,#2912,.F.);
#3799=ORIENTED_EDGE('',*,*,#2872,.T.);
#3800=ORIENTED_EDGE('',*,*,#2913,.F.);
#3801=ORIENTED_EDGE('',*,*,#2914,.F.);
#3802=ORIENTED_EDGE('',*,*,#2915,.F.);
#3803=ORIENTED_EDGE('',*,*,#2914,.T.);
#3804=ORIENTED_EDGE('',*,*,#2916,.F.);
#3805=ORIENTED_EDGE('',*,*,#2917,.F.);
#3806=ORIENTED_EDGE('',*,*,#2918,.F.);
#3807=ORIENTED_EDGE('',*,*,#2917,.T.);
#3808=ORIENTED_EDGE('',*,*,#2919,.F.);
#3809=ORIENTED_EDGE('',*,*,#2920,.F.);
#3810=ORIENTED_EDGE('',*,*,#2921,.F.);
#3811=ORIENTED_EDGE('',*,*,#2920,.T.);
#3812=ORIENTED_EDGE('',*,*,#2922,.F.);
#3813=ORIENTED_EDGE('',*,*,#2923,.F.);
#3814=ORIENTED_EDGE('',*,*,#2924,.F.);
#3815=ORIENTED_EDGE('',*,*,#2923,.T.);
#3816=ORIENTED_EDGE('',*,*,#2925,.F.);
#3817=ORIENTED_EDGE('',*,*,#2926,.F.);
#3818=ORIENTED_EDGE('',*,*,#2927,.F.);
#3819=ORIENTED_EDGE('',*,*,#2926,.T.);
#3820=ORIENTED_EDGE('',*,*,#2928,.F.);
#3821=ORIENTED_EDGE('',*,*,#2929,.F.);
#3822=ORIENTED_EDGE('',*,*,#2930,.F.);
#3823=ORIENTED_EDGE('',*,*,#2929,.T.);
#3824=ORIENTED_EDGE('',*,*,#2931,.F.);
#3825=ORIENTED_EDGE('',*,*,#2932,.F.);
#3826=ORIENTED_EDGE('',*,*,#2933,.F.);
#3827=ORIENTED_EDGE('',*,*,#2932,.T.);
#3828=ORIENTED_EDGE('',*,*,#2934,.F.);
#3829=ORIENTED_EDGE('',*,*,#2935,.F.);
#3830=ORIENTED_EDGE('',*,*,#2936,.F.);
#3831=ORIENTED_EDGE('',*,*,#2935,.T.);
#3832=ORIENTED_EDGE('',*,*,#2937,.F.);
#3833=ORIENTED_EDGE('',*,*,#2938,.F.);
#3834=ORIENTED_EDGE('',*,*,#2939,.F.);
#3835=ORIENTED_EDGE('',*,*,#2938,.T.);
#3836=ORIENTED_EDGE('',*,*,#2940,.F.);
#3837=ORIENTED_EDGE('',*,*,#2941,.F.);
#3838=ORIENTED_EDGE('',*,*,#2942,.F.);
#3839=ORIENTED_EDGE('',*,*,#2941,.T.);
#3840=ORIENTED_EDGE('',*,*,#2943,.F.);
#3841=ORIENTED_EDGE('',*,*,#2944,.F.);
#3842=ORIENTED_EDGE('',*,*,#2945,.F.);
#3843=ORIENTED_EDGE('',*,*,#2944,.T.);
#3844=ORIENTED_EDGE('',*,*,#2946,.F.);
#3845=ORIENTED_EDGE('',*,*,#2947,.F.);
#3846=ORIENTED_EDGE('',*,*,#2948,.F.);
#3847=ORIENTED_EDGE('',*,*,#2947,.T.);
#3848=ORIENTED_EDGE('',*,*,#2949,.F.);
#3849=ORIENTED_EDGE('',*,*,#2950,.F.);
#3850=ORIENTED_EDGE('',*,*,#2951,.F.);
#3851=ORIENTED_EDGE('',*,*,#2950,.T.);
#3852=ORIENTED_EDGE('',*,*,#2952,.F.);
#3853=ORIENTED_EDGE('',*,*,#2953,.F.);
#3854=ORIENTED_EDGE('',*,*,#2954,.F.);
#3855=ORIENTED_EDGE('',*,*,#2953,.T.);
#3856=ORIENTED_EDGE('',*,*,#2955,.F.);
#3857=ORIENTED_EDGE('',*,*,#2910,.F.);
#3858=ORIENTED_EDGE('',*,*,#2911,.T.);
#3859=ORIENTED_EDGE('',*,*,#2955,.T.);
#3860=ORIENTED_EDGE('',*,*,#2952,.T.);
#3861=ORIENTED_EDGE('',*,*,#2949,.T.);
#3862=ORIENTED_EDGE('',*,*,#2946,.T.);
#3863=ORIENTED_EDGE('',*,*,#2943,.T.);
#3864=ORIENTED_EDGE('',*,*,#2940,.T.);
#3865=ORIENTED_EDGE('',*,*,#2937,.T.);
#3866=ORIENTED_EDGE('',*,*,#2934,.T.);
#3867=ORIENTED_EDGE('',*,*,#2931,.T.);
#3868=ORIENTED_EDGE('',*,*,#2928,.T.);
#3869=ORIENTED_EDGE('',*,*,#2925,.T.);
#3870=ORIENTED_EDGE('',*,*,#2922,.T.);
#3871=ORIENTED_EDGE('',*,*,#2919,.T.);
#3872=ORIENTED_EDGE('',*,*,#2916,.T.);
#3873=ORIENTED_EDGE('',*,*,#2913,.T.);
#3874=ORIENTED_EDGE('',*,*,#2871,.T.);
#3875=ORIENTED_EDGE('',*,*,#2875,.T.);
#3876=ORIENTED_EDGE('',*,*,#2878,.T.);
#3877=ORIENTED_EDGE('',*,*,#2881,.T.);
#3878=ORIENTED_EDGE('',*,*,#2884,.T.);
#3879=ORIENTED_EDGE('',*,*,#2887,.T.);
#3880=ORIENTED_EDGE('',*,*,#2890,.T.);
#3881=ORIENTED_EDGE('',*,*,#2893,.T.);
#3882=ORIENTED_EDGE('',*,*,#2896,.T.);
#3883=ORIENTED_EDGE('',*,*,#2899,.T.);
#3884=ORIENTED_EDGE('',*,*,#2902,.T.);
#3885=ORIENTED_EDGE('',*,*,#2905,.T.);
#3886=ORIENTED_EDGE('',*,*,#2908,.T.);
#3887=ORIENTED_EDGE('',*,*,#2956,.F.);
#3888=ORIENTED_EDGE('',*,*,#2957,.T.);
#3889=ORIENTED_EDGE('',*,*,#2958,.F.);
#3890=ORIENTED_EDGE('',*,*,#2959,.F.);
#3891=ORIENTED_EDGE('',*,*,#2960,.F.);
#3892=ORIENTED_EDGE('',*,*,#2961,.T.);
#3893=ORIENTED_EDGE('',*,*,#2962,.F.);
#3894=ORIENTED_EDGE('',*,*,#2957,.F.);
#3895=ORIENTED_EDGE('',*,*,#2963,.F.);
#3896=ORIENTED_EDGE('',*,*,#2964,.T.);
#3897=ORIENTED_EDGE('',*,*,#2965,.F.);
#3898=ORIENTED_EDGE('',*,*,#2961,.F.);
#3899=ORIENTED_EDGE('',*,*,#2966,.F.);
#3900=ORIENTED_EDGE('',*,*,#2967,.T.);
#3901=ORIENTED_EDGE('',*,*,#2968,.F.);
#3902=ORIENTED_EDGE('',*,*,#2964,.F.);
#3903=ORIENTED_EDGE('',*,*,#2969,.F.);
#3904=ORIENTED_EDGE('',*,*,#2970,.T.);
#3905=ORIENTED_EDGE('',*,*,#2971,.F.);
#3906=ORIENTED_EDGE('',*,*,#2972,.F.);
#3907=ORIENTED_EDGE('',*,*,#2973,.F.);
#3908=ORIENTED_EDGE('',*,*,#2974,.T.);
#3909=ORIENTED_EDGE('',*,*,#2975,.F.);
#3910=ORIENTED_EDGE('',*,*,#2970,.F.);
#3911=ORIENTED_EDGE('',*,*,#2976,.F.);
#3912=ORIENTED_EDGE('',*,*,#2972,.T.);
#3913=ORIENTED_EDGE('',*,*,#2977,.F.);
#3914=ORIENTED_EDGE('',*,*,#2978,.F.);
#3915=ORIENTED_EDGE('',*,*,#2979,.F.);
#3916=ORIENTED_EDGE('',*,*,#2978,.T.);
#3917=ORIENTED_EDGE('',*,*,#2980,.F.);
#3918=ORIENTED_EDGE('',*,*,#2981,.F.);
#3919=ORIENTED_EDGE('',*,*,#2982,.F.);
#3920=ORIENTED_EDGE('',*,*,#2981,.T.);
#3921=ORIENTED_EDGE('',*,*,#2983,.F.);
#3922=ORIENTED_EDGE('',*,*,#2974,.F.);
#3923=ORIENTED_EDGE('',*,*,#2984,.F.);
#3924=ORIENTED_EDGE('',*,*,#2959,.T.);
#3925=ORIENTED_EDGE('',*,*,#2985,.F.);
#3926=ORIENTED_EDGE('',*,*,#2986,.F.);
#3927=ORIENTED_EDGE('',*,*,#2987,.F.);
#3928=ORIENTED_EDGE('',*,*,#2986,.T.);
#3929=ORIENTED_EDGE('',*,*,#2988,.F.);
#3930=ORIENTED_EDGE('',*,*,#2989,.F.);
#3931=ORIENTED_EDGE('',*,*,#2990,.F.);
#3932=ORIENTED_EDGE('',*,*,#2989,.T.);
#3933=ORIENTED_EDGE('',*,*,#2991,.F.);
#3934=ORIENTED_EDGE('',*,*,#2992,.F.);
#3935=ORIENTED_EDGE('',*,*,#2993,.F.);
#3936=ORIENTED_EDGE('',*,*,#2992,.T.);
#3937=ORIENTED_EDGE('',*,*,#2994,.F.);
#3938=ORIENTED_EDGE('',*,*,#2967,.F.);
#3939=ORIENTED_EDGE('',*,*,#2968,.T.);
#3940=ORIENTED_EDGE('',*,*,#2994,.T.);
#3941=ORIENTED_EDGE('',*,*,#2991,.T.);
#3942=ORIENTED_EDGE('',*,*,#2988,.T.);
#3943=ORIENTED_EDGE('',*,*,#2985,.T.);
#3944=ORIENTED_EDGE('',*,*,#2958,.T.);
#3945=ORIENTED_EDGE('',*,*,#2962,.T.);
#3946=ORIENTED_EDGE('',*,*,#2965,.T.);
#3947=ORIENTED_EDGE('',*,*,#2975,.T.);
#3948=ORIENTED_EDGE('',*,*,#2983,.T.);
#3949=ORIENTED_EDGE('',*,*,#2980,.T.);
#3950=ORIENTED_EDGE('',*,*,#2977,.T.);
#3951=ORIENTED_EDGE('',*,*,#2971,.T.);
#3952=ORIENTED_EDGE('',*,*,#2969,.T.);
#3953=ORIENTED_EDGE('',*,*,#2976,.T.);
#3954=ORIENTED_EDGE('',*,*,#2979,.T.);
#3955=ORIENTED_EDGE('',*,*,#2982,.T.);
#3956=ORIENTED_EDGE('',*,*,#2973,.T.);
#3957=ORIENTED_EDGE('',*,*,#2995,.F.);
#3958=ORIENTED_EDGE('',*,*,#2996,.T.);
#3959=ORIENTED_EDGE('',*,*,#2997,.F.);
#3960=ORIENTED_EDGE('',*,*,#2998,.F.);
#3961=ORIENTED_EDGE('',*,*,#2999,.F.);
#3962=ORIENTED_EDGE('',*,*,#3000,.T.);
#3963=ORIENTED_EDGE('',*,*,#3001,.F.);
#3964=ORIENTED_EDGE('',*,*,#2996,.F.);
#3965=ORIENTED_EDGE('',*,*,#3002,.F.);
#3966=ORIENTED_EDGE('',*,*,#3003,.T.);
#3967=ORIENTED_EDGE('',*,*,#3004,.F.);
#3968=ORIENTED_EDGE('',*,*,#3000,.F.);
#3969=ORIENTED_EDGE('',*,*,#3005,.F.);
#3970=ORIENTED_EDGE('',*,*,#3006,.T.);
#3971=ORIENTED_EDGE('',*,*,#3007,.F.);
#3972=ORIENTED_EDGE('',*,*,#3003,.F.);
#3973=ORIENTED_EDGE('',*,*,#3008,.F.);
#3974=ORIENTED_EDGE('',*,*,#3009,.T.);
#3975=ORIENTED_EDGE('',*,*,#3010,.F.);
#3976=ORIENTED_EDGE('',*,*,#3006,.F.);
#3977=ORIENTED_EDGE('',*,*,#3011,.F.);
#3978=ORIENTED_EDGE('',*,*,#3012,.T.);
#3979=ORIENTED_EDGE('',*,*,#3013,.F.);
#3980=ORIENTED_EDGE('',*,*,#3009,.F.);
#3981=ORIENTED_EDGE('',*,*,#3014,.F.);
#3982=ORIENTED_EDGE('',*,*,#3015,.T.);
#3983=ORIENTED_EDGE('',*,*,#3016,.F.);
#3984=ORIENTED_EDGE('',*,*,#3012,.F.);
#3985=ORIENTED_EDGE('',*,*,#3017,.F.);
#3986=ORIENTED_EDGE('',*,*,#3018,.T.);
#3987=ORIENTED_EDGE('',*,*,#3019,.F.);
#3988=ORIENTED_EDGE('',*,*,#3015,.F.);
#3989=ORIENTED_EDGE('',*,*,#3020,.F.);
#3990=ORIENTED_EDGE('',*,*,#3021,.T.);
#3991=ORIENTED_EDGE('',*,*,#3022,.F.);
#3992=ORIENTED_EDGE('',*,*,#3018,.F.);
#3993=ORIENTED_EDGE('',*,*,#3023,.F.);
#3994=ORIENTED_EDGE('',*,*,#2998,.T.);
#3995=ORIENTED_EDGE('',*,*,#3024,.F.);
#3996=ORIENTED_EDGE('',*,*,#3025,.F.);
#3997=ORIENTED_EDGE('',*,*,#3026,.F.);
#3998=ORIENTED_EDGE('',*,*,#3025,.T.);
#3999=ORIENTED_EDGE('',*,*,#3027,.F.);
#4000=ORIENTED_EDGE('',*,*,#3028,.F.);
#4001=ORIENTED_EDGE('',*,*,#3029,.F.);
#4002=ORIENTED_EDGE('',*,*,#3028,.T.);
#4003=ORIENTED_EDGE('',*,*,#3030,.F.);
#4004=ORIENTED_EDGE('',*,*,#3031,.F.);
#4005=ORIENTED_EDGE('',*,*,#3032,.F.);
#4006=ORIENTED_EDGE('',*,*,#3031,.T.);
#4007=ORIENTED_EDGE('',*,*,#3033,.F.);
#4008=ORIENTED_EDGE('',*,*,#3034,.F.);
#4009=ORIENTED_EDGE('',*,*,#3035,.F.);
#4010=ORIENTED_EDGE('',*,*,#3034,.T.);
#4011=ORIENTED_EDGE('',*,*,#3036,.F.);
#4012=ORIENTED_EDGE('',*,*,#3037,.F.);
#4013=ORIENTED_EDGE('',*,*,#3038,.F.);
#4014=ORIENTED_EDGE('',*,*,#3037,.T.);
#4015=ORIENTED_EDGE('',*,*,#3039,.F.);
#4016=ORIENTED_EDGE('',*,*,#3040,.F.);
#4017=ORIENTED_EDGE('',*,*,#3041,.F.);
#4018=ORIENTED_EDGE('',*,*,#3040,.T.);
#4019=ORIENTED_EDGE('',*,*,#3042,.F.);
#4020=ORIENTED_EDGE('',*,*,#3043,.F.);
#4021=ORIENTED_EDGE('',*,*,#3044,.F.);
#4022=ORIENTED_EDGE('',*,*,#3043,.T.);
#4023=ORIENTED_EDGE('',*,*,#3045,.F.);
#4024=ORIENTED_EDGE('',*,*,#3046,.F.);
#4025=ORIENTED_EDGE('',*,*,#3047,.F.);
#4026=ORIENTED_EDGE('',*,*,#3046,.T.);
#4027=ORIENTED_EDGE('',*,*,#3048,.F.);
#4028=ORIENTED_EDGE('',*,*,#3021,.F.);
#4029=ORIENTED_EDGE('',*,*,#3022,.T.);
#4030=ORIENTED_EDGE('',*,*,#3048,.T.);
#4031=ORIENTED_EDGE('',*,*,#3045,.T.);
#4032=ORIENTED_EDGE('',*,*,#3042,.T.);
#4033=ORIENTED_EDGE('',*,*,#3039,.T.);
#4034=ORIENTED_EDGE('',*,*,#3036,.T.);
#4035=ORIENTED_EDGE('',*,*,#3033,.T.);
#4036=ORIENTED_EDGE('',*,*,#3030,.T.);
#4037=ORIENTED_EDGE('',*,*,#3027,.T.);
#4038=ORIENTED_EDGE('',*,*,#3024,.T.);
#4039=ORIENTED_EDGE('',*,*,#2997,.T.);
#4040=ORIENTED_EDGE('',*,*,#3001,.T.);
#4041=ORIENTED_EDGE('',*,*,#3004,.T.);
#4042=ORIENTED_EDGE('',*,*,#3007,.T.);
#4043=ORIENTED_EDGE('',*,*,#3010,.T.);
#4044=ORIENTED_EDGE('',*,*,#3013,.T.);
#4045=ORIENTED_EDGE('',*,*,#3016,.T.);
#4046=ORIENTED_EDGE('',*,*,#3019,.T.);
#4047=ORIENTED_EDGE('',*,*,#3049,.F.);
#4048=ORIENTED_EDGE('',*,*,#3050,.T.);
#4049=ORIENTED_EDGE('',*,*,#3051,.F.);
#4050=ORIENTED_EDGE('',*,*,#3052,.F.);
#4051=ORIENTED_EDGE('',*,*,#3053,.F.);
#4052=ORIENTED_EDGE('',*,*,#3054,.T.);
#4053=ORIENTED_EDGE('',*,*,#3055,.F.);
#4054=ORIENTED_EDGE('',*,*,#3050,.F.);
#4055=ORIENTED_EDGE('',*,*,#3056,.F.);
#4056=ORIENTED_EDGE('',*,*,#3057,.T.);
#4057=ORIENTED_EDGE('',*,*,#3058,.F.);
#4058=ORIENTED_EDGE('',*,*,#3054,.F.);
#4059=ORIENTED_EDGE('',*,*,#3059,.F.);
#4060=ORIENTED_EDGE('',*,*,#3060,.T.);
#4061=ORIENTED_EDGE('',*,*,#3061,.F.);
#4062=ORIENTED_EDGE('',*,*,#3057,.F.);
#4063=ORIENTED_EDGE('',*,*,#3062,.F.);
#4064=ORIENTED_EDGE('',*,*,#3063,.T.);
#4065=ORIENTED_EDGE('',*,*,#3064,.F.);
#4066=ORIENTED_EDGE('',*,*,#3060,.F.);
#4067=ORIENTED_EDGE('',*,*,#3065,.F.);
#4068=ORIENTED_EDGE('',*,*,#3066,.T.);
#4069=ORIENTED_EDGE('',*,*,#3067,.F.);
#4070=ORIENTED_EDGE('',*,*,#3063,.F.);
#4071=ORIENTED_EDGE('',*,*,#3068,.F.);
#4072=ORIENTED_EDGE('',*,*,#3069,.T.);
#4073=ORIENTED_EDGE('',*,*,#3070,.F.);
#4074=ORIENTED_EDGE('',*,*,#3071,.F.);
#4075=ORIENTED_EDGE('',*,*,#3072,.F.);
#4076=ORIENTED_EDGE('',*,*,#3073,.T.);
#4077=ORIENTED_EDGE('',*,*,#3074,.F.);
#4078=ORIENTED_EDGE('',*,*,#3069,.F.);
#4079=ORIENTED_EDGE('',*,*,#3075,.F.);
#4080=ORIENTED_EDGE('',*,*,#3076,.T.);
#4081=ORIENTED_EDGE('',*,*,#3077,.F.);
#4082=ORIENTED_EDGE('',*,*,#3073,.F.);
#4083=ORIENTED_EDGE('',*,*,#3078,.F.);
#4084=ORIENTED_EDGE('',*,*,#3079,.T.);
#4085=ORIENTED_EDGE('',*,*,#3080,.F.);
#4086=ORIENTED_EDGE('',*,*,#3076,.F.);
#4087=ORIENTED_EDGE('',*,*,#3081,.F.);
#4088=ORIENTED_EDGE('',*,*,#3082,.T.);
#4089=ORIENTED_EDGE('',*,*,#3083,.F.);
#4090=ORIENTED_EDGE('',*,*,#3079,.F.);
#4091=ORIENTED_EDGE('',*,*,#3084,.F.);
#4092=ORIENTED_EDGE('',*,*,#3071,.T.);
#4093=ORIENTED_EDGE('',*,*,#3085,.F.);
#4094=ORIENTED_EDGE('',*,*,#3086,.F.);
#4095=ORIENTED_EDGE('',*,*,#3087,.F.);
#4096=ORIENTED_EDGE('',*,*,#3086,.T.);
#4097=ORIENTED_EDGE('',*,*,#3088,.F.);
#4098=ORIENTED_EDGE('',*,*,#3089,.F.);
#4099=ORIENTED_EDGE('',*,*,#3090,.F.);
#4100=ORIENTED_EDGE('',*,*,#3089,.T.);
#4101=ORIENTED_EDGE('',*,*,#3091,.F.);
#4102=ORIENTED_EDGE('',*,*,#3092,.F.);
#4103=ORIENTED_EDGE('',*,*,#3093,.F.);
#4104=ORIENTED_EDGE('',*,*,#3092,.T.);
#4105=ORIENTED_EDGE('',*,*,#3094,.F.);
#4106=ORIENTED_EDGE('',*,*,#3082,.F.);
#4107=ORIENTED_EDGE('',*,*,#3095,.F.);
#4108=ORIENTED_EDGE('',*,*,#3052,.T.);
#4109=ORIENTED_EDGE('',*,*,#3096,.F.);
#4110=ORIENTED_EDGE('',*,*,#3097,.F.);
#4111=ORIENTED_EDGE('',*,*,#3098,.F.);
#4112=ORIENTED_EDGE('',*,*,#3097,.T.);
#4113=ORIENTED_EDGE('',*,*,#3099,.F.);
#4114=ORIENTED_EDGE('',*,*,#3100,.F.);
#4115=ORIENTED_EDGE('',*,*,#3101,.F.);
#4116=ORIENTED_EDGE('',*,*,#3100,.T.);
#4117=ORIENTED_EDGE('',*,*,#3102,.F.);
#4118=ORIENTED_EDGE('',*,*,#3103,.F.);
#4119=ORIENTED_EDGE('',*,*,#3104,.F.);
#4120=ORIENTED_EDGE('',*,*,#3103,.T.);
#4121=ORIENTED_EDGE('',*,*,#3105,.F.);
#4122=ORIENTED_EDGE('',*,*,#3106,.F.);
#4123=ORIENTED_EDGE('',*,*,#3107,.F.);
#4124=ORIENTED_EDGE('',*,*,#3106,.T.);
#4125=ORIENTED_EDGE('',*,*,#3108,.F.);
#4126=ORIENTED_EDGE('',*,*,#3109,.F.);
#4127=ORIENTED_EDGE('',*,*,#3110,.F.);
#4128=ORIENTED_EDGE('',*,*,#3109,.T.);
#4129=ORIENTED_EDGE('',*,*,#3111,.F.);
#4130=ORIENTED_EDGE('',*,*,#3112,.F.);
#4131=ORIENTED_EDGE('',*,*,#3113,.F.);
#4132=ORIENTED_EDGE('',*,*,#3112,.T.);
#4133=ORIENTED_EDGE('',*,*,#3114,.F.);
#4134=ORIENTED_EDGE('',*,*,#3066,.F.);
#4135=ORIENTED_EDGE('',*,*,#3067,.T.);
#4136=ORIENTED_EDGE('',*,*,#3114,.T.);
#4137=ORIENTED_EDGE('',*,*,#3111,.T.);
#4138=ORIENTED_EDGE('',*,*,#3108,.T.);
#4139=ORIENTED_EDGE('',*,*,#3105,.T.);
#4140=ORIENTED_EDGE('',*,*,#3102,.T.);
#4141=ORIENTED_EDGE('',*,*,#3099,.T.);
#4142=ORIENTED_EDGE('',*,*,#3096,.T.);
#4143=ORIENTED_EDGE('',*,*,#3051,.T.);
#4144=ORIENTED_EDGE('',*,*,#3055,.T.);
#4145=ORIENTED_EDGE('',*,*,#3058,.T.);
#4146=ORIENTED_EDGE('',*,*,#3061,.T.);
#4147=ORIENTED_EDGE('',*,*,#3064,.T.);
#4148=ORIENTED_EDGE('',*,*,#3094,.T.);
#4149=ORIENTED_EDGE('',*,*,#3091,.T.);
#4150=ORIENTED_EDGE('',*,*,#3088,.T.);
#4151=ORIENTED_EDGE('',*,*,#3085,.T.);
#4152=ORIENTED_EDGE('',*,*,#3070,.T.);
#4153=ORIENTED_EDGE('',*,*,#3074,.T.);
#4154=ORIENTED_EDGE('',*,*,#3077,.T.);
#4155=ORIENTED_EDGE('',*,*,#3080,.T.);
#4156=ORIENTED_EDGE('',*,*,#3083,.T.);
#4157=ORIENTED_EDGE('',*,*,#3081,.T.);
#4158=ORIENTED_EDGE('',*,*,#3078,.T.);
#4159=ORIENTED_EDGE('',*,*,#3075,.T.);
#4160=ORIENTED_EDGE('',*,*,#3072,.T.);
#4161=ORIENTED_EDGE('',*,*,#3068,.T.);
#4162=ORIENTED_EDGE('',*,*,#3084,.T.);
#4163=ORIENTED_EDGE('',*,*,#3087,.T.);
#4164=ORIENTED_EDGE('',*,*,#3090,.T.);
#4165=ORIENTED_EDGE('',*,*,#3093,.T.);
#4166=ORIENTED_EDGE('',*,*,#3115,.F.);
#4167=ORIENTED_EDGE('',*,*,#3116,.T.);
#4168=ORIENTED_EDGE('',*,*,#3117,.F.);
#4169=ORIENTED_EDGE('',*,*,#3118,.F.);
#4170=ORIENTED_EDGE('',*,*,#3119,.F.);
#4171=ORIENTED_EDGE('',*,*,#3120,.T.);
#4172=ORIENTED_EDGE('',*,*,#3121,.F.);
#4173=ORIENTED_EDGE('',*,*,#3116,.F.);
#4174=ORIENTED_EDGE('',*,*,#3122,.F.);
#4175=ORIENTED_EDGE('',*,*,#3123,.T.);
#4176=ORIENTED_EDGE('',*,*,#3124,.F.);
#4177=ORIENTED_EDGE('',*,*,#3120,.F.);
#4178=ORIENTED_EDGE('',*,*,#3125,.F.);
#4179=ORIENTED_EDGE('',*,*,#3126,.T.);
#4180=ORIENTED_EDGE('',*,*,#3127,.F.);
#4181=ORIENTED_EDGE('',*,*,#3128,.F.);
#4182=ORIENTED_EDGE('',*,*,#3129,.F.);
#4183=ORIENTED_EDGE('',*,*,#3130,.T.);
#4184=ORIENTED_EDGE('',*,*,#3131,.F.);
#4185=ORIENTED_EDGE('',*,*,#3126,.F.);
#4186=ORIENTED_EDGE('',*,*,#3132,.F.);
#4187=ORIENTED_EDGE('',*,*,#3128,.T.);
#4188=ORIENTED_EDGE('',*,*,#3133,.F.);
#4189=ORIENTED_EDGE('',*,*,#3134,.F.);
#4190=ORIENTED_EDGE('',*,*,#3135,.F.);
#4191=ORIENTED_EDGE('',*,*,#3134,.T.);
#4192=ORIENTED_EDGE('',*,*,#3136,.F.);
#4193=ORIENTED_EDGE('',*,*,#3137,.F.);
#4194=ORIENTED_EDGE('',*,*,#3138,.F.);
#4195=ORIENTED_EDGE('',*,*,#3137,.T.);
#4196=ORIENTED_EDGE('',*,*,#3139,.F.);
#4197=ORIENTED_EDGE('',*,*,#3130,.F.);
#4198=ORIENTED_EDGE('',*,*,#3140,.F.);
#4199=ORIENTED_EDGE('',*,*,#3141,.F.);
#4200=ORIENTED_EDGE('',*,*,#3142,.F.);
#4201=ORIENTED_EDGE('',*,*,#3143,.F.);
#4202=ORIENTED_EDGE('',*,*,#3118,.T.);
#4203=ORIENTED_EDGE('',*,*,#3144,.F.);
#4204=ORIENTED_EDGE('',*,*,#3145,.F.);
#4205=ORIENTED_EDGE('',*,*,#3146,.F.);
#4206=ORIENTED_EDGE('',*,*,#3147,.F.);
#4207=ORIENTED_EDGE('',*,*,#3145,.T.);
#4208=ORIENTED_EDGE('',*,*,#3148,.F.);
#4209=ORIENTED_EDGE('',*,*,#3149,.F.);
#4210=ORIENTED_EDGE('',*,*,#3150,.F.);
#4211=ORIENTED_EDGE('',*,*,#3149,.T.);
#4212=ORIENTED_EDGE('',*,*,#3151,.F.);
#4213=ORIENTED_EDGE('',*,*,#3152,.F.);
#4214=ORIENTED_EDGE('',*,*,#3153,.F.);
#4215=ORIENTED_EDGE('',*,*,#3152,.T.);
#4216=ORIENTED_EDGE('',*,*,#3154,.F.);
#4217=ORIENTED_EDGE('',*,*,#3155,.F.);
#4218=ORIENTED_EDGE('',*,*,#3156,.F.);
#4219=ORIENTED_EDGE('',*,*,#3155,.T.);
#4220=ORIENTED_EDGE('',*,*,#3157,.F.);
#4221=ORIENTED_EDGE('',*,*,#3123,.F.);
#4222=ORIENTED_EDGE('',*,*,#3124,.T.);
#4223=ORIENTED_EDGE('',*,*,#3157,.T.);
#4224=ORIENTED_EDGE('',*,*,#3154,.T.);
#4225=ORIENTED_EDGE('',*,*,#3151,.T.);
#4226=ORIENTED_EDGE('',*,*,#3148,.T.);
#4227=ORIENTED_EDGE('',*,*,#3144,.T.);
#4228=ORIENTED_EDGE('',*,*,#3117,.T.);
#4229=ORIENTED_EDGE('',*,*,#3121,.T.);
#4230=ORIENTED_EDGE('',*,*,#3131,.T.);
#4231=ORIENTED_EDGE('',*,*,#3139,.T.);
#4232=ORIENTED_EDGE('',*,*,#3136,.T.);
#4233=ORIENTED_EDGE('',*,*,#3133,.T.);
#4234=ORIENTED_EDGE('',*,*,#3127,.T.);
#4235=ORIENTED_EDGE('',*,*,#3125,.T.);
#4236=ORIENTED_EDGE('',*,*,#3132,.T.);
#4237=ORIENTED_EDGE('',*,*,#3135,.T.);
#4238=ORIENTED_EDGE('',*,*,#3138,.T.);
#4239=ORIENTED_EDGE('',*,*,#3129,.T.);
#4240=ORIENTED_EDGE('',*,*,#3158,.F.);
#4241=ORIENTED_EDGE('',*,*,#3159,.T.);
#4242=ORIENTED_EDGE('',*,*,#3160,.F.);
#4243=ORIENTED_EDGE('',*,*,#3161,.F.);
#4244=ORIENTED_EDGE('',*,*,#3162,.F.);
#4245=ORIENTED_EDGE('',*,*,#3163,.T.);
#4246=ORIENTED_EDGE('',*,*,#3164,.F.);
#4247=ORIENTED_EDGE('',*,*,#3159,.F.);
#4248=ORIENTED_EDGE('',*,*,#3165,.F.);
#4249=ORIENTED_EDGE('',*,*,#3166,.T.);
#4250=ORIENTED_EDGE('',*,*,#3167,.F.);
#4251=ORIENTED_EDGE('',*,*,#3163,.F.);
#4252=ORIENTED_EDGE('',*,*,#3168,.F.);
#4253=ORIENTED_EDGE('',*,*,#3169,.T.);
#4254=ORIENTED_EDGE('',*,*,#3170,.F.);
#4255=ORIENTED_EDGE('',*,*,#3166,.F.);
#4256=ORIENTED_EDGE('',*,*,#3171,.F.);
#4257=ORIENTED_EDGE('',*,*,#3172,.T.);
#4258=ORIENTED_EDGE('',*,*,#3173,.F.);
#4259=ORIENTED_EDGE('',*,*,#3169,.F.);
#4260=ORIENTED_EDGE('',*,*,#3174,.F.);
#4261=ORIENTED_EDGE('',*,*,#3175,.T.);
#4262=ORIENTED_EDGE('',*,*,#3176,.F.);
#4263=ORIENTED_EDGE('',*,*,#3172,.F.);
#4264=ORIENTED_EDGE('',*,*,#3177,.F.);
#4265=ORIENTED_EDGE('',*,*,#3161,.T.);
#4266=ORIENTED_EDGE('',*,*,#3178,.F.);
#4267=ORIENTED_EDGE('',*,*,#3179,.F.);
#4268=ORIENTED_EDGE('',*,*,#3180,.F.);
#4269=ORIENTED_EDGE('',*,*,#3179,.T.);
#4270=ORIENTED_EDGE('',*,*,#3181,.F.);
#4271=ORIENTED_EDGE('',*,*,#3182,.F.);
#4272=ORIENTED_EDGE('',*,*,#3183,.F.);
#4273=ORIENTED_EDGE('',*,*,#3182,.T.);
#4274=ORIENTED_EDGE('',*,*,#3184,.F.);
#4275=ORIENTED_EDGE('',*,*,#3185,.F.);
#4276=ORIENTED_EDGE('',*,*,#3186,.F.);
#4277=ORIENTED_EDGE('',*,*,#3185,.T.);
#4278=ORIENTED_EDGE('',*,*,#3187,.F.);
#4279=ORIENTED_EDGE('',*,*,#3188,.F.);
#4280=ORIENTED_EDGE('',*,*,#3189,.F.);
#4281=ORIENTED_EDGE('',*,*,#3188,.T.);
#4282=ORIENTED_EDGE('',*,*,#3190,.F.);
#4283=ORIENTED_EDGE('',*,*,#3191,.F.);
#4284=ORIENTED_EDGE('',*,*,#3192,.F.);
#4285=ORIENTED_EDGE('',*,*,#3191,.T.);
#4286=ORIENTED_EDGE('',*,*,#3193,.F.);
#4287=ORIENTED_EDGE('',*,*,#3175,.F.);
#4288=ORIENTED_EDGE('',*,*,#3176,.T.);
#4289=ORIENTED_EDGE('',*,*,#3193,.T.);
#4290=ORIENTED_EDGE('',*,*,#3190,.T.);
#4291=ORIENTED_EDGE('',*,*,#3187,.T.);
#4292=ORIENTED_EDGE('',*,*,#3184,.T.);
#4293=ORIENTED_EDGE('',*,*,#3181,.T.);
#4294=ORIENTED_EDGE('',*,*,#3178,.T.);
#4295=ORIENTED_EDGE('',*,*,#3160,.T.);
#4296=ORIENTED_EDGE('',*,*,#3164,.T.);
#4297=ORIENTED_EDGE('',*,*,#3167,.T.);
#4298=ORIENTED_EDGE('',*,*,#3170,.T.);
#4299=ORIENTED_EDGE('',*,*,#3173,.T.);
#4300=ORIENTED_EDGE('',*,*,#3194,.F.);
#4301=ORIENTED_EDGE('',*,*,#3195,.T.);
#4302=ORIENTED_EDGE('',*,*,#3196,.F.);
#4303=ORIENTED_EDGE('',*,*,#3197,.F.);
#4304=ORIENTED_EDGE('',*,*,#3198,.F.);
#4305=ORIENTED_EDGE('',*,*,#3199,.T.);
#4306=ORIENTED_EDGE('',*,*,#3200,.F.);
#4307=ORIENTED_EDGE('',*,*,#3195,.F.);
#4308=ORIENTED_EDGE('',*,*,#3201,.F.);
#4309=ORIENTED_EDGE('',*,*,#3202,.T.);
#4310=ORIENTED_EDGE('',*,*,#3203,.F.);
#4311=ORIENTED_EDGE('',*,*,#3199,.F.);
#4312=ORIENTED_EDGE('',*,*,#3204,.F.);
#4313=ORIENTED_EDGE('',*,*,#3205,.T.);
#4314=ORIENTED_EDGE('',*,*,#3206,.F.);
#4315=ORIENTED_EDGE('',*,*,#3202,.F.);
#4316=ORIENTED_EDGE('',*,*,#3207,.F.);
#4317=ORIENTED_EDGE('',*,*,#3208,.T.);
#4318=ORIENTED_EDGE('',*,*,#3209,.F.);
#4319=ORIENTED_EDGE('',*,*,#3205,.F.);
#4320=ORIENTED_EDGE('',*,*,#3210,.F.);
#4321=ORIENTED_EDGE('',*,*,#3211,.T.);
#4322=ORIENTED_EDGE('',*,*,#3212,.F.);
#4323=ORIENTED_EDGE('',*,*,#3208,.F.);
#4324=ORIENTED_EDGE('',*,*,#3213,.F.);
#4325=ORIENTED_EDGE('',*,*,#3214,.T.);
#4326=ORIENTED_EDGE('',*,*,#3215,.F.);
#4327=ORIENTED_EDGE('',*,*,#3216,.F.);
#4328=ORIENTED_EDGE('',*,*,#3217,.F.);
#4329=ORIENTED_EDGE('',*,*,#3218,.T.);
#4330=ORIENTED_EDGE('',*,*,#3219,.F.);
#4331=ORIENTED_EDGE('',*,*,#3214,.F.);
#4332=ORIENTED_EDGE('',*,*,#3220,.F.);
#4333=ORIENTED_EDGE('',*,*,#3221,.T.);
#4334=ORIENTED_EDGE('',*,*,#3222,.F.);
#4335=ORIENTED_EDGE('',*,*,#3218,.F.);
#4336=ORIENTED_EDGE('',*,*,#3223,.F.);
#4337=ORIENTED_EDGE('',*,*,#3224,.T.);
#4338=ORIENTED_EDGE('',*,*,#3225,.F.);
#4339=ORIENTED_EDGE('',*,*,#3221,.F.);
#4340=ORIENTED_EDGE('',*,*,#3226,.F.);
#4341=ORIENTED_EDGE('',*,*,#3227,.T.);
#4342=ORIENTED_EDGE('',*,*,#3228,.F.);
#4343=ORIENTED_EDGE('',*,*,#3224,.F.);
#4344=ORIENTED_EDGE('',*,*,#3229,.F.);
#4345=ORIENTED_EDGE('',*,*,#3230,.T.);
#4346=ORIENTED_EDGE('',*,*,#3231,.F.);
#4347=ORIENTED_EDGE('',*,*,#3227,.F.);
#4348=ORIENTED_EDGE('',*,*,#3232,.F.);
#4349=ORIENTED_EDGE('',*,*,#3216,.T.);
#4350=ORIENTED_EDGE('',*,*,#3233,.F.);
#4351=ORIENTED_EDGE('',*,*,#3234,.F.);
#4352=ORIENTED_EDGE('',*,*,#3235,.F.);
#4353=ORIENTED_EDGE('',*,*,#3234,.T.);
#4354=ORIENTED_EDGE('',*,*,#3236,.F.);
#4355=ORIENTED_EDGE('',*,*,#3237,.F.);
#4356=ORIENTED_EDGE('',*,*,#3238,.F.);
#4357=ORIENTED_EDGE('',*,*,#3237,.T.);
#4358=ORIENTED_EDGE('',*,*,#3239,.F.);
#4359=ORIENTED_EDGE('',*,*,#3240,.F.);
#4360=ORIENTED_EDGE('',*,*,#3241,.F.);
#4361=ORIENTED_EDGE('',*,*,#3240,.T.);
#4362=ORIENTED_EDGE('',*,*,#3242,.F.);
#4363=ORIENTED_EDGE('',*,*,#3243,.F.);
#4364=ORIENTED_EDGE('',*,*,#3244,.F.);
#4365=ORIENTED_EDGE('',*,*,#3243,.T.);
#4366=ORIENTED_EDGE('',*,*,#3245,.F.);
#4367=ORIENTED_EDGE('',*,*,#3230,.F.);
#4368=ORIENTED_EDGE('',*,*,#3246,.F.);
#4369=ORIENTED_EDGE('',*,*,#3197,.T.);
#4370=ORIENTED_EDGE('',*,*,#3247,.F.);
#4371=ORIENTED_EDGE('',*,*,#3248,.F.);
#4372=ORIENTED_EDGE('',*,*,#3249,.F.);
#4373=ORIENTED_EDGE('',*,*,#3248,.T.);
#4374=ORIENTED_EDGE('',*,*,#3250,.F.);
#4375=ORIENTED_EDGE('',*,*,#3251,.F.);
#4376=ORIENTED_EDGE('',*,*,#3252,.F.);
#4377=ORIENTED_EDGE('',*,*,#3251,.T.);
#4378=ORIENTED_EDGE('',*,*,#3253,.F.);
#4379=ORIENTED_EDGE('',*,*,#3254,.F.);
#4380=ORIENTED_EDGE('',*,*,#3255,.F.);
#4381=ORIENTED_EDGE('',*,*,#3254,.T.);
#4382=ORIENTED_EDGE('',*,*,#3256,.F.);
#4383=ORIENTED_EDGE('',*,*,#3257,.F.);
#4384=ORIENTED_EDGE('',*,*,#3258,.F.);
#4385=ORIENTED_EDGE('',*,*,#3257,.T.);
#4386=ORIENTED_EDGE('',*,*,#3259,.F.);
#4387=ORIENTED_EDGE('',*,*,#3260,.F.);
#4388=ORIENTED_EDGE('',*,*,#3261,.F.);
#4389=ORIENTED_EDGE('',*,*,#3260,.T.);
#4390=ORIENTED_EDGE('',*,*,#3262,.F.);
#4391=ORIENTED_EDGE('',*,*,#3211,.F.);
#4392=ORIENTED_EDGE('',*,*,#3212,.T.);
#4393=ORIENTED_EDGE('',*,*,#3262,.T.);
#4394=ORIENTED_EDGE('',*,*,#3259,.T.);
#4395=ORIENTED_EDGE('',*,*,#3256,.T.);
#4396=ORIENTED_EDGE('',*,*,#3253,.T.);
#4397=ORIENTED_EDGE('',*,*,#3250,.T.);
#4398=ORIENTED_EDGE('',*,*,#3247,.T.);
#4399=ORIENTED_EDGE('',*,*,#3196,.T.);
#4400=ORIENTED_EDGE('',*,*,#3200,.T.);
#4401=ORIENTED_EDGE('',*,*,#3203,.T.);
#4402=ORIENTED_EDGE('',*,*,#3206,.T.);
#4403=ORIENTED_EDGE('',*,*,#3209,.T.);
#4404=ORIENTED_EDGE('',*,*,#3245,.T.);
#4405=ORIENTED_EDGE('',*,*,#3242,.T.);
#4406=ORIENTED_EDGE('',*,*,#3239,.T.);
#4407=ORIENTED_EDGE('',*,*,#3236,.T.);
#4408=ORIENTED_EDGE('',*,*,#3233,.T.);
#4409=ORIENTED_EDGE('',*,*,#3215,.T.);
#4410=ORIENTED_EDGE('',*,*,#3219,.T.);
#4411=ORIENTED_EDGE('',*,*,#3222,.T.);
#4412=ORIENTED_EDGE('',*,*,#3225,.T.);
#4413=ORIENTED_EDGE('',*,*,#3228,.T.);
#4414=ORIENTED_EDGE('',*,*,#3231,.T.);
#4415=ORIENTED_EDGE('',*,*,#3229,.T.);
#4416=ORIENTED_EDGE('',*,*,#3226,.T.);
#4417=ORIENTED_EDGE('',*,*,#3223,.T.);
#4418=ORIENTED_EDGE('',*,*,#3220,.T.);
#4419=ORIENTED_EDGE('',*,*,#3217,.T.);
#4420=ORIENTED_EDGE('',*,*,#3213,.T.);
#4421=ORIENTED_EDGE('',*,*,#3232,.T.);
#4422=ORIENTED_EDGE('',*,*,#3235,.T.);
#4423=ORIENTED_EDGE('',*,*,#3238,.T.);
#4424=ORIENTED_EDGE('',*,*,#3241,.T.);
#4425=ORIENTED_EDGE('',*,*,#3244,.T.);
#4426=ORIENTED_EDGE('',*,*,#3263,.F.);
#4427=ORIENTED_EDGE('',*,*,#3264,.T.);
#4428=ORIENTED_EDGE('',*,*,#3265,.F.);
#4429=ORIENTED_EDGE('',*,*,#3266,.F.);
#4430=ORIENTED_EDGE('',*,*,#3267,.F.);
#4431=ORIENTED_EDGE('',*,*,#3268,.T.);
#4432=ORIENTED_EDGE('',*,*,#3269,.F.);
#4433=ORIENTED_EDGE('',*,*,#3264,.F.);
#4434=ORIENTED_EDGE('',*,*,#3270,.F.);
#4435=ORIENTED_EDGE('',*,*,#3271,.T.);
#4436=ORIENTED_EDGE('',*,*,#3272,.F.);
#4437=ORIENTED_EDGE('',*,*,#3268,.F.);
#4438=ORIENTED_EDGE('',*,*,#3273,.F.);
#4439=ORIENTED_EDGE('',*,*,#3274,.T.);
#4440=ORIENTED_EDGE('',*,*,#3275,.F.);
#4441=ORIENTED_EDGE('',*,*,#3271,.F.);
#4442=ORIENTED_EDGE('',*,*,#3276,.F.);
#4443=ORIENTED_EDGE('',*,*,#3277,.T.);
#4444=ORIENTED_EDGE('',*,*,#3278,.F.);
#4445=ORIENTED_EDGE('',*,*,#3274,.F.);
#4446=ORIENTED_EDGE('',*,*,#3279,.F.);
#4447=ORIENTED_EDGE('',*,*,#3280,.T.);
#4448=ORIENTED_EDGE('',*,*,#3281,.F.);
#4449=ORIENTED_EDGE('',*,*,#3277,.F.);
#4450=ORIENTED_EDGE('',*,*,#3282,.F.);
#4451=ORIENTED_EDGE('',*,*,#3266,.T.);
#4452=ORIENTED_EDGE('',*,*,#3283,.F.);
#4453=ORIENTED_EDGE('',*,*,#3284,.F.);
#4454=ORIENTED_EDGE('',*,*,#3285,.F.);
#4455=ORIENTED_EDGE('',*,*,#3284,.T.);
#4456=ORIENTED_EDGE('',*,*,#3286,.F.);
#4457=ORIENTED_EDGE('',*,*,#3287,.F.);
#4458=ORIENTED_EDGE('',*,*,#3288,.F.);
#4459=ORIENTED_EDGE('',*,*,#3287,.T.);
#4460=ORIENTED_EDGE('',*,*,#3289,.F.);
#4461=ORIENTED_EDGE('',*,*,#3290,.F.);
#4462=ORIENTED_EDGE('',*,*,#3291,.F.);
#4463=ORIENTED_EDGE('',*,*,#3290,.T.);
#4464=ORIENTED_EDGE('',*,*,#3292,.F.);
#4465=ORIENTED_EDGE('',*,*,#3293,.F.);
#4466=ORIENTED_EDGE('',*,*,#3294,.F.);
#4467=ORIENTED_EDGE('',*,*,#3293,.T.);
#4468=ORIENTED_EDGE('',*,*,#3295,.F.);
#4469=ORIENTED_EDGE('',*,*,#3296,.F.);
#4470=ORIENTED_EDGE('',*,*,#3297,.F.);
#4471=ORIENTED_EDGE('',*,*,#3296,.T.);
#4472=ORIENTED_EDGE('',*,*,#3298,.F.);
#4473=ORIENTED_EDGE('',*,*,#3280,.F.);
#4474=ORIENTED_EDGE('',*,*,#3281,.T.);
#4475=ORIENTED_EDGE('',*,*,#3298,.T.);
#4476=ORIENTED_EDGE('',*,*,#3295,.T.);
#4477=ORIENTED_EDGE('',*,*,#3292,.T.);
#4478=ORIENTED_EDGE('',*,*,#3289,.T.);
#4479=ORIENTED_EDGE('',*,*,#3286,.T.);
#4480=ORIENTED_EDGE('',*,*,#3283,.T.);
#4481=ORIENTED_EDGE('',*,*,#3265,.T.);
#4482=ORIENTED_EDGE('',*,*,#3269,.T.);
#4483=ORIENTED_EDGE('',*,*,#3272,.T.);
#4484=ORIENTED_EDGE('',*,*,#3275,.T.);
#4485=ORIENTED_EDGE('',*,*,#3278,.T.);
#4486=ORIENTED_EDGE('',*,*,#3299,.F.);
#4487=ORIENTED_EDGE('',*,*,#3300,.T.);
#4488=ORIENTED_EDGE('',*,*,#3301,.F.);
#4489=ORIENTED_EDGE('',*,*,#3302,.F.);
#4490=ORIENTED_EDGE('',*,*,#3303,.F.);
#4491=ORIENTED_EDGE('',*,*,#3304,.T.);
#4492=ORIENTED_EDGE('',*,*,#3305,.F.);
#4493=ORIENTED_EDGE('',*,*,#3300,.F.);
#4494=ORIENTED_EDGE('',*,*,#3306,.F.);
#4495=ORIENTED_EDGE('',*,*,#3307,.T.);
#4496=ORIENTED_EDGE('',*,*,#3308,.F.);
#4497=ORIENTED_EDGE('',*,*,#3304,.F.);
#4498=ORIENTED_EDGE('',*,*,#3309,.F.);
#4499=ORIENTED_EDGE('',*,*,#3310,.T.);
#4500=ORIENTED_EDGE('',*,*,#3311,.F.);
#4501=ORIENTED_EDGE('',*,*,#3307,.F.);
#4502=ORIENTED_EDGE('',*,*,#3312,.F.);
#4503=ORIENTED_EDGE('',*,*,#3313,.T.);
#4504=ORIENTED_EDGE('',*,*,#3314,.F.);
#4505=ORIENTED_EDGE('',*,*,#3310,.F.);
#4506=ORIENTED_EDGE('',*,*,#3315,.F.);
#4507=ORIENTED_EDGE('',*,*,#3316,.T.);
#4508=ORIENTED_EDGE('',*,*,#3317,.F.);
#4509=ORIENTED_EDGE('',*,*,#3313,.F.);
#4510=ORIENTED_EDGE('',*,*,#3318,.F.);
#4511=ORIENTED_EDGE('',*,*,#3319,.T.);
#4512=ORIENTED_EDGE('',*,*,#3320,.F.);
#4513=ORIENTED_EDGE('',*,*,#3316,.F.);
#4514=ORIENTED_EDGE('',*,*,#3321,.F.);
#4515=ORIENTED_EDGE('',*,*,#3322,.T.);
#4516=ORIENTED_EDGE('',*,*,#3323,.F.);
#4517=ORIENTED_EDGE('',*,*,#3319,.F.);
#4518=ORIENTED_EDGE('',*,*,#3324,.F.);
#4519=ORIENTED_EDGE('',*,*,#3325,.T.);
#4520=ORIENTED_EDGE('',*,*,#3326,.F.);
#4521=ORIENTED_EDGE('',*,*,#3322,.F.);
#4522=ORIENTED_EDGE('',*,*,#3327,.F.);
#4523=ORIENTED_EDGE('',*,*,#3328,.T.);
#4524=ORIENTED_EDGE('',*,*,#3329,.F.);
#4525=ORIENTED_EDGE('',*,*,#3325,.F.);
#4526=ORIENTED_EDGE('',*,*,#3330,.F.);
#4527=ORIENTED_EDGE('',*,*,#3331,.T.);
#4528=ORIENTED_EDGE('',*,*,#3332,.F.);
#4529=ORIENTED_EDGE('',*,*,#3328,.F.);
#4530=ORIENTED_EDGE('',*,*,#3333,.F.);
#4531=ORIENTED_EDGE('',*,*,#3334,.T.);
#4532=ORIENTED_EDGE('',*,*,#3335,.F.);
#4533=ORIENTED_EDGE('',*,*,#3331,.F.);
#4534=ORIENTED_EDGE('',*,*,#3336,.F.);
#4535=ORIENTED_EDGE('',*,*,#3302,.T.);
#4536=ORIENTED_EDGE('',*,*,#3337,.F.);
#4537=ORIENTED_EDGE('',*,*,#3338,.F.);
#4538=ORIENTED_EDGE('',*,*,#3339,.F.);
#4539=ORIENTED_EDGE('',*,*,#3338,.T.);
#4540=ORIENTED_EDGE('',*,*,#3340,.F.);
#4541=ORIENTED_EDGE('',*,*,#3341,.F.);
#4542=ORIENTED_EDGE('',*,*,#3342,.F.);
#4543=ORIENTED_EDGE('',*,*,#3341,.T.);
#4544=ORIENTED_EDGE('',*,*,#3343,.F.);
#4545=ORIENTED_EDGE('',*,*,#3344,.F.);
#4546=ORIENTED_EDGE('',*,*,#3345,.F.);
#4547=ORIENTED_EDGE('',*,*,#3344,.T.);
#4548=ORIENTED_EDGE('',*,*,#3346,.F.);
#4549=ORIENTED_EDGE('',*,*,#3347,.F.);
#4550=ORIENTED_EDGE('',*,*,#3348,.F.);
#4551=ORIENTED_EDGE('',*,*,#3347,.T.);
#4552=ORIENTED_EDGE('',*,*,#3349,.F.);
#4553=ORIENTED_EDGE('',*,*,#3350,.F.);
#4554=ORIENTED_EDGE('',*,*,#3351,.F.);
#4555=ORIENTED_EDGE('',*,*,#3350,.T.);
#4556=ORIENTED_EDGE('',*,*,#3352,.F.);
#4557=ORIENTED_EDGE('',*,*,#3353,.F.);
#4558=ORIENTED_EDGE('',*,*,#3354,.F.);
#4559=ORIENTED_EDGE('',*,*,#3353,.T.);
#4560=ORIENTED_EDGE('',*,*,#3355,.F.);
#4561=ORIENTED_EDGE('',*,*,#3356,.F.);
#4562=ORIENTED_EDGE('',*,*,#3357,.F.);
#4563=ORIENTED_EDGE('',*,*,#3356,.T.);
#4564=ORIENTED_EDGE('',*,*,#3358,.F.);
#4565=ORIENTED_EDGE('',*,*,#3359,.F.);
#4566=ORIENTED_EDGE('',*,*,#3360,.F.);
#4567=ORIENTED_EDGE('',*,*,#3359,.T.);
#4568=ORIENTED_EDGE('',*,*,#3361,.F.);
#4569=ORIENTED_EDGE('',*,*,#3362,.F.);
#4570=ORIENTED_EDGE('',*,*,#3363,.F.);
#4571=ORIENTED_EDGE('',*,*,#3362,.T.);
#4572=ORIENTED_EDGE('',*,*,#3364,.F.);
#4573=ORIENTED_EDGE('',*,*,#3365,.F.);
#4574=ORIENTED_EDGE('',*,*,#3366,.F.);
#4575=ORIENTED_EDGE('',*,*,#3365,.T.);
#4576=ORIENTED_EDGE('',*,*,#3367,.F.);
#4577=ORIENTED_EDGE('',*,*,#3368,.F.);
#4578=ORIENTED_EDGE('',*,*,#3369,.F.);
#4579=ORIENTED_EDGE('',*,*,#3368,.T.);
#4580=ORIENTED_EDGE('',*,*,#3370,.F.);
#4581=ORIENTED_EDGE('',*,*,#3334,.F.);
#4582=ORIENTED_EDGE('',*,*,#3335,.T.);
#4583=ORIENTED_EDGE('',*,*,#3370,.T.);
#4584=ORIENTED_EDGE('',*,*,#3367,.T.);
#4585=ORIENTED_EDGE('',*,*,#3364,.T.);
#4586=ORIENTED_EDGE('',*,*,#3361,.T.);
#4587=ORIENTED_EDGE('',*,*,#3358,.T.);
#4588=ORIENTED_EDGE('',*,*,#3355,.T.);
#4589=ORIENTED_EDGE('',*,*,#3352,.T.);
#4590=ORIENTED_EDGE('',*,*,#3349,.T.);
#4591=ORIENTED_EDGE('',*,*,#3346,.T.);
#4592=ORIENTED_EDGE('',*,*,#3343,.T.);
#4593=ORIENTED_EDGE('',*,*,#3340,.T.);
#4594=ORIENTED_EDGE('',*,*,#3337,.T.);
#4595=ORIENTED_EDGE('',*,*,#3301,.T.);
#4596=ORIENTED_EDGE('',*,*,#3305,.T.);
#4597=ORIENTED_EDGE('',*,*,#3308,.T.);
#4598=ORIENTED_EDGE('',*,*,#3311,.T.);
#4599=ORIENTED_EDGE('',*,*,#3314,.T.);
#4600=ORIENTED_EDGE('',*,*,#3317,.T.);
#4601=ORIENTED_EDGE('',*,*,#3320,.T.);
#4602=ORIENTED_EDGE('',*,*,#3323,.T.);
#4603=ORIENTED_EDGE('',*,*,#3326,.T.);
#4604=ORIENTED_EDGE('',*,*,#3329,.T.);
#4605=ORIENTED_EDGE('',*,*,#3332,.T.);
#4606=ORIENTED_EDGE('',*,*,#3142,.T.);
#4607=ORIENTED_EDGE('',*,*,#3371,.T.);
#4608=ORIENTED_EDGE('',*,*,#3372,.F.);
#4609=ORIENTED_EDGE('',*,*,#3373,.F.);
#4610=ORIENTED_EDGE('',*,*,#3374,.F.);
#4611=ORIENTED_EDGE('',*,*,#3375,.T.);
#4612=ORIENTED_EDGE('',*,*,#3376,.F.);
#4613=ORIENTED_EDGE('',*,*,#3377,.F.);
#4614=ORIENTED_EDGE('',*,*,#3378,.F.);
#4615=ORIENTED_EDGE('',*,*,#3379,.T.);
#4616=ORIENTED_EDGE('',*,*,#3380,.F.);
#4617=ORIENTED_EDGE('',*,*,#3381,.F.);
#4618=ORIENTED_EDGE('',*,*,#3376,.T.);
#4619=ORIENTED_EDGE('',*,*,#3382,.F.);
#4620=ORIENTED_EDGE('',*,*,#3383,.F.);
#4621=ORIENTED_EDGE('',*,*,#3384,.T.);
#4622=ORIENTED_EDGE('',*,*,#3385,.F.);
#4623=ORIENTED_EDGE('',*,*,#3386,.T.);
#4624=ORIENTED_EDGE('',*,*,#3387,.F.);
#4625=ORIENTED_EDGE('',*,*,#3388,.F.);
#4626=ORIENTED_EDGE('',*,*,#3387,.T.);
#4627=ORIENTED_EDGE('',*,*,#3389,.F.);
#4628=ORIENTED_EDGE('',*,*,#3390,.F.);
#4629=ORIENTED_EDGE('',*,*,#3391,.T.);
#4630=ORIENTED_EDGE('',*,*,#3372,.T.);
#4631=ORIENTED_EDGE('',*,*,#3392,.T.);
#4632=ORIENTED_EDGE('',*,*,#3393,.F.);
#4633=ORIENTED_EDGE('',*,*,#3394,.F.);
#4634=ORIENTED_EDGE('',*,*,#3380,.T.);
#4635=ORIENTED_EDGE('',*,*,#3395,.T.);
#4636=ORIENTED_EDGE('',*,*,#3396,.F.);
#4637=ORIENTED_EDGE('',*,*,#3397,.F.);
#4638=ORIENTED_EDGE('',*,*,#3398,.F.);
#4639=ORIENTED_EDGE('',*,*,#3399,.T.);
#4640=ORIENTED_EDGE('',*,*,#3400,.F.);
#4641=ORIENTED_EDGE('',*,*,#3399,.F.);
#4642=ORIENTED_EDGE('',*,*,#3401,.F.);
#4643=ORIENTED_EDGE('',*,*,#3402,.T.);
#4644=ORIENTED_EDGE('',*,*,#3403,.F.);
#4645=ORIENTED_EDGE('',*,*,#3402,.F.);
#4646=ORIENTED_EDGE('',*,*,#3404,.F.);
#4647=ORIENTED_EDGE('',*,*,#3405,.T.);
#4648=ORIENTED_EDGE('',*,*,#3406,.F.);
#4649=ORIENTED_EDGE('',*,*,#3405,.F.);
#4650=ORIENTED_EDGE('',*,*,#3407,.F.);
#4651=ORIENTED_EDGE('',*,*,#3408,.T.);
#4652=ORIENTED_EDGE('',*,*,#3409,.F.);
#4653=ORIENTED_EDGE('',*,*,#3408,.F.);
#4654=ORIENTED_EDGE('',*,*,#3410,.F.);
#4655=ORIENTED_EDGE('',*,*,#3411,.T.);
#4656=ORIENTED_EDGE('',*,*,#3412,.F.);
#4657=ORIENTED_EDGE('',*,*,#3413,.F.);
#4658=ORIENTED_EDGE('',*,*,#3414,.F.);
#4659=ORIENTED_EDGE('',*,*,#3415,.T.);
#4660=ORIENTED_EDGE('',*,*,#3416,.F.);
#4661=ORIENTED_EDGE('',*,*,#3411,.F.);
#4662=ORIENTED_EDGE('',*,*,#3417,.F.);
#4663=ORIENTED_EDGE('',*,*,#3418,.T.);
#4664=ORIENTED_EDGE('',*,*,#3419,.F.);
#4665=ORIENTED_EDGE('',*,*,#3415,.F.);
#4666=ORIENTED_EDGE('',*,*,#3420,.F.);
#4667=ORIENTED_EDGE('',*,*,#3413,.T.);
#4668=ORIENTED_EDGE('',*,*,#3421,.F.);
#4669=ORIENTED_EDGE('',*,*,#3418,.F.);
#4670=ORIENTED_EDGE('',*,*,#3422,.T.);
#4671=ORIENTED_EDGE('',*,*,#3385,.T.);
#4672=ORIENTED_EDGE('',*,*,#3423,.T.);
#4673=ORIENTED_EDGE('',*,*,#3390,.T.);
#4674=ORIENTED_EDGE('',*,*,#3140,.T.);
#4675=ORIENTED_EDGE('',*,*,#3424,.T.);
#4676=ORIENTED_EDGE('',*,*,#3393,.T.);
#4677=ORIENTED_EDGE('',*,*,#3425,.T.);
#4678=ORIENTED_EDGE('',*,*,#3426,.T.);
#4679=ORIENTED_EDGE('',*,*,#3378,.T.);
#4680=ORIENTED_EDGE('',*,*,#3427,.T.);
#4681=ORIENTED_EDGE('',*,*,#3396,.T.);
#4682=ORIENTED_EDGE('',*,*,#3428,.T.);
#4683=ORIENTED_EDGE('',*,*,#3383,.T.);
#4684=ORIENTED_EDGE('',*,*,#3429,.T.);
#4685=ORIENTED_EDGE('',*,*,#3374,.T.);
#4686=ORIENTED_EDGE('',*,*,#3430,.T.);
#4687=ORIENTED_EDGE('',*,*,#3431,.T.);
#4688=ORIENTED_EDGE('',*,*,#3432,.T.);
#4689=ORIENTED_EDGE('',*,*,#3433,.T.);
#4690=ORIENTED_EDGE('',*,*,#3431,.F.);
#4691=ORIENTED_EDGE('',*,*,#3434,.F.);
#4692=ORIENTED_EDGE('',*,*,#3435,.F.);
#4693=ORIENTED_EDGE('',*,*,#3436,.F.);
#4694=ORIENTED_EDGE('',*,*,#3437,.T.);
#4695=ORIENTED_EDGE('',*,*,#3438,.T.);
#4696=ORIENTED_EDGE('',*,*,#3439,.T.);
#4697=ORIENTED_EDGE('',*,*,#3440,.T.);
#4698=ORIENTED_EDGE('',*,*,#3438,.F.);
#4699=ORIENTED_EDGE('',*,*,#3441,.F.);
#4700=ORIENTED_EDGE('',*,*,#3442,.F.);
#4701=ORIENTED_EDGE('',*,*,#3443,.F.);
#4702=ORIENTED_EDGE('',*,*,#3444,.T.);
#4703=ORIENTED_EDGE('',*,*,#3445,.T.);
#4704=ORIENTED_EDGE('',*,*,#3446,.T.);
#4705=ORIENTED_EDGE('',*,*,#3447,.T.);
#4706=ORIENTED_EDGE('',*,*,#3445,.F.);
#4707=ORIENTED_EDGE('',*,*,#3448,.F.);
#4708=ORIENTED_EDGE('',*,*,#3449,.F.);
#4709=ORIENTED_EDGE('',*,*,#3450,.F.);
#4710=ORIENTED_EDGE('',*,*,#3451,.T.);
#4711=ORIENTED_EDGE('',*,*,#3452,.T.);
#4712=ORIENTED_EDGE('',*,*,#3453,.T.);
#4713=ORIENTED_EDGE('',*,*,#3454,.T.);
#4714=ORIENTED_EDGE('',*,*,#3452,.F.);
#4715=ORIENTED_EDGE('',*,*,#3455,.F.);
#4716=ORIENTED_EDGE('',*,*,#3456,.F.);
#4717=ORIENTED_EDGE('',*,*,#3457,.F.);
#4718=ORIENTED_EDGE('',*,*,#3458,.T.);
#4719=ORIENTED_EDGE('',*,*,#3459,.T.);
#4720=ORIENTED_EDGE('',*,*,#3460,.T.);
#4721=ORIENTED_EDGE('',*,*,#3461,.T.);
#4722=ORIENTED_EDGE('',*,*,#3459,.F.);
#4723=ORIENTED_EDGE('',*,*,#3462,.F.);
#4724=ORIENTED_EDGE('',*,*,#3463,.F.);
#4725=ORIENTED_EDGE('',*,*,#3464,.F.);
#4726=ORIENTED_EDGE('',*,*,#3465,.T.);
#4727=ORIENTED_EDGE('',*,*,#3466,.T.);
#4728=ORIENTED_EDGE('',*,*,#3467,.T.);
#4729=ORIENTED_EDGE('',*,*,#3468,.T.);
#4730=ORIENTED_EDGE('',*,*,#3466,.F.);
#4731=ORIENTED_EDGE('',*,*,#3469,.F.);
#4732=ORIENTED_EDGE('',*,*,#3470,.F.);
#4733=ORIENTED_EDGE('',*,*,#3471,.F.);
#4734=ORIENTED_EDGE('',*,*,#3472,.T.);
#4735=ORIENTED_EDGE('',*,*,#3473,.T.);
#4736=ORIENTED_EDGE('',*,*,#3474,.T.);
#4737=ORIENTED_EDGE('',*,*,#3475,.T.);
#4738=ORIENTED_EDGE('',*,*,#3473,.F.);
#4739=ORIENTED_EDGE('',*,*,#3476,.F.);
#4740=ORIENTED_EDGE('',*,*,#3477,.F.);
#4741=ORIENTED_EDGE('',*,*,#3478,.F.);
#4742=ORIENTED_EDGE('',*,*,#3479,.T.);
#4743=ORIENTED_EDGE('',*,*,#3480,.T.);
#4744=ORIENTED_EDGE('',*,*,#3481,.T.);
#4745=ORIENTED_EDGE('',*,*,#3482,.T.);
#4746=ORIENTED_EDGE('',*,*,#3480,.F.);
#4747=ORIENTED_EDGE('',*,*,#3483,.F.);
#4748=ORIENTED_EDGE('',*,*,#3484,.F.);
#4749=ORIENTED_EDGE('',*,*,#3485,.F.);
#4750=ORIENTED_EDGE('',*,*,#3486,.T.);
#4751=ORIENTED_EDGE('',*,*,#3487,.T.);
#4752=ORIENTED_EDGE('',*,*,#3488,.T.);
#4753=ORIENTED_EDGE('',*,*,#3489,.T.);
#4754=ORIENTED_EDGE('',*,*,#3487,.F.);
#4755=ORIENTED_EDGE('',*,*,#3490,.F.);
#4756=ORIENTED_EDGE('',*,*,#3491,.F.);
#4757=ORIENTED_EDGE('',*,*,#3492,.F.);
#4758=ORIENTED_EDGE('',*,*,#3493,.T.);
#4759=ORIENTED_EDGE('',*,*,#3494,.T.);
#4760=ORIENTED_EDGE('',*,*,#3495,.T.);
#4761=ORIENTED_EDGE('',*,*,#3496,.T.);
#4762=ORIENTED_EDGE('',*,*,#3454,.F.);
#4763=ORIENTED_EDGE('',*,*,#3497,.F.);
#4764=ORIENTED_EDGE('',*,*,#3494,.F.);
#4765=ORIENTED_EDGE('',*,*,#3498,.F.);
#4766=ORIENTED_EDGE('',*,*,#3499,.T.);
#4767=ORIENTED_EDGE('',*,*,#3500,.T.);
#4768=ORIENTED_EDGE('',*,*,#3501,.T.);
#4769=ORIENTED_EDGE('',*,*,#3502,.T.);
#4770=ORIENTED_EDGE('',*,*,#3468,.F.);
#4771=ORIENTED_EDGE('',*,*,#3503,.F.);
#4772=ORIENTED_EDGE('',*,*,#3500,.F.);
#4773=ORIENTED_EDGE('',*,*,#3504,.F.);
#4774=ORIENTED_EDGE('',*,*,#3505,.T.);
#4775=ORIENTED_EDGE('',*,*,#3506,.T.);
#4776=ORIENTED_EDGE('',*,*,#3507,.T.);
#4777=ORIENTED_EDGE('',*,*,#3508,.T.);
#4778=ORIENTED_EDGE('',*,*,#3475,.F.);
#4779=ORIENTED_EDGE('',*,*,#3509,.F.);
#4780=ORIENTED_EDGE('',*,*,#3506,.F.);
#4781=ORIENTED_EDGE('',*,*,#3510,.F.);
#4782=ORIENTED_EDGE('',*,*,#3511,.T.);
#4783=ORIENTED_EDGE('',*,*,#3512,.T.);
#4784=ORIENTED_EDGE('',*,*,#3513,.T.);
#4785=ORIENTED_EDGE('',*,*,#3514,.T.);
#4786=ORIENTED_EDGE('',*,*,#3440,.F.);
#4787=ORIENTED_EDGE('',*,*,#3515,.F.);
#4788=ORIENTED_EDGE('',*,*,#3512,.F.);
#4789=ORIENTED_EDGE('',*,*,#3516,.F.);
#4790=ORIENTED_EDGE('',*,*,#3517,.T.);
#4791=ORIENTED_EDGE('',*,*,#3518,.T.);
#4792=ORIENTED_EDGE('',*,*,#3519,.T.);
#4793=ORIENTED_EDGE('',*,*,#3520,.T.);
#4794=ORIENTED_EDGE('',*,*,#3433,.F.);
#4795=ORIENTED_EDGE('',*,*,#3521,.F.);
#4796=ORIENTED_EDGE('',*,*,#3518,.F.);
#4797=ORIENTED_EDGE('',*,*,#3522,.F.);
#4798=ORIENTED_EDGE('',*,*,#3523,.T.);
#4799=ORIENTED_EDGE('',*,*,#3524,.T.);
#4800=ORIENTED_EDGE('',*,*,#3525,.T.);
#4801=ORIENTED_EDGE('',*,*,#3526,.T.);
#4802=ORIENTED_EDGE('',*,*,#3447,.F.);
#4803=ORIENTED_EDGE('',*,*,#3527,.F.);
#4804=ORIENTED_EDGE('',*,*,#3524,.F.);
#4805=ORIENTED_EDGE('',*,*,#3528,.F.);
#4806=ORIENTED_EDGE('',*,*,#3529,.T.);
#4807=ORIENTED_EDGE('',*,*,#3530,.T.);
#4808=ORIENTED_EDGE('',*,*,#3531,.T.);
#4809=ORIENTED_EDGE('',*,*,#3532,.T.);
#4810=ORIENTED_EDGE('',*,*,#3461,.F.);
#4811=ORIENTED_EDGE('',*,*,#3533,.F.);
#4812=ORIENTED_EDGE('',*,*,#3530,.F.);
#4813=ORIENTED_EDGE('',*,*,#3534,.F.);
#4814=ORIENTED_EDGE('',*,*,#3535,.T.);
#4815=ORIENTED_EDGE('',*,*,#3536,.T.);
#4816=ORIENTED_EDGE('',*,*,#3537,.T.);
#4817=ORIENTED_EDGE('',*,*,#3538,.T.);
#4818=ORIENTED_EDGE('',*,*,#3482,.F.);
#4819=ORIENTED_EDGE('',*,*,#3539,.F.);
#4820=ORIENTED_EDGE('',*,*,#3536,.F.);
#4821=ORIENTED_EDGE('',*,*,#3540,.F.);
#4822=ORIENTED_EDGE('',*,*,#3541,.T.);
#4823=ORIENTED_EDGE('',*,*,#3542,.T.);
#4824=ORIENTED_EDGE('',*,*,#3543,.T.);
#4825=ORIENTED_EDGE('',*,*,#3544,.T.);
#4826=ORIENTED_EDGE('',*,*,#3489,.F.);
#4827=ORIENTED_EDGE('',*,*,#3545,.F.);
#4828=ORIENTED_EDGE('',*,*,#3542,.F.);
#4829=ORIENTED_EDGE('',*,*,#3546,.F.);
#4830=ORIENTED_EDGE('',*,*,#3547,.T.);
#4831=ORIENTED_EDGE('',*,*,#3548,.T.);
#4832=ORIENTED_EDGE('',*,*,#3549,.T.);
#4833=ORIENTED_EDGE('',*,*,#3550,.T.);
#4834=ORIENTED_EDGE('',*,*,#3544,.F.);
#4835=ORIENTED_EDGE('',*,*,#3551,.F.);
#4836=ORIENTED_EDGE('',*,*,#3548,.F.);
#4837=ORIENTED_EDGE('',*,*,#3552,.F.);
#4838=ORIENTED_EDGE('',*,*,#3553,.T.);
#4839=ORIENTED_EDGE('',*,*,#3554,.T.);
#4840=ORIENTED_EDGE('',*,*,#3555,.T.);
#4841=ORIENTED_EDGE('',*,*,#3556,.T.);
#4842=ORIENTED_EDGE('',*,*,#3514,.F.);
#4843=ORIENTED_EDGE('',*,*,#3557,.F.);
#4844=ORIENTED_EDGE('',*,*,#3554,.F.);
#4845=ORIENTED_EDGE('',*,*,#3558,.F.);
#4846=ORIENTED_EDGE('',*,*,#3559,.T.);
#4847=ORIENTED_EDGE('',*,*,#3560,.T.);
#4848=ORIENTED_EDGE('',*,*,#3561,.T.);
#4849=ORIENTED_EDGE('',*,*,#3562,.T.);
#4850=ORIENTED_EDGE('',*,*,#3520,.F.);
#4851=ORIENTED_EDGE('',*,*,#3563,.F.);
#4852=ORIENTED_EDGE('',*,*,#3560,.F.);
#4853=ORIENTED_EDGE('',*,*,#3564,.F.);
#4854=ORIENTED_EDGE('',*,*,#3565,.T.);
#4855=ORIENTED_EDGE('',*,*,#3566,.T.);
#4856=ORIENTED_EDGE('',*,*,#3567,.T.);
#4857=ORIENTED_EDGE('',*,*,#3568,.T.);
#4858=ORIENTED_EDGE('',*,*,#3526,.F.);
#4859=ORIENTED_EDGE('',*,*,#3569,.F.);
#4860=ORIENTED_EDGE('',*,*,#3566,.F.);
#4861=ORIENTED_EDGE('',*,*,#3570,.F.);
#4862=ORIENTED_EDGE('',*,*,#3571,.T.);
#4863=ORIENTED_EDGE('',*,*,#3572,.T.);
#4864=ORIENTED_EDGE('',*,*,#3573,.T.);
#4865=ORIENTED_EDGE('',*,*,#3574,.T.);
#4866=ORIENTED_EDGE('',*,*,#3532,.F.);
#4867=ORIENTED_EDGE('',*,*,#3575,.F.);
#4868=ORIENTED_EDGE('',*,*,#3572,.F.);
#4869=ORIENTED_EDGE('',*,*,#3576,.F.);
#4870=ORIENTED_EDGE('',*,*,#3577,.T.);
#4871=ORIENTED_EDGE('',*,*,#3578,.T.);
#4872=ORIENTED_EDGE('',*,*,#3579,.T.);
#4873=ORIENTED_EDGE('',*,*,#3580,.T.);
#4874=ORIENTED_EDGE('',*,*,#3538,.F.);
#4875=ORIENTED_EDGE('',*,*,#3581,.F.);
#4876=ORIENTED_EDGE('',*,*,#3578,.F.);
#4877=ORIENTED_EDGE('',*,*,#3582,.F.);
#4878=ORIENTED_EDGE('',*,*,#3583,.T.);
#4879=ORIENTED_EDGE('',*,*,#3584,.T.);
#4880=ORIENTED_EDGE('',*,*,#3585,.T.);
#4881=ORIENTED_EDGE('',*,*,#3586,.T.);
#4882=ORIENTED_EDGE('',*,*,#3508,.F.);
#4883=ORIENTED_EDGE('',*,*,#3587,.F.);
#4884=ORIENTED_EDGE('',*,*,#3584,.F.);
#4885=ORIENTED_EDGE('',*,*,#3588,.F.);
#4886=ORIENTED_EDGE('',*,*,#3589,.T.);
#4887=ORIENTED_EDGE('',*,*,#3590,.T.);
#4888=ORIENTED_EDGE('',*,*,#3591,.T.);
#4889=ORIENTED_EDGE('',*,*,#3592,.T.);
#4890=ORIENTED_EDGE('',*,*,#3502,.F.);
#4891=ORIENTED_EDGE('',*,*,#3593,.F.);
#4892=ORIENTED_EDGE('',*,*,#3590,.F.);
#4893=ORIENTED_EDGE('',*,*,#3594,.F.);
#4894=ORIENTED_EDGE('',*,*,#3595,.T.);
#4895=ORIENTED_EDGE('',*,*,#3596,.T.);
#4896=ORIENTED_EDGE('',*,*,#3597,.T.);
#4897=ORIENTED_EDGE('',*,*,#3598,.T.);
#4898=ORIENTED_EDGE('',*,*,#3496,.F.);
#4899=ORIENTED_EDGE('',*,*,#3599,.F.);
#4900=ORIENTED_EDGE('',*,*,#3596,.F.);
#4901=ORIENTED_EDGE('',*,*,#3600,.F.);
#4902=ORIENTED_EDGE('',*,*,#3601,.T.);
#4903=ORIENTED_EDGE('',*,*,#3602,.T.);
#4904=ORIENTED_EDGE('',*,*,#3603,.T.);
#4905=ORIENTED_EDGE('',*,*,#3491,.T.);
#4906=ORIENTED_EDGE('',*,*,#3550,.F.);
#4907=ORIENTED_EDGE('',*,*,#3604,.F.);
#4908=ORIENTED_EDGE('',*,*,#3602,.F.);
#4909=ORIENTED_EDGE('',*,*,#3605,.F.);
#4910=ORIENTED_EDGE('',*,*,#3606,.T.);
#4911=ORIENTED_EDGE('',*,*,#3607,.T.);
#4912=ORIENTED_EDGE('',*,*,#3608,.T.);
#4913=ORIENTED_EDGE('',*,*,#3442,.T.);
#4914=ORIENTED_EDGE('',*,*,#3556,.F.);
#4915=ORIENTED_EDGE('',*,*,#3609,.F.);
#4916=ORIENTED_EDGE('',*,*,#3607,.F.);
#4917=ORIENTED_EDGE('',*,*,#3610,.F.);
#4918=ORIENTED_EDGE('',*,*,#3611,.T.);
#4919=ORIENTED_EDGE('',*,*,#3612,.T.);
#4920=ORIENTED_EDGE('',*,*,#3613,.T.);
#4921=ORIENTED_EDGE('',*,*,#3435,.T.);
#4922=ORIENTED_EDGE('',*,*,#3562,.F.);
#4923=ORIENTED_EDGE('',*,*,#3614,.F.);
#4924=ORIENTED_EDGE('',*,*,#3612,.F.);
#4925=ORIENTED_EDGE('',*,*,#3615,.F.);
#4926=ORIENTED_EDGE('',*,*,#3616,.T.);
#4927=ORIENTED_EDGE('',*,*,#3617,.T.);
#4928=ORIENTED_EDGE('',*,*,#3618,.T.);
#4929=ORIENTED_EDGE('',*,*,#3484,.T.);
#4930=ORIENTED_EDGE('',*,*,#3580,.F.);
#4931=ORIENTED_EDGE('',*,*,#3619,.F.);
#4932=ORIENTED_EDGE('',*,*,#3617,.F.);
#4933=ORIENTED_EDGE('',*,*,#3620,.F.);
#4934=ORIENTED_EDGE('',*,*,#3621,.T.);
#4935=ORIENTED_EDGE('',*,*,#3622,.T.);
#4936=ORIENTED_EDGE('',*,*,#3623,.T.);
#4937=ORIENTED_EDGE('',*,*,#3463,.T.);
#4938=ORIENTED_EDGE('',*,*,#3574,.F.);
#4939=ORIENTED_EDGE('',*,*,#3624,.F.);
#4940=ORIENTED_EDGE('',*,*,#3622,.F.);
#4941=ORIENTED_EDGE('',*,*,#3625,.F.);
#4942=ORIENTED_EDGE('',*,*,#3626,.T.);
#4943=ORIENTED_EDGE('',*,*,#3627,.T.);
#4944=ORIENTED_EDGE('',*,*,#3628,.T.);
#4945=ORIENTED_EDGE('',*,*,#3449,.T.);
#4946=ORIENTED_EDGE('',*,*,#3568,.F.);
#4947=ORIENTED_EDGE('',*,*,#3629,.F.);
#4948=ORIENTED_EDGE('',*,*,#3627,.F.);
#4949=ORIENTED_EDGE('',*,*,#3630,.F.);
#4950=ORIENTED_EDGE('',*,*,#3631,.T.);
#4951=ORIENTED_EDGE('',*,*,#3632,.T.);
#4952=ORIENTED_EDGE('',*,*,#3633,.T.);
#4953=ORIENTED_EDGE('',*,*,#3456,.T.);
#4954=ORIENTED_EDGE('',*,*,#3598,.F.);
#4955=ORIENTED_EDGE('',*,*,#3634,.F.);
#4956=ORIENTED_EDGE('',*,*,#3632,.F.);
#4957=ORIENTED_EDGE('',*,*,#3635,.F.);
#4958=ORIENTED_EDGE('',*,*,#3636,.T.);
#4959=ORIENTED_EDGE('',*,*,#3637,.T.);
#4960=ORIENTED_EDGE('',*,*,#3638,.T.);
#4961=ORIENTED_EDGE('',*,*,#3470,.T.);
#4962=ORIENTED_EDGE('',*,*,#3592,.F.);
#4963=ORIENTED_EDGE('',*,*,#3639,.F.);
#4964=ORIENTED_EDGE('',*,*,#3637,.F.);
#4965=ORIENTED_EDGE('',*,*,#3640,.F.);
#4966=ORIENTED_EDGE('',*,*,#3641,.T.);
#4967=ORIENTED_EDGE('',*,*,#3642,.T.);
#4968=ORIENTED_EDGE('',*,*,#3643,.T.);
#4969=ORIENTED_EDGE('',*,*,#3477,.T.);
#4970=ORIENTED_EDGE('',*,*,#3586,.F.);
#4971=ORIENTED_EDGE('',*,*,#3644,.F.);
#4972=ORIENTED_EDGE('',*,*,#3642,.F.);
#4973=ORIENTED_EDGE('',*,*,#3645,.F.);
#4974=ORIENTED_EDGE('',*,*,#3646,.T.);
#4975=ORIENTED_EDGE('',*,*,#3647,.T.);
#4976=ORIENTED_EDGE('',*,*,#3648,.T.);
#4977=ORIENTED_EDGE('',*,*,#3649,.T.);
#4978=ORIENTED_EDGE('',*,*,#3649,.F.);
#4979=ORIENTED_EDGE('',*,*,#3650,.F.);
#4980=ORIENTED_EDGE('',*,*,#3651,.F.);
#4981=ORIENTED_EDGE('',*,*,#3652,.F.);
#4982=ORIENTED_EDGE('',*,*,#3648,.F.);
#4983=ORIENTED_EDGE('',*,*,#3653,.T.);
#4984=ORIENTED_EDGE('',*,*,#3654,.F.);
#4985=ORIENTED_EDGE('',*,*,#3655,.T.);
#4986=ORIENTED_EDGE('',*,*,#3656,.F.);
#4987=ORIENTED_EDGE('',*,*,#3657,.T.);
#4988=ORIENTED_EDGE('',*,*,#3658,.F.);
#4989=ORIENTED_EDGE('',*,*,#3650,.T.);
#4990=ORIENTED_EDGE('',*,*,#3400,.T.);
#4991=ORIENTED_EDGE('',*,*,#3403,.T.);
#4992=ORIENTED_EDGE('',*,*,#3406,.T.);
#4993=ORIENTED_EDGE('',*,*,#3409,.T.);
#4994=ORIENTED_EDGE('',*,*,#3141,.T.);
#4995=ORIENTED_EDGE('',*,*,#3425,.F.);
#4996=ORIENTED_EDGE('',*,*,#3392,.F.);
#4997=ORIENTED_EDGE('',*,*,#3371,.F.);
#4998=ORIENTED_EDGE('',*,*,#3563,.T.);
#4999=ORIENTED_EDGE('',*,*,#3519,.F.);
#5000=ORIENTED_EDGE('',*,*,#3521,.T.);
#5001=ORIENTED_EDGE('',*,*,#3432,.F.);
#5002=ORIENTED_EDGE('',*,*,#3436,.T.);
#5003=ORIENTED_EDGE('',*,*,#3613,.F.);
#5004=ORIENTED_EDGE('',*,*,#3614,.T.);
#5005=ORIENTED_EDGE('',*,*,#3561,.F.);
#5006=ORIENTED_EDGE('',*,*,#3587,.T.);
#5007=ORIENTED_EDGE('',*,*,#3507,.F.);
#5008=ORIENTED_EDGE('',*,*,#3509,.T.);
#5009=ORIENTED_EDGE('',*,*,#3474,.F.);
#5010=ORIENTED_EDGE('',*,*,#3478,.T.);
#5011=ORIENTED_EDGE('',*,*,#3643,.F.);
#5012=ORIENTED_EDGE('',*,*,#3644,.T.);
#5013=ORIENTED_EDGE('',*,*,#3585,.F.);
#5014=ORIENTED_EDGE('',*,*,#3581,.T.);
#5015=ORIENTED_EDGE('',*,*,#3537,.F.);
#5016=ORIENTED_EDGE('',*,*,#3539,.T.);
#5017=ORIENTED_EDGE('',*,*,#3481,.F.);
#5018=ORIENTED_EDGE('',*,*,#3485,.T.);
#5019=ORIENTED_EDGE('',*,*,#3618,.F.);
#5020=ORIENTED_EDGE('',*,*,#3619,.T.);
#5021=ORIENTED_EDGE('',*,*,#3579,.F.);
#5022=ORIENTED_EDGE('',*,*,#3557,.T.);
#5023=ORIENTED_EDGE('',*,*,#3513,.F.);
#5024=ORIENTED_EDGE('',*,*,#3515,.T.);
#5025=ORIENTED_EDGE('',*,*,#3439,.F.);
#5026=ORIENTED_EDGE('',*,*,#3443,.T.);
#5027=ORIENTED_EDGE('',*,*,#3608,.F.);
#5028=ORIENTED_EDGE('',*,*,#3609,.T.);
#5029=ORIENTED_EDGE('',*,*,#3555,.F.);
#5030=ORIENTED_EDGE('',*,*,#3569,.T.);
#5031=ORIENTED_EDGE('',*,*,#3525,.F.);
#5032=ORIENTED_EDGE('',*,*,#3527,.T.);
#5033=ORIENTED_EDGE('',*,*,#3446,.F.);
#5034=ORIENTED_EDGE('',*,*,#3450,.T.);
#5035=ORIENTED_EDGE('',*,*,#3628,.F.);
#5036=ORIENTED_EDGE('',*,*,#3629,.T.);
#5037=ORIENTED_EDGE('',*,*,#3567,.F.);
#5038=ORIENTED_EDGE('',*,*,#3593,.T.);
#5039=ORIENTED_EDGE('',*,*,#3501,.F.);
#5040=ORIENTED_EDGE('',*,*,#3503,.T.);
#5041=ORIENTED_EDGE('',*,*,#3467,.F.);
#5042=ORIENTED_EDGE('',*,*,#3471,.T.);
#5043=ORIENTED_EDGE('',*,*,#3638,.F.);
#5044=ORIENTED_EDGE('',*,*,#3639,.T.);
#5045=ORIENTED_EDGE('',*,*,#3591,.F.);
#5046=ORIENTED_EDGE('',*,*,#3551,.T.);
#5047=ORIENTED_EDGE('',*,*,#3543,.F.);
#5048=ORIENTED_EDGE('',*,*,#3545,.T.);
#5049=ORIENTED_EDGE('',*,*,#3488,.F.);
#5050=ORIENTED_EDGE('',*,*,#3492,.T.);
#5051=ORIENTED_EDGE('',*,*,#3603,.F.);
#5052=ORIENTED_EDGE('',*,*,#3604,.T.);
#5053=ORIENTED_EDGE('',*,*,#3549,.F.);
#5054=ORIENTED_EDGE('',*,*,#3575,.T.);
#5055=ORIENTED_EDGE('',*,*,#3531,.F.);
#5056=ORIENTED_EDGE('',*,*,#3533,.T.);
#5057=ORIENTED_EDGE('',*,*,#3460,.F.);
#5058=ORIENTED_EDGE('',*,*,#3464,.T.);
#5059=ORIENTED_EDGE('',*,*,#3623,.F.);
#5060=ORIENTED_EDGE('',*,*,#3624,.T.);
#5061=ORIENTED_EDGE('',*,*,#3573,.F.);
#5062=ORIENTED_EDGE('',*,*,#3599,.T.);
#5063=ORIENTED_EDGE('',*,*,#3495,.F.);
#5064=ORIENTED_EDGE('',*,*,#3497,.T.);
#5065=ORIENTED_EDGE('',*,*,#3453,.F.);
#5066=ORIENTED_EDGE('',*,*,#3457,.T.);
#5067=ORIENTED_EDGE('',*,*,#3633,.F.);
#5068=ORIENTED_EDGE('',*,*,#3634,.T.);
#5069=ORIENTED_EDGE('',*,*,#3597,.F.);
#5070=ORIENTED_EDGE('',*,*,#3659,.T.);
#5071=ORIENTED_EDGE('',*,*,#3660,.T.);
#5072=ORIENTED_EDGE('',*,*,#3661,.T.);
#5073=ORIENTED_EDGE('',*,*,#3662,.T.);
#5074=ORIENTED_EDGE('',*,*,#3412,.T.);
#5075=ORIENTED_EDGE('',*,*,#3416,.T.);
#5076=ORIENTED_EDGE('',*,*,#3419,.T.);
#5077=ORIENTED_EDGE('',*,*,#3421,.T.);
#5078=ORIENTED_EDGE('',*,*,#3375,.F.);
#5079=ORIENTED_EDGE('',*,*,#3429,.F.);
#5080=ORIENTED_EDGE('',*,*,#3382,.T.);
#5081=ORIENTED_EDGE('',*,*,#3391,.F.);
#5082=ORIENTED_EDGE('',*,*,#3423,.F.);
#5083=ORIENTED_EDGE('',*,*,#3388,.T.);
#5084=ORIENTED_EDGE('',*,*,#3397,.T.);
#5085=ORIENTED_EDGE('',*,*,#3427,.F.);
#5086=ORIENTED_EDGE('',*,*,#3381,.T.);
#5087=ORIENTED_EDGE('',*,*,#3663,.T.);
#5088=ORIENTED_EDGE('',*,*,#3651,.T.);
#5089=ORIENTED_EDGE('',*,*,#3658,.T.);
#5090=ORIENTED_EDGE('',*,*,#3664,.T.);
#5091=ORIENTED_EDGE('',*,*,#3664,.F.);
#5092=ORIENTED_EDGE('',*,*,#3657,.F.);
#5093=ORIENTED_EDGE('',*,*,#3665,.F.);
#5094=ORIENTED_EDGE('',*,*,#3666,.F.);
#5095=ORIENTED_EDGE('',*,*,#3667,.T.);
#5096=ORIENTED_EDGE('',*,*,#3665,.T.);
#5097=ORIENTED_EDGE('',*,*,#3656,.T.);
#5098=ORIENTED_EDGE('',*,*,#3668,.T.);
#5099=ORIENTED_EDGE('',*,*,#3668,.F.);
#5100=ORIENTED_EDGE('',*,*,#3655,.F.);
#5101=ORIENTED_EDGE('',*,*,#3669,.F.);
#5102=ORIENTED_EDGE('',*,*,#3670,.F.);
#5103=ORIENTED_EDGE('',*,*,#3671,.T.);
#5104=ORIENTED_EDGE('',*,*,#3669,.T.);
#5105=ORIENTED_EDGE('',*,*,#3654,.T.);
#5106=ORIENTED_EDGE('',*,*,#3672,.T.);
#5107=ORIENTED_EDGE('',*,*,#3673,.F.);
#5108=ORIENTED_EDGE('',*,*,#3674,.T.);
#5109=ORIENTED_EDGE('',*,*,#3659,.F.);
#5110=ORIENTED_EDGE('',*,*,#3675,.F.);
#5111=ORIENTED_EDGE('',*,*,#3676,.F.);
#5112=ORIENTED_EDGE('',*,*,#3677,.T.);
#5113=ORIENTED_EDGE('',*,*,#3660,.F.);
#5114=ORIENTED_EDGE('',*,*,#3674,.F.);
#5115=ORIENTED_EDGE('',*,*,#3678,.F.);
#5116=ORIENTED_EDGE('',*,*,#3679,.T.);
#5117=ORIENTED_EDGE('',*,*,#3661,.F.);
#5118=ORIENTED_EDGE('',*,*,#3677,.F.);
#5119=ORIENTED_EDGE('',*,*,#3680,.F.);
#5120=ORIENTED_EDGE('',*,*,#3675,.T.);
#5121=ORIENTED_EDGE('',*,*,#3662,.F.);
#5122=ORIENTED_EDGE('',*,*,#3679,.F.);
#5123=ORIENTED_EDGE('',*,*,#3647,.F.);
#5124=ORIENTED_EDGE('',*,*,#3681,.F.);
#5125=ORIENTED_EDGE('',*,*,#3672,.F.);
#5126=ORIENTED_EDGE('',*,*,#3653,.F.);
#5127=ORIENTED_EDGE('',*,*,#3646,.F.);
#5128=ORIENTED_EDGE('',*,*,#3652,.T.);
#5129=ORIENTED_EDGE('',*,*,#3663,.F.);
#5130=ORIENTED_EDGE('',*,*,#3666,.T.);
#5131=ORIENTED_EDGE('',*,*,#3667,.F.);
#5132=ORIENTED_EDGE('',*,*,#3670,.T.);
#5133=ORIENTED_EDGE('',*,*,#3671,.F.);
#5134=ORIENTED_EDGE('',*,*,#3681,.T.);
#5135=ORIENTED_EDGE('',*,*,#3398,.T.);
#5136=ORIENTED_EDGE('',*,*,#3401,.T.);
#5137=ORIENTED_EDGE('',*,*,#3404,.T.);
#5138=ORIENTED_EDGE('',*,*,#3407,.T.);
#5139=ORIENTED_EDGE('',*,*,#3379,.F.);
#5140=ORIENTED_EDGE('',*,*,#3426,.F.);
#5141=ORIENTED_EDGE('',*,*,#3395,.F.);
#5142=ORIENTED_EDGE('',*,*,#3564,.T.);
#5143=ORIENTED_EDGE('',*,*,#3559,.F.);
#5144=ORIENTED_EDGE('',*,*,#3615,.T.);
#5145=ORIENTED_EDGE('',*,*,#3611,.F.);
#5146=ORIENTED_EDGE('',*,*,#3434,.T.);
#5147=ORIENTED_EDGE('',*,*,#3430,.F.);
#5148=ORIENTED_EDGE('',*,*,#3522,.T.);
#5149=ORIENTED_EDGE('',*,*,#3517,.F.);
#5150=ORIENTED_EDGE('',*,*,#3588,.T.);
#5151=ORIENTED_EDGE('',*,*,#3583,.F.);
#5152=ORIENTED_EDGE('',*,*,#3645,.T.);
#5153=ORIENTED_EDGE('',*,*,#3641,.F.);
#5154=ORIENTED_EDGE('',*,*,#3476,.T.);
#5155=ORIENTED_EDGE('',*,*,#3472,.F.);
#5156=ORIENTED_EDGE('',*,*,#3510,.T.);
#5157=ORIENTED_EDGE('',*,*,#3505,.F.);
#5158=ORIENTED_EDGE('',*,*,#3582,.T.);
#5159=ORIENTED_EDGE('',*,*,#3577,.F.);
#5160=ORIENTED_EDGE('',*,*,#3620,.T.);
#5161=ORIENTED_EDGE('',*,*,#3616,.F.);
#5162=ORIENTED_EDGE('',*,*,#3483,.T.);
#5163=ORIENTED_EDGE('',*,*,#3479,.F.);
#5164=ORIENTED_EDGE('',*,*,#3540,.T.);
#5165=ORIENTED_EDGE('',*,*,#3535,.F.);
#5166=ORIENTED_EDGE('',*,*,#3558,.T.);
#5167=ORIENTED_EDGE('',*,*,#3553,.F.);
#5168=ORIENTED_EDGE('',*,*,#3610,.T.);
#5169=ORIENTED_EDGE('',*,*,#3606,.F.);
#5170=ORIENTED_EDGE('',*,*,#3441,.T.);
#5171=ORIENTED_EDGE('',*,*,#3437,.F.);
#5172=ORIENTED_EDGE('',*,*,#3516,.T.);
#5173=ORIENTED_EDGE('',*,*,#3511,.F.);
#5174=ORIENTED_EDGE('',*,*,#3570,.T.);
#5175=ORIENTED_EDGE('',*,*,#3565,.F.);
#5176=ORIENTED_EDGE('',*,*,#3630,.T.);
#5177=ORIENTED_EDGE('',*,*,#3626,.F.);
#5178=ORIENTED_EDGE('',*,*,#3448,.T.);
#5179=ORIENTED_EDGE('',*,*,#3444,.F.);
#5180=ORIENTED_EDGE('',*,*,#3528,.T.);
#5181=ORIENTED_EDGE('',*,*,#3523,.F.);
#5182=ORIENTED_EDGE('',*,*,#3594,.T.);
#5183=ORIENTED_EDGE('',*,*,#3589,.F.);
#5184=ORIENTED_EDGE('',*,*,#3640,.T.);
#5185=ORIENTED_EDGE('',*,*,#3636,.F.);
#5186=ORIENTED_EDGE('',*,*,#3469,.T.);
#5187=ORIENTED_EDGE('',*,*,#3465,.F.);
#5188=ORIENTED_EDGE('',*,*,#3504,.T.);
#5189=ORIENTED_EDGE('',*,*,#3499,.F.);
#5190=ORIENTED_EDGE('',*,*,#3552,.T.);
#5191=ORIENTED_EDGE('',*,*,#3547,.F.);
#5192=ORIENTED_EDGE('',*,*,#3605,.T.);
#5193=ORIENTED_EDGE('',*,*,#3601,.F.);
#5194=ORIENTED_EDGE('',*,*,#3490,.T.);
#5195=ORIENTED_EDGE('',*,*,#3486,.F.);
#5196=ORIENTED_EDGE('',*,*,#3546,.T.);
#5197=ORIENTED_EDGE('',*,*,#3541,.F.);
#5198=ORIENTED_EDGE('',*,*,#3576,.T.);
#5199=ORIENTED_EDGE('',*,*,#3571,.F.);
#5200=ORIENTED_EDGE('',*,*,#3625,.T.);
#5201=ORIENTED_EDGE('',*,*,#3621,.F.);
#5202=ORIENTED_EDGE('',*,*,#3462,.T.);
#5203=ORIENTED_EDGE('',*,*,#3458,.F.);
#5204=ORIENTED_EDGE('',*,*,#3534,.T.);
#5205=ORIENTED_EDGE('',*,*,#3529,.F.);
#5206=ORIENTED_EDGE('',*,*,#3600,.T.);
#5207=ORIENTED_EDGE('',*,*,#3595,.F.);
#5208=ORIENTED_EDGE('',*,*,#3635,.T.);
#5209=ORIENTED_EDGE('',*,*,#3631,.F.);
#5210=ORIENTED_EDGE('',*,*,#3455,.T.);
#5211=ORIENTED_EDGE('',*,*,#3451,.F.);
#5212=ORIENTED_EDGE('',*,*,#3498,.T.);
#5213=ORIENTED_EDGE('',*,*,#3493,.F.);
#5214=ORIENTED_EDGE('',*,*,#3673,.T.);
#5215=ORIENTED_EDGE('',*,*,#3680,.T.);
#5216=ORIENTED_EDGE('',*,*,#3678,.T.);
#5217=ORIENTED_EDGE('',*,*,#3676,.T.);
#5218=ORIENTED_EDGE('',*,*,#3410,.T.);
#5219=ORIENTED_EDGE('',*,*,#3420,.T.);
#5220=ORIENTED_EDGE('',*,*,#3417,.T.);
#5221=ORIENTED_EDGE('',*,*,#3414,.T.);
#5222=ORIENTED_EDGE('',*,*,#3386,.F.);
#5223=ORIENTED_EDGE('',*,*,#3422,.F.);
#5224=ORIENTED_EDGE('',*,*,#3389,.T.);
#5225=ORIENTED_EDGE('',*,*,#3384,.F.);
#5226=ORIENTED_EDGE('',*,*,#3428,.F.);
#5227=ORIENTED_EDGE('',*,*,#3377,.T.);
#5228=ORIENTED_EDGE('',*,*,#2846,.T.);
#5229=ORIENTED_EDGE('',*,*,#2843,.T.);
#5230=ORIENTED_EDGE('',*,*,#2840,.T.);
#5231=ORIENTED_EDGE('',*,*,#2837,.T.);
#5232=ORIENTED_EDGE('',*,*,#2833,.T.);
#5233=ORIENTED_EDGE('',*,*,#2852,.T.);
#5234=ORIENTED_EDGE('',*,*,#2855,.T.);
#5235=ORIENTED_EDGE('',*,*,#2858,.T.);
#5236=ORIENTED_EDGE('',*,*,#2861,.T.);
#5237=ORIENTED_EDGE('',*,*,#2864,.T.);
#5238=ORIENTED_EDGE('',*,*,#2867,.T.);
#5239=ORIENTED_EDGE('',*,*,#2849,.T.);
#5240=ORIENTED_EDGE('',*,*,#2906,.T.);
#5241=ORIENTED_EDGE('',*,*,#2903,.T.);
#5242=ORIENTED_EDGE('',*,*,#2900,.T.);
#5243=ORIENTED_EDGE('',*,*,#2897,.T.);
#5244=ORIENTED_EDGE('',*,*,#2894,.T.);
#5245=ORIENTED_EDGE('',*,*,#2891,.T.);
#5246=ORIENTED_EDGE('',*,*,#2888,.T.);
#5247=ORIENTED_EDGE('',*,*,#2885,.T.);
#5248=ORIENTED_EDGE('',*,*,#2882,.T.);
#5249=ORIENTED_EDGE('',*,*,#2879,.T.);
#5250=ORIENTED_EDGE('',*,*,#2876,.T.);
#5251=ORIENTED_EDGE('',*,*,#2873,.T.);
#5252=ORIENTED_EDGE('',*,*,#2869,.T.);
#5253=ORIENTED_EDGE('',*,*,#2912,.T.);
#5254=ORIENTED_EDGE('',*,*,#2915,.T.);
#5255=ORIENTED_EDGE('',*,*,#2918,.T.);
#5256=ORIENTED_EDGE('',*,*,#2921,.T.);
#5257=ORIENTED_EDGE('',*,*,#2924,.T.);
#5258=ORIENTED_EDGE('',*,*,#2927,.T.);
#5259=ORIENTED_EDGE('',*,*,#2930,.T.);
#5260=ORIENTED_EDGE('',*,*,#2933,.T.);
#5261=ORIENTED_EDGE('',*,*,#2936,.T.);
#5262=ORIENTED_EDGE('',*,*,#2939,.T.);
#5263=ORIENTED_EDGE('',*,*,#2942,.T.);
#5264=ORIENTED_EDGE('',*,*,#2945,.T.);
#5265=ORIENTED_EDGE('',*,*,#2948,.T.);
#5266=ORIENTED_EDGE('',*,*,#2951,.T.);
#5267=ORIENTED_EDGE('',*,*,#2954,.T.);
#5268=ORIENTED_EDGE('',*,*,#2909,.T.);
#5269=ORIENTED_EDGE('',*,*,#2963,.T.);
#5270=ORIENTED_EDGE('',*,*,#2960,.T.);
#5271=ORIENTED_EDGE('',*,*,#2956,.T.);
#5272=ORIENTED_EDGE('',*,*,#2984,.T.);
#5273=ORIENTED_EDGE('',*,*,#2987,.T.);
#5274=ORIENTED_EDGE('',*,*,#2990,.T.);
#5275=ORIENTED_EDGE('',*,*,#2993,.T.);
#5276=ORIENTED_EDGE('',*,*,#2966,.T.);
#5277=ORIENTED_EDGE('',*,*,#3017,.T.);
#5278=ORIENTED_EDGE('',*,*,#3014,.T.);
#5279=ORIENTED_EDGE('',*,*,#3011,.T.);
#5280=ORIENTED_EDGE('',*,*,#3008,.T.);
#5281=ORIENTED_EDGE('',*,*,#3005,.T.);
#5282=ORIENTED_EDGE('',*,*,#3002,.T.);
#5283=ORIENTED_EDGE('',*,*,#2999,.T.);
#5284=ORIENTED_EDGE('',*,*,#2995,.T.);
#5285=ORIENTED_EDGE('',*,*,#3023,.T.);
#5286=ORIENTED_EDGE('',*,*,#3026,.T.);
#5287=ORIENTED_EDGE('',*,*,#3029,.T.);
#5288=ORIENTED_EDGE('',*,*,#3032,.T.);
#5289=ORIENTED_EDGE('',*,*,#3035,.T.);
#5290=ORIENTED_EDGE('',*,*,#3038,.T.);
#5291=ORIENTED_EDGE('',*,*,#3041,.T.);
#5292=ORIENTED_EDGE('',*,*,#3044,.T.);
#5293=ORIENTED_EDGE('',*,*,#3047,.T.);
#5294=ORIENTED_EDGE('',*,*,#3020,.T.);
#5295=ORIENTED_EDGE('',*,*,#3062,.T.);
#5296=ORIENTED_EDGE('',*,*,#3059,.T.);
#5297=ORIENTED_EDGE('',*,*,#3056,.T.);
#5298=ORIENTED_EDGE('',*,*,#3053,.T.);
#5299=ORIENTED_EDGE('',*,*,#3049,.T.);
#5300=ORIENTED_EDGE('',*,*,#3095,.T.);
#5301=ORIENTED_EDGE('',*,*,#3098,.T.);
#5302=ORIENTED_EDGE('',*,*,#3101,.T.);
#5303=ORIENTED_EDGE('',*,*,#3104,.T.);
#5304=ORIENTED_EDGE('',*,*,#3107,.T.);
#5305=ORIENTED_EDGE('',*,*,#3110,.T.);
#5306=ORIENTED_EDGE('',*,*,#3113,.T.);
#5307=ORIENTED_EDGE('',*,*,#3065,.T.);
#5308=ORIENTED_EDGE('',*,*,#3171,.T.);
#5309=ORIENTED_EDGE('',*,*,#3168,.T.);
#5310=ORIENTED_EDGE('',*,*,#3165,.T.);
#5311=ORIENTED_EDGE('',*,*,#3162,.T.);
#5312=ORIENTED_EDGE('',*,*,#3158,.T.);
#5313=ORIENTED_EDGE('',*,*,#3177,.T.);
#5314=ORIENTED_EDGE('',*,*,#3180,.T.);
#5315=ORIENTED_EDGE('',*,*,#3183,.T.);
#5316=ORIENTED_EDGE('',*,*,#3186,.T.);
#5317=ORIENTED_EDGE('',*,*,#3189,.T.);
#5318=ORIENTED_EDGE('',*,*,#3192,.T.);
#5319=ORIENTED_EDGE('',*,*,#3174,.T.);
#5320=ORIENTED_EDGE('',*,*,#3207,.T.);
#5321=ORIENTED_EDGE('',*,*,#3204,.T.);
#5322=ORIENTED_EDGE('',*,*,#3201,.T.);
#5323=ORIENTED_EDGE('',*,*,#3198,.T.);
#5324=ORIENTED_EDGE('',*,*,#3194,.T.);
#5325=ORIENTED_EDGE('',*,*,#3246,.T.);
#5326=ORIENTED_EDGE('',*,*,#3249,.T.);
#5327=ORIENTED_EDGE('',*,*,#3252,.T.);
#5328=ORIENTED_EDGE('',*,*,#3255,.T.);
#5329=ORIENTED_EDGE('',*,*,#3258,.T.);
#5330=ORIENTED_EDGE('',*,*,#3261,.T.);
#5331=ORIENTED_EDGE('',*,*,#3210,.T.);
#5332=ORIENTED_EDGE('',*,*,#3276,.T.);
#5333=ORIENTED_EDGE('',*,*,#3273,.T.);
#5334=ORIENTED_EDGE('',*,*,#3270,.T.);
#5335=ORIENTED_EDGE('',*,*,#3267,.T.);
#5336=ORIENTED_EDGE('',*,*,#3263,.T.);
#5337=ORIENTED_EDGE('',*,*,#3282,.T.);
#5338=ORIENTED_EDGE('',*,*,#3285,.T.);
#5339=ORIENTED_EDGE('',*,*,#3288,.T.);
#5340=ORIENTED_EDGE('',*,*,#3291,.T.);
#5341=ORIENTED_EDGE('',*,*,#3294,.T.);
#5342=ORIENTED_EDGE('',*,*,#3297,.T.);
#5343=ORIENTED_EDGE('',*,*,#3279,.T.);
#5344=ORIENTED_EDGE('',*,*,#3330,.T.);
#5345=ORIENTED_EDGE('',*,*,#3327,.T.);
#5346=ORIENTED_EDGE('',*,*,#3324,.T.);
#5347=ORIENTED_EDGE('',*,*,#3321,.T.);
#5348=ORIENTED_EDGE('',*,*,#3318,.T.);
#5349=ORIENTED_EDGE('',*,*,#3315,.T.);
#5350=ORIENTED_EDGE('',*,*,#3312,.T.);
#5351=ORIENTED_EDGE('',*,*,#3309,.T.);
#5352=ORIENTED_EDGE('',*,*,#3306,.T.);
#5353=ORIENTED_EDGE('',*,*,#3303,.T.);
#5354=ORIENTED_EDGE('',*,*,#3299,.T.);
#5355=ORIENTED_EDGE('',*,*,#3336,.T.);
#5356=ORIENTED_EDGE('',*,*,#3339,.T.);
#5357=ORIENTED_EDGE('',*,*,#3342,.T.);
#5358=ORIENTED_EDGE('',*,*,#3345,.T.);
#5359=ORIENTED_EDGE('',*,*,#3348,.T.);
#5360=ORIENTED_EDGE('',*,*,#3351,.T.);
#5361=ORIENTED_EDGE('',*,*,#3354,.T.);
#5362=ORIENTED_EDGE('',*,*,#3357,.T.);
#5363=ORIENTED_EDGE('',*,*,#3360,.T.);
#5364=ORIENTED_EDGE('',*,*,#3363,.T.);
#5365=ORIENTED_EDGE('',*,*,#3366,.T.);
#5366=ORIENTED_EDGE('',*,*,#3369,.T.);
#5367=ORIENTED_EDGE('',*,*,#3333,.T.);
#5368=ORIENTED_EDGE('',*,*,#3143,.T.);
#5369=ORIENTED_EDGE('',*,*,#3373,.T.);
#5370=ORIENTED_EDGE('',*,*,#3394,.T.);
#5371=ORIENTED_EDGE('',*,*,#3424,.F.);
#5372=ORIENTED_EDGE('',*,*,#3146,.T.);
#5373=ORIENTED_EDGE('',*,*,#3147,.T.);
#5374=ORIENTED_EDGE('',*,*,#3150,.T.);
#5375=ORIENTED_EDGE('',*,*,#3153,.T.);
#5376=ORIENTED_EDGE('',*,*,#3156,.T.);
#5377=ORIENTED_EDGE('',*,*,#3122,.T.);
#5378=ORIENTED_EDGE('',*,*,#3119,.T.);
#5379=ORIENTED_EDGE('',*,*,#3115,.T.);
#5380=PLANE('',#5846);
#5381=PLANE('',#5847);
#5382=PLANE('',#5848);
#5383=PLANE('',#5849);
#5384=PLANE('',#5850);
#5385=PLANE('',#5851);
#5386=PLANE('',#5852);
#5387=PLANE('',#5853);
#5388=PLANE('',#5854);
#5389=PLANE('',#5855);
#5390=PLANE('',#5856);
#5391=PLANE('',#5857);
#5392=PLANE('',#5858);
#5393=PLANE('',#5859);
#5394=PLANE('',#5860);
#5395=PLANE('',#5861);
#5396=PLANE('',#5862);
#5397=PLANE('',#5863);
#5398=PLANE('',#5864);
#5399=PLANE('',#5865);
#5400=PLANE('',#5866);
#5401=PLANE('',#5867);
#5402=PLANE('',#5868);
#5403=PLANE('',#5869);
#5404=PLANE('',#5870);
#5405=PLANE('',#5871);
#5406=PLANE('',#5872);
#5407=PLANE('',#5873);
#5408=PLANE('',#5874);
#5409=PLANE('',#5875);
#5410=PLANE('',#5876);
#5411=PLANE('',#5877);
#5412=PLANE('',#5878);
#5413=PLANE('',#5879);
#5414=PLANE('',#5880);
#5415=PLANE('',#5881);
#5416=PLANE('',#5882);
#5417=PLANE('',#5883);
#5418=PLANE('',#5884);
#5419=PLANE('',#5885);
#5420=PLANE('',#5886);
#5421=PLANE('',#5887);
#5422=PLANE('',#5888);
#5423=PLANE('',#5889);
#5424=PLANE('',#5890);
#5425=PLANE('',#5891);
#5426=PLANE('',#5892);
#5427=PLANE('',#5893);
#5428=PLANE('',#5894);
#5429=PLANE('',#5895);
#5430=PLANE('',#5896);
#5431=PLANE('',#5897);
#5432=PLANE('',#5898);
#5433=PLANE('',#5899);
#5434=PLANE('',#5900);
#5435=PLANE('',#5901);
#5436=PLANE('',#5902);
#5437=PLANE('',#5903);
#5438=PLANE('',#5904);
#5439=PLANE('',#5905);
#5440=PLANE('',#5906);
#5441=PLANE('',#5907);
#5442=PLANE('',#5908);
#5443=PLANE('',#5909);
#5444=PLANE('',#5910);
#5445=PLANE('',#5911);
#5446=PLANE('',#5912);
#5447=PLANE('',#5913);
#5448=PLANE('',#5914);
#5449=PLANE('',#5915);
#5450=PLANE('',#5916);
#5451=PLANE('',#5917);
#5452=PLANE('',#5918);
#5453=PLANE('',#5919);
#5454=PLANE('',#5920);
#5455=PLANE('',#5921);
#5456=PLANE('',#5922);
#5457=PLANE('',#5923);
#5458=PLANE('',#5924);
#5459=PLANE('',#5925);
#5460=PLANE('',#5926);
#5461=PLANE('',#5927);
#5462=PLANE('',#5928);
#5463=PLANE('',#5929);
#5464=PLANE('',#5930);
#5465=PLANE('',#5931);
#5466=PLANE('',#5932);
#5467=PLANE('',#5933);
#5468=PLANE('',#5934);
#5469=PLANE('',#5935);
#5470=PLANE('',#5936);
#5471=PLANE('',#5937);
#5472=PLANE('',#5938);
#5473=PLANE('',#5939);
#5474=PLANE('',#5940);
#5475=PLANE('',#5941);
#5476=PLANE('',#5942);
#5477=PLANE('',#5943);
#5478=PLANE('',#5944);
#5479=PLANE('',#5945);
#5480=PLANE('',#5946);
#5481=PLANE('',#5947);
#5482=PLANE('',#5948);
#5483=PLANE('',#5949);
#5484=PLANE('',#5962);
#5485=PLANE('',#5963);
#5486=PLANE('',#5964);
#5487=PLANE('',#5965);
#5488=PLANE('',#5981);
#5489=PLANE('',#5985);
#5490=PLANE('',#5989);
#5491=PLANE('',#5993);
#5492=PLANE('',#5997);
#5493=PLANE('',#6001);
#5494=PLANE('',#6005);
#5495=PLANE('',#6009);
#5496=PLANE('',#6013);
#5497=PLANE('',#6017);
#5498=PLANE('',#6021);
#5499=PLANE('',#6025);
#5500=PLANE('',#6029);
#5501=PLANE('',#6033);
#5502=PLANE('',#6037);
#5503=PLANE('',#6041);
#5504=PLANE('',#6045);
#5505=PLANE('',#6049);
#5506=PLANE('',#6053);
#5507=PLANE('',#6057);
#5508=PLANE('',#6061);
#5509=PLANE('',#6065);
#5510=PLANE('',#6069);
#5511=PLANE('',#6073);
#5512=PLANE('',#6077);
#5513=PLANE('',#6081);
#5514=PLANE('',#6085);
#5515=PLANE('',#6089);
#5516=PLANE('',#6093);
#5517=PLANE('',#6097);
#5518=PLANE('',#6101);
#5519=PLANE('',#6105);
#5520=PLANE('',#6109);
#5521=PLANE('',#6113);
#5522=PLANE('',#6117);
#5523=PLANE('',#6121);
#5524=PLANE('',#6125);
#5525=PLANE('',#6126);
#5526=PLANE('',#6132);
#5527=PLANE('',#6135);
#5528=PLANE('',#6138);
#5529=PLANE('',#6139);
#5530=PLANE('',#6140);
#5531=PLANE('',#6141);
#5532=PLANE('',#6142);
#5533=PLANE('',#6143);
#5534=ADVANCED_FACE('',(#498),#5380,.T.);
#5535=ADVANCED_FACE('',(#499),#5381,.T.);
#5536=ADVANCED_FACE('',(#500),#5382,.T.);
#5537=ADVANCED_FACE('',(#501),#5383,.T.);
#5538=ADVANCED_FACE('',(#502),#5384,.T.);
#5539=ADVANCED_FACE('',(#503),#5385,.T.);
#5540=ADVANCED_FACE('',(#504),#5386,.T.);
#5541=ADVANCED_FACE('',(#505),#5387,.T.);
#5542=ADVANCED_FACE('',(#506),#5388,.T.);
#5543=ADVANCED_FACE('',(#507),#5389,.T.);
#5544=ADVANCED_FACE('',(#508),#5390,.T.);
#5545=ADVANCED_FACE('',(#509),#5391,.T.);
#5546=ADVANCED_FACE('',(#510),#5392,.T.);
#5547=ADVANCED_FACE('',(#511),#402,.T.);
#5548=ADVANCED_FACE('',(#512),#403,.T.);
#5549=ADVANCED_FACE('',(#513),#404,.T.);
#5550=ADVANCED_FACE('',(#514),#405,.T.);
#5551=ADVANCED_FACE('',(#515),#406,.T.);
#5552=ADVANCED_FACE('',(#516),#407,.T.);
#5553=ADVANCED_FACE('',(#517),#408,.T.);
#5554=ADVANCED_FACE('',(#518),#409,.T.);
#5555=ADVANCED_FACE('',(#519),#410,.T.);
#5556=ADVANCED_FACE('',(#520),#411,.T.);
#5557=ADVANCED_FACE('',(#521),#412,.T.);
#5558=ADVANCED_FACE('',(#522),#413,.T.);
#5559=ADVANCED_FACE('',(#523),#5393,.T.);
#5560=ADVANCED_FACE('',(#524),#414,.T.);
#5561=ADVANCED_FACE('',(#525),#415,.T.);
#5562=ADVANCED_FACE('',(#526),#416,.T.);
#5563=ADVANCED_FACE('',(#527),#5394,.T.);
#5564=ADVANCED_FACE('',(#528),#417,.T.);
#5565=ADVANCED_FACE('',(#529),#418,.T.);
#5566=ADVANCED_FACE('',(#530),#419,.T.);
#5567=ADVANCED_FACE('',(#531),#420,.T.);
#5568=ADVANCED_FACE('',(#532),#421,.T.);
#5569=ADVANCED_FACE('',(#533),#422,.T.);
#5570=ADVANCED_FACE('',(#534),#423,.T.);
#5571=ADVANCED_FACE('',(#535),#424,.T.);
#5572=ADVANCED_FACE('',(#536),#425,.T.);
#5573=ADVANCED_FACE('',(#537),#426,.T.);
#5574=ADVANCED_FACE('',(#538),#427,.T.);
#5575=ADVANCED_FACE('',(#539),#428,.T.);
#5576=ADVANCED_FACE('',(#540),#5395,.T.);
#5577=ADVANCED_FACE('',(#541),#5396,.T.);
#5578=ADVANCED_FACE('',(#542),#5397,.T.);
#5579=ADVANCED_FACE('',(#543),#5398,.T.);
#5580=ADVANCED_FACE('',(#544),#5399,.T.);
#5581=ADVANCED_FACE('',(#545),#5400,.T.);
#5582=ADVANCED_FACE('',(#546),#5401,.T.);
#5583=ADVANCED_FACE('',(#547),#5402,.T.);
#5584=ADVANCED_FACE('',(#548),#429,.T.);
#5585=ADVANCED_FACE('',(#549),#430,.T.);
#5586=ADVANCED_FACE('',(#550),#5403,.T.);
#5587=ADVANCED_FACE('',(#551),#5404,.T.);
#5588=ADVANCED_FACE('',(#552),#5405,.T.);
#5589=ADVANCED_FACE('',(#553),#5406,.T.);
#5590=ADVANCED_FACE('',(#554,#159),#5407,.T.);
#5591=ADVANCED_FACE('',(#555),#5408,.T.);
#5592=ADVANCED_FACE('',(#556),#431,.T.);
#5593=ADVANCED_FACE('',(#557),#432,.T.);
#5594=ADVANCED_FACE('',(#558),#433,.T.);
#5595=ADVANCED_FACE('',(#559),#434,.T.);
#5596=ADVANCED_FACE('',(#560),#435,.T.);
#5597=ADVANCED_FACE('',(#561),#436,.T.);
#5598=ADVANCED_FACE('',(#562),#437,.T.);
#5599=ADVANCED_FACE('',(#563),#5409,.T.);
#5600=ADVANCED_FACE('',(#564),#438,.T.);
#5601=ADVANCED_FACE('',(#565),#439,.T.);
#5602=ADVANCED_FACE('',(#566),#5410,.T.);
#5603=ADVANCED_FACE('',(#567),#440,.T.);
#5604=ADVANCED_FACE('',(#568),#441,.T.);
#5605=ADVANCED_FACE('',(#569),#442,.T.);
#5606=ADVANCED_FACE('',(#570),#443,.T.);
#5607=ADVANCED_FACE('',(#571),#444,.T.);
#5608=ADVANCED_FACE('',(#572),#445,.T.);
#5609=ADVANCED_FACE('',(#573),#446,.T.);
#5610=ADVANCED_FACE('',(#574),#5411,.T.);
#5611=ADVANCED_FACE('',(#575),#447,.T.);
#5612=ADVANCED_FACE('',(#576),#448,.T.);
#5613=ADVANCED_FACE('',(#577),#449,.T.);
#5614=ADVANCED_FACE('',(#578),#5412,.T.);
#5615=ADVANCED_FACE('',(#579),#5413,.T.);
#5616=ADVANCED_FACE('',(#580),#5414,.T.);
#5617=ADVANCED_FACE('',(#581),#450,.T.);
#5618=ADVANCED_FACE('',(#582),#451,.T.);
#5619=ADVANCED_FACE('',(#583),#452,.T.);
#5620=ADVANCED_FACE('',(#584),#453,.T.);
#5621=ADVANCED_FACE('',(#585),#5415,.T.);
#5622=ADVANCED_FACE('',(#586),#454,.T.);
#5623=ADVANCED_FACE('',(#587),#455,.T.);
#5624=ADVANCED_FACE('',(#588),#5416,.T.);
#5625=ADVANCED_FACE('',(#589),#5417,.T.);
#5626=ADVANCED_FACE('',(#590),#456,.T.);
#5627=ADVANCED_FACE('',(#591),#457,.T.);
#5628=ADVANCED_FACE('',(#592),#458,.T.);
#5629=ADVANCED_FACE('',(#593),#459,.T.);
#5630=ADVANCED_FACE('',(#594),#460,.T.);
#5631=ADVANCED_FACE('',(#595),#5418,.T.);
#5632=ADVANCED_FACE('',(#596),#5419,.T.);
#5633=ADVANCED_FACE('',(#597,#160),#5420,.T.);
#5634=ADVANCED_FACE('',(#598),#5421,.T.);
#5635=ADVANCED_FACE('',(#599),#5422,.T.);
#5636=ADVANCED_FACE('',(#600),#5423,.T.);
#5637=ADVANCED_FACE('',(#601),#5424,.T.);
#5638=ADVANCED_FACE('',(#602),#5425,.T.);
#5639=ADVANCED_FACE('',(#603),#5426,.T.);
#5640=ADVANCED_FACE('',(#604),#5427,.T.);
#5641=ADVANCED_FACE('',(#605),#461,.T.);
#5642=ADVANCED_FACE('',(#606),#462,.T.);
#5643=ADVANCED_FACE('',(#607),#5428,.T.);
#5644=ADVANCED_FACE('',(#608),#5429,.T.);
#5645=ADVANCED_FACE('',(#609),#5430,.T.);
#5646=ADVANCED_FACE('',(#610),#5431,.T.);
#5647=ADVANCED_FACE('',(#611),#5432,.T.);
#5648=ADVANCED_FACE('',(#612,#161),#5433,.T.);
#5649=ADVANCED_FACE('',(#613),#5434,.T.);
#5650=ADVANCED_FACE('',(#614),#5435,.T.);
#5651=ADVANCED_FACE('',(#615),#5436,.T.);
#5652=ADVANCED_FACE('',(#616),#5437,.T.);
#5653=ADVANCED_FACE('',(#617),#5438,.T.);
#5654=ADVANCED_FACE('',(#618),#5439,.T.);
#5655=ADVANCED_FACE('',(#619),#5440,.T.);
#5656=ADVANCED_FACE('',(#620),#5441,.T.);
#5657=ADVANCED_FACE('',(#621),#5442,.T.);
#5658=ADVANCED_FACE('',(#622),#5443,.T.);
#5659=ADVANCED_FACE('',(#623),#5444,.T.);
#5660=ADVANCED_FACE('',(#624),#5445,.T.);
#5661=ADVANCED_FACE('',(#625),#5446,.T.);
#5662=ADVANCED_FACE('',(#626),#5447,.T.);
#5663=ADVANCED_FACE('',(#627),#463,.T.);
#5664=ADVANCED_FACE('',(#628),#464,.T.);
#5665=ADVANCED_FACE('',(#629),#465,.T.);
#5666=ADVANCED_FACE('',(#630),#5448,.T.);
#5667=ADVANCED_FACE('',(#631),#5449,.T.);
#5668=ADVANCED_FACE('',(#632),#5450,.T.);
#5669=ADVANCED_FACE('',(#633),#466,.T.);
#5670=ADVANCED_FACE('',(#634),#467,.T.);
#5671=ADVANCED_FACE('',(#635),#468,.T.);
#5672=ADVANCED_FACE('',(#636),#469,.T.);
#5673=ADVANCED_FACE('',(#637),#470,.T.);
#5674=ADVANCED_FACE('',(#638),#5451,.T.);
#5675=ADVANCED_FACE('',(#639),#471,.T.);
#5676=ADVANCED_FACE('',(#640),#472,.T.);
#5677=ADVANCED_FACE('',(#641),#473,.T.);
#5678=ADVANCED_FACE('',(#642),#5452,.T.);
#5679=ADVANCED_FACE('',(#643),#5453,.T.);
#5680=ADVANCED_FACE('',(#644),#474,.T.);
#5681=ADVANCED_FACE('',(#645),#475,.T.);
#5682=ADVANCED_FACE('',(#646),#476,.T.);
#5683=ADVANCED_FACE('',(#647),#477,.T.);
#5684=ADVANCED_FACE('',(#648),#478,.T.);
#5685=ADVANCED_FACE('',(#649),#479,.T.);
#5686=ADVANCED_FACE('',(#650,#162),#5454,.T.);
#5687=ADVANCED_FACE('',(#651),#5455,.T.);
#5688=ADVANCED_FACE('',(#652),#5456,.T.);
#5689=ADVANCED_FACE('',(#653),#5457,.T.);
#5690=ADVANCED_FACE('',(#654),#5458,.T.);
#5691=ADVANCED_FACE('',(#655),#5459,.T.);
#5692=ADVANCED_FACE('',(#656),#5460,.T.);
#5693=ADVANCED_FACE('',(#657),#5461,.T.);
#5694=ADVANCED_FACE('',(#658),#5462,.T.);
#5695=ADVANCED_FACE('',(#659),#5463,.T.);
#5696=ADVANCED_FACE('',(#660),#5464,.T.);
#5697=ADVANCED_FACE('',(#661),#5465,.T.);
#5698=ADVANCED_FACE('',(#662),#5466,.T.);
#5699=ADVANCED_FACE('',(#663),#5467,.T.);
#5700=ADVANCED_FACE('',(#664),#5468,.T.);
#5701=ADVANCED_FACE('',(#665),#480,.T.);
#5702=ADVANCED_FACE('',(#666),#481,.T.);
#5703=ADVANCED_FACE('',(#667),#482,.T.);
#5704=ADVANCED_FACE('',(#668),#483,.T.);
#5705=ADVANCED_FACE('',(#669),#484,.T.);
#5706=ADVANCED_FACE('',(#670),#485,.T.);
#5707=ADVANCED_FACE('',(#671),#486,.T.);
#5708=ADVANCED_FACE('',(#672),#487,.T.);
#5709=ADVANCED_FACE('',(#673),#5469,.T.);
#5710=ADVANCED_FACE('',(#674),#5470,.T.);
#5711=ADVANCED_FACE('',(#675),#5471,.T.);
#5712=ADVANCED_FACE('',(#676),#5472,.T.);
#5713=ADVANCED_FACE('',(#677),#488,.T.);
#5714=ADVANCED_FACE('',(#678),#489,.T.);
#5715=ADVANCED_FACE('',(#679),#5473,.T.);
#5716=ADVANCED_FACE('',(#680),#490,.T.);
#5717=ADVANCED_FACE('',(#681),#491,.T.);
#5718=ADVANCED_FACE('',(#682),#492,.T.);
#5719=ADVANCED_FACE('',(#683),#493,.T.);
#5720=ADVANCED_FACE('',(#684),#494,.T.);
#5721=ADVANCED_FACE('',(#685),#495,.T.);
#5722=ADVANCED_FACE('',(#686),#496,.T.);
#5723=ADVANCED_FACE('',(#687),#497,.T.);
#5724=ADVANCED_FACE('',(#688),#5474,.T.);
#5725=ADVANCED_FACE('',(#689),#5475,.T.);
#5726=ADVANCED_FACE('',(#690),#5476,.T.);
#5727=ADVANCED_FACE('',(#691),#5477,.T.);
#5728=ADVANCED_FACE('',(#692),#5478,.T.);
#5729=ADVANCED_FACE('',(#693),#5479,.T.);
#5730=ADVANCED_FACE('',(#694),#5480,.T.);
#5731=ADVANCED_FACE('',(#695),#5481,.T.);
#5732=ADVANCED_FACE('',(#696),#5482,.T.);
#5733=ADVANCED_FACE('',(#697),#5483,.T.);
#5734=ADVANCED_FACE('',(#698),#111,.F.);
#5735=ADVANCED_FACE('',(#699),#112,.F.);
#5736=ADVANCED_FACE('',(#700),#113,.F.);
#5737=ADVANCED_FACE('',(#701),#114,.F.);
#5738=ADVANCED_FACE('',(#702),#5484,.F.);
#5739=ADVANCED_FACE('',(#703),#5485,.F.);
#5740=ADVANCED_FACE('',(#704),#5486,.F.);
#5741=ADVANCED_FACE('',(#705),#5487,.F.);
#5742=ADVANCED_FACE('',(#706),#115,.F.);
#5743=ADVANCED_FACE('',(#707),#116,.F.);
#5744=ADVANCED_FACE('',(#708),#117,.F.);
#5745=ADVANCED_FACE('',(#709),#118,.F.);
#5746=ADVANCED_FACE('',(#710),#119,.F.);
#5747=ADVANCED_FACE('',(#711),#5488,.F.);
#5748=ADVANCED_FACE('',(#712),#120,.F.);
#5749=ADVANCED_FACE('',(#713),#5489,.F.);
#5750=ADVANCED_FACE('',(#714),#121,.F.);
#5751=ADVANCED_FACE('',(#715),#5490,.F.);
#5752=ADVANCED_FACE('',(#716),#122,.F.);
#5753=ADVANCED_FACE('',(#717),#5491,.F.);
#5754=ADVANCED_FACE('',(#718),#123,.F.);
#5755=ADVANCED_FACE('',(#719),#5492,.F.);
#5756=ADVANCED_FACE('',(#720),#124,.F.);
#5757=ADVANCED_FACE('',(#721),#5493,.F.);
#5758=ADVANCED_FACE('',(#722),#125,.F.);
#5759=ADVANCED_FACE('',(#723),#5494,.F.);
#5760=ADVANCED_FACE('',(#724),#126,.F.);
#5761=ADVANCED_FACE('',(#725),#5495,.F.);
#5762=ADVANCED_FACE('',(#726),#127,.F.);
#5763=ADVANCED_FACE('',(#727),#5496,.F.);
#5764=ADVANCED_FACE('',(#728),#128,.F.);
#5765=ADVANCED_FACE('',(#729),#5497,.F.);
#5766=ADVANCED_FACE('',(#730),#129,.F.);
#5767=ADVANCED_FACE('',(#731),#5498,.F.);
#5768=ADVANCED_FACE('',(#732),#130,.F.);
#5769=ADVANCED_FACE('',(#733),#5499,.F.);
#5770=ADVANCED_FACE('',(#734),#131,.F.);
#5771=ADVANCED_FACE('',(#735),#5500,.F.);
#5772=ADVANCED_FACE('',(#736),#132,.F.);
#5773=ADVANCED_FACE('',(#737),#5501,.F.);
#5774=ADVANCED_FACE('',(#738),#133,.F.);
#5775=ADVANCED_FACE('',(#739),#5502,.F.);
#5776=ADVANCED_FACE('',(#740),#134,.F.);
#5777=ADVANCED_FACE('',(#741),#5503,.F.);
#5778=ADVANCED_FACE('',(#742),#135,.F.);
#5779=ADVANCED_FACE('',(#743),#5504,.F.);
#5780=ADVANCED_FACE('',(#744),#136,.F.);
#5781=ADVANCED_FACE('',(#745),#5505,.F.);
#5782=ADVANCED_FACE('',(#746),#137,.F.);
#5783=ADVANCED_FACE('',(#747),#5506,.F.);
#5784=ADVANCED_FACE('',(#748),#138,.F.);
#5785=ADVANCED_FACE('',(#749),#5507,.F.);
#5786=ADVANCED_FACE('',(#750),#139,.F.);
#5787=ADVANCED_FACE('',(#751),#5508,.F.);
#5788=ADVANCED_FACE('',(#752),#140,.F.);
#5789=ADVANCED_FACE('',(#753),#5509,.F.);
#5790=ADVANCED_FACE('',(#754),#141,.F.);
#5791=ADVANCED_FACE('',(#755),#5510,.F.);
#5792=ADVANCED_FACE('',(#756),#142,.F.);
#5793=ADVANCED_FACE('',(#757),#5511,.F.);
#5794=ADVANCED_FACE('',(#758),#143,.F.);
#5795=ADVANCED_FACE('',(#759),#5512,.F.);
#5796=ADVANCED_FACE('',(#760),#144,.F.);
#5797=ADVANCED_FACE('',(#761),#5513,.F.);
#5798=ADVANCED_FACE('',(#762),#145,.F.);
#5799=ADVANCED_FACE('',(#763),#5514,.F.);
#5800=ADVANCED_FACE('',(#764),#146,.F.);
#5801=ADVANCED_FACE('',(#765),#5515,.F.);
#5802=ADVANCED_FACE('',(#766),#147,.F.);
#5803=ADVANCED_FACE('',(#767),#5516,.F.);
#5804=ADVANCED_FACE('',(#768),#148,.F.);
#5805=ADVANCED_FACE('',(#769),#5517,.F.);
#5806=ADVANCED_FACE('',(#770),#149,.F.);
#5807=ADVANCED_FACE('',(#771),#5518,.F.);
#5808=ADVANCED_FACE('',(#772),#150,.F.);
#5809=ADVANCED_FACE('',(#773),#5519,.F.);
#5810=ADVANCED_FACE('',(#774),#151,.F.);
#5811=ADVANCED_FACE('',(#775),#5520,.F.);
#5812=ADVANCED_FACE('',(#776),#152,.F.);
#5813=ADVANCED_FACE('',(#777),#5521,.F.);
#5814=ADVANCED_FACE('',(#778),#153,.F.);
#5815=ADVANCED_FACE('',(#779),#5522,.F.);
#5816=ADVANCED_FACE('',(#780),#154,.F.);
#5817=ADVANCED_FACE('',(#781),#5523,.F.);
#5818=ADVANCED_FACE('',(#782),#155,.T.);
#5819=ADVANCED_FACE('',(#783),#5524,.T.);
#5820=ADVANCED_FACE('',(#784,#163,#164,#165,#166,#167,#168,#169,#170,#171,
#172,#173,#174,#175,#176,#177,#178,#179,#180,#181),#5525,.F.);
#5821=ADVANCED_FACE('',(#785),#156,.T.);
#5822=ADVANCED_FACE('',(#786),#5526,.T.);
#5823=ADVANCED_FACE('',(#787),#157,.T.);
#5824=ADVANCED_FACE('',(#788),#5527,.T.);
#5825=ADVANCED_FACE('',(#789),#158,.T.);
#5826=ADVANCED_FACE('',(#790),#5528,.F.);
#5827=ADVANCED_FACE('',(#791),#5529,.F.);
#5828=ADVANCED_FACE('',(#792),#5530,.F.);
#5829=ADVANCED_FACE('',(#793),#5531,.F.);
#5830=ADVANCED_FACE('',(#794),#5532,.T.);
#5831=ADVANCED_FACE('',(#795,#182,#183,#184,#185,#186,#187,#188,#189,#190,
#191,#192,#193,#194,#195,#196,#197,#198,#199,#200,#201,#202,#203,#204,#205,
#206,#207,#208,#209),#5533,.T.);
#5832=CLOSED_SHELL('',(#5534,#5535,#5536,#5537,#5538,#5539,#5540,#5541,
#5542,#5543,#5544,#5545,#5546,#5547,#5548,#5549,#5550,#5551,#5552,#5553,
#5554,#5555,#5556,#5557,#5558,#5559,#5560,#5561,#5562,#5563,#5564,#5565,
#5566,#5567,#5568,#5569,#5570,#5571,#5572,#5573,#5574,#5575,#5576,#5577,
#5578,#5579,#5580,#5581,#5582,#5583,#5584,#5585,#5586,#5587,#5588,#5589,
#5590,#5591,#5592,#5593,#5594,#5595,#5596,#5597,#5598,#5599,#5600,#5601,
#5602,#5603,#5604,#5605,#5606,#5607,#5608,#5609,#5610,#5611,#5612,#5613,
#5614,#5615,#5616,#5617,#5618,#5619,#5620,#5621,#5622,#5623,#5624,#5625,
#5626,#5627,#5628,#5629,#5630,#5631,#5632,#5633,#5634,#5635,#5636,#5637,
#5638,#5639,#5640,#5641,#5642,#5643,#5644,#5645,#5646,#5647,#5648,#5649,
#5650,#5651,#5652,#5653,#5654,#5655,#5656,#5657,#5658,#5659,#5660,#5661,
#5662,#5663,#5664,#5665,#5666,#5667,#5668,#5669,#5670,#5671,#5672,#5673,
#5674,#5675,#5676,#5677,#5678,#5679,#5680,#5681,#5682,#5683,#5684,#5685,
#5686,#5687,#5688,#5689,#5690,#5691,#5692,#5693,#5694,#5695,#5696,#5697,
#5698,#5699,#5700,#5701,#5702,#5703,#5704,#5705,#5706,#5707,#5708,#5709,
#5710,#5711,#5712,#5713,#5714,#5715,#5716,#5717,#5718,#5719,#5720,#5721,
#5722,#5723,#5724,#5725,#5726,#5727,#5728,#5729,#5730,#5731,#5732,#5733,
#5734,#5735,#5736,#5737,#5738,#5739,#5740,#5741,#5742,#5743,#5744,#5745,
#5746,#5747,#5748,#5749,#5750,#5751,#5752,#5753,#5754,#5755,#5756,#5757,
#5758,#5759,#5760,#5761,#5762,#5763,#5764,#5765,#5766,#5767,#5768,#5769,
#5770,#5771,#5772,#5773,#5774,#5775,#5776,#5777,#5778,#5779,#5780,#5781,
#5782,#5783,#5784,#5785,#5786,#5787,#5788,#5789,#5790,#5791,#5792,#5793,
#5794,#5795,#5796,#5797,#5798,#5799,#5800,#5801,#5802,#5803,#5804,#5805,
#5806,#5807,#5808,#5809,#5810,#5811,#5812,#5813,#5814,#5815,#5816,#5817,
#5818,#5819,#5820,#5821,#5822,#5823,#5824,#5825,#5826,#5827,#5828,#5829,
#5830,#5831));
#5833=DERIVED_UNIT_ELEMENT(#5835,1.);
#5834=DERIVED_UNIT_ELEMENT(#10841,-3.);
#5835=(
MASS_UNIT()
NAMED_UNIT(*)
SI_UNIT(.KILO.,.GRAM.)
);
#5836=DERIVED_UNIT((#5833,#5834));
#5837=MEASURE_REPRESENTATION_ITEM('density measure',
POSITIVE_RATIO_MEASURE(7850.),#5836);
#5838=PROPERTY_DEFINITION_REPRESENTATION(#5843,#5840);
#5839=PROPERTY_DEFINITION_REPRESENTATION(#5844,#5841);
#5840=REPRESENTATION('material name',(#5842),#10838);
#5841=REPRESENTATION('density',(#5837),#10838);
#5842=DESCRIPTIVE_REPRESENTATION_ITEM('Steel','Steel');
#5843=PROPERTY_DEFINITION('material property','material name',#10848);
#5844=PROPERTY_DEFINITION('material property','density of part',#10848);
#5845=AXIS2_PLACEMENT_3D('',#7303,#6144,#6145);
#5846=AXIS2_PLACEMENT_3D('',#7304,#6146,#6147);
#5847=AXIS2_PLACEMENT_3D('',#7313,#6152,#6153);
#5848=AXIS2_PLACEMENT_3D('',#7319,#6157,#6158);
#5849=AXIS2_PLACEMENT_3D('',#7325,#6162,#6163);
#5850=AXIS2_PLACEMENT_3D('',#7331,#6167,#6168);
#5851=AXIS2_PLACEMENT_3D('',#7337,#6172,#6173);
#5852=AXIS2_PLACEMENT_3D('',#7343,#6177,#6178);
#5853=AXIS2_PLACEMENT_3D('',#7349,#6182,#6183);
#5854=AXIS2_PLACEMENT_3D('',#7355,#6187,#6188);
#5855=AXIS2_PLACEMENT_3D('',#7361,#6192,#6193);
#5856=AXIS2_PLACEMENT_3D('',#7367,#6197,#6198);
#5857=AXIS2_PLACEMENT_3D('',#7373,#6202,#6203);
#5858=AXIS2_PLACEMENT_3D('',#7376,#6206,#6207);
#5859=AXIS2_PLACEMENT_3D('',#7679,#6221,#6222);
#5860=AXIS2_PLACEMENT_3D('',#7760,#6229,#6230);
#5861=AXIS2_PLACEMENT_3D('',#8062,#6245,#6246);
#5862=AXIS2_PLACEMENT_3D('',#8063,#6247,#6248);
#5863=AXIS2_PLACEMENT_3D('',#8072,#6253,#6254);
#5864=AXIS2_PLACEMENT_3D('',#8078,#6258,#6259);
#5865=AXIS2_PLACEMENT_3D('',#8084,#6263,#6264);
#5866=AXIS2_PLACEMENT_3D('',#8090,#6268,#6269);
#5867=AXIS2_PLACEMENT_3D('',#8099,#6274,#6275);
#5868=AXIS2_PLACEMENT_3D('',#8105,#6279,#6280);
#5869=AXIS2_PLACEMENT_3D('',#8158,#6285,#6286);
#5870=AXIS2_PLACEMENT_3D('',#8164,#6290,#6291);
#5871=AXIS2_PLACEMENT_3D('',#8170,#6295,#6296);
#5872=AXIS2_PLACEMENT_3D('',#8176,#6300,#6301);
#5873=AXIS2_PLACEMENT_3D('',#8179,#6304,#6305);
#5874=AXIS2_PLACEMENT_3D('',#8180,#6306,#6307);
#5875=AXIS2_PLACEMENT_3D('',#8359,#6316,#6317);
#5876=AXIS2_PLACEMENT_3D('',#8415,#6323,#6324);
#5877=AXIS2_PLACEMENT_3D('',#8593,#6334,#6335);
#5878=AXIS2_PLACEMENT_3D('',#8672,#6340,#6341);
#5879=AXIS2_PLACEMENT_3D('',#8678,#6345,#6346);
#5880=AXIS2_PLACEMENT_3D('',#8684,#6350,#6351);
#5881=AXIS2_PLACEMENT_3D('',#8792,#6360,#6361);
#5882=AXIS2_PLACEMENT_3D('',#8848,#6367,#6368);
#5883=AXIS2_PLACEMENT_3D('',#8854,#6372,#6373);
#5884=AXIS2_PLACEMENT_3D('',#8982,#6381,#6382);
#5885=AXIS2_PLACEMENT_3D('',#8988,#6386,#6387);
#5886=AXIS2_PLACEMENT_3D('',#8991,#6390,#6391);
#5887=AXIS2_PLACEMENT_3D('',#8992,#6392,#6393);
#5888=AXIS2_PLACEMENT_3D('',#8993,#6394,#6395);
#5889=AXIS2_PLACEMENT_3D('',#9002,#6400,#6401);
#5890=AXIS2_PLACEMENT_3D('',#9008,#6405,#6406);
#5891=AXIS2_PLACEMENT_3D('',#9014,#6410,#6411);
#5892=AXIS2_PLACEMENT_3D('',#9023,#6416,#6417);
#5893=AXIS2_PLACEMENT_3D('',#9029,#6421,#6422);
#5894=AXIS2_PLACEMENT_3D('',#9082,#6427,#6428);
#5895=AXIS2_PLACEMENT_3D('',#9096,#6436,#6437);
#5896=AXIS2_PLACEMENT_3D('',#9102,#6441,#6442);
#5897=AXIS2_PLACEMENT_3D('',#9108,#6446,#6447);
#5898=AXIS2_PLACEMENT_3D('',#9114,#6451,#6452);
#5899=AXIS2_PLACEMENT_3D('',#9117,#6455,#6456);
#5900=AXIS2_PLACEMENT_3D('',#9118,#6457,#6458);
#5901=AXIS2_PLACEMENT_3D('',#9119,#6459,#6460);
#5902=AXIS2_PLACEMENT_3D('',#9128,#6465,#6466);
#5903=AXIS2_PLACEMENT_3D('',#9134,#6470,#6471);
#5904=AXIS2_PLACEMENT_3D('',#9140,#6475,#6476);
#5905=AXIS2_PLACEMENT_3D('',#9146,#6480,#6481);
#5906=AXIS2_PLACEMENT_3D('',#9152,#6485,#6486);
#5907=AXIS2_PLACEMENT_3D('',#9158,#6490,#6491);
#5908=AXIS2_PLACEMENT_3D('',#9164,#6495,#6496);
#5909=AXIS2_PLACEMENT_3D('',#9170,#6500,#6501);
#5910=AXIS2_PLACEMENT_3D('',#9176,#6505,#6506);
#5911=AXIS2_PLACEMENT_3D('',#9182,#6510,#6511);
#5912=AXIS2_PLACEMENT_3D('',#9188,#6515,#6516);
#5913=AXIS2_PLACEMENT_3D('',#9191,#6519,#6520);
#5914=AXIS2_PLACEMENT_3D('',#9269,#6525,#6526);
#5915=AXIS2_PLACEMENT_3D('',#9275,#6530,#6531);
#5916=AXIS2_PLACEMENT_3D('',#9281,#6535,#6536);
#5917=AXIS2_PLACEMENT_3D('',#9415,#6546,#6547);
#5918=AXIS2_PLACEMENT_3D('',#9496,#6554,#6555);
#5919=AXIS2_PLACEMENT_3D('',#9502,#6559,#6560);
#5920=AXIS2_PLACEMENT_3D('',#9652,#6568,#6569);
#5921=AXIS2_PLACEMENT_3D('',#9653,#6570,#6571);
#5922=AXIS2_PLACEMENT_3D('',#9654,#6572,#6573);
#5923=AXIS2_PLACEMENT_3D('',#9663,#6578,#6579);
#5924=AXIS2_PLACEMENT_3D('',#9669,#6583,#6584);
#5925=AXIS2_PLACEMENT_3D('',#9675,#6588,#6589);
#5926=AXIS2_PLACEMENT_3D('',#9681,#6593,#6594);
#5927=AXIS2_PLACEMENT_3D('',#9687,#6598,#6599);
#5928=AXIS2_PLACEMENT_3D('',#9693,#6603,#6604);
#5929=AXIS2_PLACEMENT_3D('',#9699,#6608,#6609);
#5930=AXIS2_PLACEMENT_3D('',#9705,#6613,#6614);
#5931=AXIS2_PLACEMENT_3D('',#9711,#6618,#6619);
#5932=AXIS2_PLACEMENT_3D('',#9717,#6623,#6624);
#5933=AXIS2_PLACEMENT_3D('',#9723,#6628,#6629);
#5934=AXIS2_PLACEMENT_3D('',#9726,#6632,#6633);
#5935=AXIS2_PLACEMENT_3D('',#9930,#6643,#6644);
#5936=AXIS2_PLACEMENT_3D('',#9936,#6648,#6649);
#5937=AXIS2_PLACEMENT_3D('',#9942,#6653,#6654);
#5938=AXIS2_PLACEMENT_3D('',#9948,#6658,#6659);
#5939=AXIS2_PLACEMENT_3D('',#10004,#6665,#6666);
#5940=AXIS2_PLACEMENT_3D('',#10209,#6678,#6679);
#5941=AXIS2_PLACEMENT_3D('',#10212,#6682,#6683);
#5942=AXIS2_PLACEMENT_3D('',#10213,#6684,#6685);
#5943=AXIS2_PLACEMENT_3D('',#10219,#6689,#6690);
#5944=AXIS2_PLACEMENT_3D('',#10228,#6695,#6696);
#5945=AXIS2_PLACEMENT_3D('',#10237,#6701,#6702);
#5946=AXIS2_PLACEMENT_3D('',#10243,#6706,#6707);
#5947=AXIS2_PLACEMENT_3D('',#10252,#6712,#6713);
#5948=AXIS2_PLACEMENT_3D('',#10258,#6717,#6718);
#5949=AXIS2_PLACEMENT_3D('',#10264,#6722,#6723);
#5950=AXIS2_PLACEMENT_3D('',#10270,#6727,#6728);
#5951=AXIS2_PLACEMENT_3D('',#10272,#6729,#6730);
#5952=AXIS2_PLACEMENT_3D('',#10275,#6732,#6733);
#5953=AXIS2_PLACEMENT_3D('',#10276,#6734,#6735);
#5954=AXIS2_PLACEMENT_3D('',#10278,#6736,#6737);
#5955=AXIS2_PLACEMENT_3D('',#10281,#6739,#6740);
#5956=AXIS2_PLACEMENT_3D('',#10282,#6741,#6742);
#5957=AXIS2_PLACEMENT_3D('',#10284,#6743,#6744);
#5958=AXIS2_PLACEMENT_3D('',#10287,#6746,#6747);
#5959=AXIS2_PLACEMENT_3D('',#10288,#6748,#6749);
#5960=AXIS2_PLACEMENT_3D('',#10290,#6750,#6751);
#5961=AXIS2_PLACEMENT_3D('',#10293,#6753,#6754);
#5962=AXIS2_PLACEMENT_3D('',#10294,#6755,#6756);
#5963=AXIS2_PLACEMENT_3D('',#10303,#6761,#6762);
#5964=AXIS2_PLACEMENT_3D('',#10309,#6766,#6767);
#5965=AXIS2_PLACEMENT_3D('',#10315,#6771,#6772);
#5966=AXIS2_PLACEMENT_3D('',#10318,#6775,#6776);
#5967=AXIS2_PLACEMENT_3D('',#10319,#6777,#6778);
#5968=AXIS2_PLACEMENT_3D('',#10320,#6779,#6780);
#5969=AXIS2_PLACEMENT_3D('',#10321,#6781,#6782);
#5970=AXIS2_PLACEMENT_3D('',#10322,#6783,#6784);
#5971=AXIS2_PLACEMENT_3D('',#10323,#6785,#6786);
#5972=AXIS2_PLACEMENT_3D('',#10324,#6787,#6788);
#5973=AXIS2_PLACEMENT_3D('',#10325,#6789,#6790);
#5974=AXIS2_PLACEMENT_3D('',#10326,#6791,#6792);
#5975=AXIS2_PLACEMENT_3D('',#10327,#6793,#6794);
#5976=AXIS2_PLACEMENT_3D('',#10328,#6795,#6796);
#5977=AXIS2_PLACEMENT_3D('',#10329,#6797,#6798);
#5978=AXIS2_PLACEMENT_3D('',#10330,#6799,#6800);
#5979=AXIS2_PLACEMENT_3D('',#10333,#6801,#6802);
#5980=AXIS2_PLACEMENT_3D('',#10337,#6804,#6805);
#5981=AXIS2_PLACEMENT_3D('',#10339,#6807,#6808);
#5982=AXIS2_PLACEMENT_3D('',#10345,#6812,#6813);
#5983=AXIS2_PLACEMENT_3D('',#10348,#6814,#6815);
#5984=AXIS2_PLACEMENT_3D('',#10352,#6817,#6818);
#5985=AXIS2_PLACEMENT_3D('',#10354,#6820,#6821);
#5986=AXIS2_PLACEMENT_3D('',#10360,#6825,#6826);
#5987=AXIS2_PLACEMENT_3D('',#10363,#6827,#6828);
#5988=AXIS2_PLACEMENT_3D('',#10367,#6830,#6831);
#5989=AXIS2_PLACEMENT_3D('',#10369,#6833,#6834);
#5990=AXIS2_PLACEMENT_3D('',#10375,#6838,#6839);
#5991=AXIS2_PLACEMENT_3D('',#10378,#6840,#6841);
#5992=AXIS2_PLACEMENT_3D('',#10382,#6843,#6844);
#5993=AXIS2_PLACEMENT_3D('',#10384,#6846,#6847);
#5994=AXIS2_PLACEMENT_3D('',#10390,#6851,#6852);
#5995=AXIS2_PLACEMENT_3D('',#10393,#6853,#6854);
#5996=AXIS2_PLACEMENT_3D('',#10397,#6856,#6857);
#5997=AXIS2_PLACEMENT_3D('',#10399,#6859,#6860);
#5998=AXIS2_PLACEMENT_3D('',#10405,#6864,#6865);
#5999=AXIS2_PLACEMENT_3D('',#10408,#6866,#6867);
#6000=AXIS2_PLACEMENT_3D('',#10412,#6869,#6870);
#6001=AXIS2_PLACEMENT_3D('',#10414,#6872,#6873);
#6002=AXIS2_PLACEMENT_3D('',#10420,#6877,#6878);
#6003=AXIS2_PLACEMENT_3D('',#10423,#6879,#6880);
#6004=AXIS2_PLACEMENT_3D('',#10427,#6882,#6883);
#6005=AXIS2_PLACEMENT_3D('',#10429,#6885,#6886);
#6006=AXIS2_PLACEMENT_3D('',#10435,#6890,#6891);
#6007=AXIS2_PLACEMENT_3D('',#10438,#6892,#6893);
#6008=AXIS2_PLACEMENT_3D('',#10442,#6895,#6896);
#6009=AXIS2_PLACEMENT_3D('',#10444,#6898,#6899);
#6010=AXIS2_PLACEMENT_3D('',#10450,#6903,#6904);
#6011=AXIS2_PLACEMENT_3D('',#10453,#6905,#6906);
#6012=AXIS2_PLACEMENT_3D('',#10457,#6908,#6909);
#6013=AXIS2_PLACEMENT_3D('',#10459,#6911,#6912);
#6014=AXIS2_PLACEMENT_3D('',#10465,#6916,#6917);
#6015=AXIS2_PLACEMENT_3D('',#10468,#6918,#6919);
#6016=AXIS2_PLACEMENT_3D('',#10472,#6921,#6922);
#6017=AXIS2_PLACEMENT_3D('',#10474,#6924,#6925);
#6018=AXIS2_PLACEMENT_3D('',#10477,#6928,#6929);
#6019=AXIS2_PLACEMENT_3D('',#10480,#6930,#6931);
#6020=AXIS2_PLACEMENT_3D('',#10484,#6933,#6934);
#6021=AXIS2_PLACEMENT_3D('',#10486,#6936,#6937);
#6022=AXIS2_PLACEMENT_3D('',#10489,#6940,#6941);
#6023=AXIS2_PLACEMENT_3D('',#10492,#6942,#6943);
#6024=AXIS2_PLACEMENT_3D('',#10496,#6945,#6946);
#6025=AXIS2_PLACEMENT_3D('',#10498,#6948,#6949);
#6026=AXIS2_PLACEMENT_3D('',#10501,#6952,#6953);
#6027=AXIS2_PLACEMENT_3D('',#10504,#6954,#6955);
#6028=AXIS2_PLACEMENT_3D('',#10508,#6957,#6958);
#6029=AXIS2_PLACEMENT_3D('',#10510,#6960,#6961);
#6030=AXIS2_PLACEMENT_3D('',#10513,#6964,#6965);
#6031=AXIS2_PLACEMENT_3D('',#10516,#6966,#6967);
#6032=AXIS2_PLACEMENT_3D('',#10520,#6969,#6970);
#6033=AXIS2_PLACEMENT_3D('',#10522,#6972,#6973);
#6034=AXIS2_PLACEMENT_3D('',#10525,#6976,#6977);
#6035=AXIS2_PLACEMENT_3D('',#10528,#6978,#6979);
#6036=AXIS2_PLACEMENT_3D('',#10532,#6981,#6982);
#6037=AXIS2_PLACEMENT_3D('',#10534,#6984,#6985);
#6038=AXIS2_PLACEMENT_3D('',#10537,#6988,#6989);
#6039=AXIS2_PLACEMENT_3D('',#10540,#6990,#6991);
#6040=AXIS2_PLACEMENT_3D('',#10544,#6993,#6994);
#6041=AXIS2_PLACEMENT_3D('',#10546,#6996,#6997);
#6042=AXIS2_PLACEMENT_3D('',#10549,#7000,#7001);
#6043=AXIS2_PLACEMENT_3D('',#10552,#7002,#7003);
#6044=AXIS2_PLACEMENT_3D('',#10556,#7005,#7006);
#6045=AXIS2_PLACEMENT_3D('',#10558,#7008,#7009);
#6046=AXIS2_PLACEMENT_3D('',#10561,#7012,#7013);
#6047=AXIS2_PLACEMENT_3D('',#10564,#7014,#7015);
#6048=AXIS2_PLACEMENT_3D('',#10568,#7017,#7018);
#6049=AXIS2_PLACEMENT_3D('',#10570,#7020,#7021);
#6050=AXIS2_PLACEMENT_3D('',#10573,#7024,#7025);
#6051=AXIS2_PLACEMENT_3D('',#10576,#7026,#7027);
#6052=AXIS2_PLACEMENT_3D('',#10580,#7029,#7030);
#6053=AXIS2_PLACEMENT_3D('',#10582,#7032,#7033);
#6054=AXIS2_PLACEMENT_3D('',#10585,#7036,#7037);
#6055=AXIS2_PLACEMENT_3D('',#10588,#7038,#7039);
#6056=AXIS2_PLACEMENT_3D('',#10592,#7041,#7042);
#6057=AXIS2_PLACEMENT_3D('',#10594,#7044,#7045);
#6058=AXIS2_PLACEMENT_3D('',#10597,#7048,#7049);
#6059=AXIS2_PLACEMENT_3D('',#10600,#7050,#7051);
#6060=AXIS2_PLACEMENT_3D('',#10604,#7053,#7054);
#6061=AXIS2_PLACEMENT_3D('',#10606,#7056,#7057);
#6062=AXIS2_PLACEMENT_3D('',#10609,#7060,#7061);
#6063=AXIS2_PLACEMENT_3D('',#10612,#7062,#7063);
#6064=AXIS2_PLACEMENT_3D('',#10616,#7065,#7066);
#6065=AXIS2_PLACEMENT_3D('',#10618,#7068,#7069);
#6066=AXIS2_PLACEMENT_3D('',#10621,#7072,#7073);
#6067=AXIS2_PLACEMENT_3D('',#10624,#7074,#7075);
#6068=AXIS2_PLACEMENT_3D('',#10628,#7077,#7078);
#6069=AXIS2_PLACEMENT_3D('',#10630,#7080,#7081);
#6070=AXIS2_PLACEMENT_3D('',#10633,#7084,#7085);
#6071=AXIS2_PLACEMENT_3D('',#10636,#7086,#7087);
#6072=AXIS2_PLACEMENT_3D('',#10640,#7089,#7090);
#6073=AXIS2_PLACEMENT_3D('',#10642,#7092,#7093);
#6074=AXIS2_PLACEMENT_3D('',#10645,#7096,#7097);
#6075=AXIS2_PLACEMENT_3D('',#10648,#7098,#7099);
#6076=AXIS2_PLACEMENT_3D('',#10652,#7101,#7102);
#6077=AXIS2_PLACEMENT_3D('',#10654,#7104,#7105);
#6078=AXIS2_PLACEMENT_3D('',#10657,#7108,#7109);
#6079=AXIS2_PLACEMENT_3D('',#10660,#7110,#7111);
#6080=AXIS2_PLACEMENT_3D('',#10664,#7113,#7114);
#6081=AXIS2_PLACEMENT_3D('',#10666,#7116,#7117);
#6082=AXIS2_PLACEMENT_3D('',#10669,#7120,#7121);
#6083=AXIS2_PLACEMENT_3D('',#10672,#7122,#7123);
#6084=AXIS2_PLACEMENT_3D('',#10676,#7125,#7126);
#6085=AXIS2_PLACEMENT_3D('',#10678,#7128,#7129);
#6086=AXIS2_PLACEMENT_3D('',#10681,#7132,#7133);
#6087=AXIS2_PLACEMENT_3D('',#10683,#7134,#7135);
#6088=AXIS2_PLACEMENT_3D('',#10686,#7137,#7138);
#6089=AXIS2_PLACEMENT_3D('',#10687,#7139,#7140);
#6090=AXIS2_PLACEMENT_3D('',#10690,#7143,#7144);
#6091=AXIS2_PLACEMENT_3D('',#10692,#7145,#7146);
#6092=AXIS2_PLACEMENT_3D('',#10695,#7148,#7149);
#6093=AXIS2_PLACEMENT_3D('',#10696,#7150,#7151);
#6094=AXIS2_PLACEMENT_3D('',#10699,#7154,#7155);
#6095=AXIS2_PLACEMENT_3D('',#10701,#7156,#7157);
#6096=AXIS2_PLACEMENT_3D('',#10704,#7159,#7160);
#6097=AXIS2_PLACEMENT_3D('',#10705,#7161,#7162);
#6098=AXIS2_PLACEMENT_3D('',#10708,#7165,#7166);
#6099=AXIS2_PLACEMENT_3D('',#10710,#7167,#7168);
#6100=AXIS2_PLACEMENT_3D('',#10713,#7170,#7171);
#6101=AXIS2_PLACEMENT_3D('',#10714,#7172,#7173);
#6102=AXIS2_PLACEMENT_3D('',#10717,#7176,#7177);
#6103=AXIS2_PLACEMENT_3D('',#10719,#7178,#7179);
#6104=AXIS2_PLACEMENT_3D('',#10722,#7181,#7182);
#6105=AXIS2_PLACEMENT_3D('',#10723,#7183,#7184);
#6106=AXIS2_PLACEMENT_3D('',#10726,#7187,#7188);
#6107=AXIS2_PLACEMENT_3D('',#10728,#7189,#7190);
#6108=AXIS2_PLACEMENT_3D('',#10731,#7192,#7193);
#6109=AXIS2_PLACEMENT_3D('',#10732,#7194,#7195);
#6110=AXIS2_PLACEMENT_3D('',#10735,#7198,#7199);
#6111=AXIS2_PLACEMENT_3D('',#10737,#7200,#7201);
#6112=AXIS2_PLACEMENT_3D('',#10740,#7203,#7204);
#6113=AXIS2_PLACEMENT_3D('',#10741,#7205,#7206);
#6114=AXIS2_PLACEMENT_3D('',#10744,#7209,#7210);
#6115=AXIS2_PLACEMENT_3D('',#10746,#7211,#7212);
#6116=AXIS2_PLACEMENT_3D('',#10749,#7214,#7215);
#6117=AXIS2_PLACEMENT_3D('',#10750,#7216,#7217);
#6118=AXIS2_PLACEMENT_3D('',#10753,#7220,#7221);
#6119=AXIS2_PLACEMENT_3D('',#10755,#7222,#7223);
#6120=AXIS2_PLACEMENT_3D('',#10758,#7225,#7226);
#6121=AXIS2_PLACEMENT_3D('',#10759,#7227,#7228);
#6122=AXIS2_PLACEMENT_3D('',#10762,#7231,#7232);
#6123=AXIS2_PLACEMENT_3D('',#10765,#7233,#7234);
#6124=AXIS2_PLACEMENT_3D('',#10769,#7236,#7237);
#6125=AXIS2_PLACEMENT_3D('',#10771,#7239,#7240);
#6126=AXIS2_PLACEMENT_3D('',#10777,#7244,#7245);
#6127=AXIS2_PLACEMENT_3D('',#10781,#7247,#7248);
#6128=AXIS2_PLACEMENT_3D('',#10785,#7250,#7251);
#6129=AXIS2_PLACEMENT_3D('',#10788,#7253,#7254);
#6130=AXIS2_PLACEMENT_3D('',#10797,#7259,#7260);
#6131=AXIS2_PLACEMENT_3D('',#10799,#7261,#7262);
#6132=AXIS2_PLACEMENT_3D('',#10801,#7264,#7265);
#6133=AXIS2_PLACEMENT_3D('',#10805,#7268,#7269);
#6134=AXIS2_PLACEMENT_3D('',#10807,#7270,#7271);
#6135=AXIS2_PLACEMENT_3D('',#10809,#7273,#7274);
#6136=AXIS2_PLACEMENT_3D('',#10813,#7277,#7278);
#6137=AXIS2_PLACEMENT_3D('',#10815,#7279,#7280);
#6138=AXIS2_PLACEMENT_3D('',#10817,#7282,#7283);
#6139=AXIS2_PLACEMENT_3D('',#10823,#7287,#7288);
#6140=AXIS2_PLACEMENT_3D('',#10827,#7291,#7292);
#6141=AXIS2_PLACEMENT_3D('',#10831,#7295,#7296);
#6142=AXIS2_PLACEMENT_3D('',#10833,#7298,#7299);
#6143=AXIS2_PLACEMENT_3D('',#10835,#7301,#7302);
#6144=DIRECTION('axis',(0.,0.,1.));
#6145=DIRECTION('refdir',(1.,0.,0.));
#6146=DIRECTION('center_axis',(-1.,0.,0.));
#6147=DIRECTION('ref_axis',(0.,0.,1.));
#6148=DIRECTION('',(0.,0.,-1.));
#6149=DIRECTION('',(0.,1.,0.));
#6150=DIRECTION('',(0.,0.,1.));
#6151=DIRECTION('',(0.,1.,0.));
#6152=DIRECTION('center_axis',(-0.748134834978513,0.,0.663546734368932));
#6153=DIRECTION('ref_axis',(0.663546734368932,0.,0.748134834978513));
#6154=DIRECTION('',(-0.663546734368932,0.,-0.748134834978513));
#6155=DIRECTION('',(0.,1.,0.));
#6156=DIRECTION('',(0.663546734368932,0.,0.748134834978513));
#6157=DIRECTION('center_axis',(0.20384353324194,0.,-0.979003480052774));
#6158=DIRECTION('ref_axis',(-0.979003480052774,0.,-0.20384353324194));
#6159=DIRECTION('',(0.979003480052774,0.,0.20384353324194));
#6160=DIRECTION('',(0.,1.,0.));
#6161=DIRECTION('',(-0.979003480052774,0.,-0.20384353324194));
#6162=DIRECTION('center_axis',(-1.,0.,0.));
#6163=DIRECTION('ref_axis',(0.,0.,1.));
#6164=DIRECTION('',(0.,0.,-1.));
#6165=DIRECTION('',(0.,1.,0.));
#6166=DIRECTION('',(0.,0.,1.));
#6167=DIRECTION('center_axis',(-0.20432754991793,0.,0.97890257551226));
#6168=DIRECTION('ref_axis',(0.97890257551226,0.,0.20432754991793));
#6169=DIRECTION('',(-0.97890257551226,0.,-0.20432754991793));
#6170=DIRECTION('',(0.,1.,0.));
#6171=DIRECTION('',(0.97890257551226,0.,0.20432754991793));
#6172=DIRECTION('center_axis',(1.,0.,0.));
#6173=DIRECTION('ref_axis',(0.,0.,-1.));
#6174=DIRECTION('',(0.,0.,1.));
#6175=DIRECTION('',(0.,1.,0.));
#6176=DIRECTION('',(0.,0.,-1.));
#6177=DIRECTION('center_axis',(0.751960796864699,0.,-0.659207827607203));
#6178=DIRECTION('ref_axis',(-0.659207827607203,0.,-0.751960796864699));
#6179=DIRECTION('',(0.659207827607203,0.,0.751960796864699));
#6180=DIRECTION('',(-0.659207827607203,0.,-0.751960796864699));
#6181=DIRECTION('',(0.,1.,0.));
#6182=DIRECTION('center_axis',(-0.497964796055498,0.,-0.867197245088686));
#6183=DIRECTION('ref_axis',(-0.867197245088686,0.,0.497964796055498));
#6184=DIRECTION('',(0.867197245088686,0.,-0.497964796055498));
#6185=DIRECTION('',(-0.867197245088686,0.,0.497964796055498));
#6186=DIRECTION('',(0.,1.,0.));
#6187=DIRECTION('center_axis',(1.,0.,0.));
#6188=DIRECTION('ref_axis',(0.,0.,-1.));
#6189=DIRECTION('',(0.,0.,1.));
#6190=DIRECTION('',(0.,0.,-1.));
#6191=DIRECTION('',(0.,1.,0.));
#6192=DIRECTION('center_axis',(0.49475267355543,0.,0.869033826735044));
#6193=DIRECTION('ref_axis',(0.869033826735044,0.,-0.49475267355543));
#6194=DIRECTION('',(-0.869033826735044,0.,0.49475267355543));
#6195=DIRECTION('',(0.869033826735044,0.,-0.49475267355543));
#6196=DIRECTION('',(0.,1.,0.));
#6197=DIRECTION('center_axis',(0.754552709046949,0.,-0.656239445073145));
#6198=DIRECTION('ref_axis',(-0.656239445073145,0.,-0.754552709046949));
#6199=DIRECTION('',(0.656239445073145,0.,0.754552709046949));
#6200=DIRECTION('',(-0.656239445073145,0.,-0.754552709046949));
#6201=DIRECTION('',(0.,1.,0.));
#6202=DIRECTION('center_axis',(0.205596010779255,0.,-0.978636950228049));
#6203=DIRECTION('ref_axis',(-0.978636950228049,0.,-0.205596010779255));
#6204=DIRECTION('',(0.978636950228049,0.,0.205596010779255));
#6205=DIRECTION('',(-0.978636950228049,0.,-0.205596010779255));
#6206=DIRECTION('center_axis',(0.,1.,0.));
#6207=DIRECTION('ref_axis',(0.,0.,1.));
#6208=DIRECTION('',(0.,1.,0.));
#6209=DIRECTION('',(0.,1.,0.));
#6210=DIRECTION('',(0.,1.,0.));
#6211=DIRECTION('',(0.,1.,0.));
#6212=DIRECTION('',(0.,1.,0.));
#6213=DIRECTION('',(0.,1.,0.));
#6214=DIRECTION('',(0.,1.,0.));
#6215=DIRECTION('',(0.,1.,0.));
#6216=DIRECTION('',(0.,1.,0.));
#6217=DIRECTION('',(0.,1.,0.));
#6218=DIRECTION('',(0.,1.,0.));
#6219=DIRECTION('',(0.,1.,0.));
#6220=DIRECTION('',(0.,1.,0.));
#6221=DIRECTION('center_axis',(-0.998158404399276,0.,0.0606613528293888));
#6222=DIRECTION('ref_axis',(0.0606613528293888,0.,0.998158404399276));
#6223=DIRECTION('',(-0.0606613528293888,0.,-0.998158404399276));
#6224=DIRECTION('',(0.,1.,0.));
#6225=DIRECTION('',(0.0606613528293888,0.,0.998158404399276));
#6226=DIRECTION('',(0.,1.,0.));
#6227=DIRECTION('',(0.,1.,0.));
#6228=DIRECTION('',(0.,1.,0.));
#6229=DIRECTION('center_axis',(0.997709692540043,0.,-0.0676414770067439));
#6230=DIRECTION('ref_axis',(-0.0676414770067439,0.,-0.997709692540043));
#6231=DIRECTION('',(0.0676414770067439,0.,0.997709692540043));
#6232=DIRECTION('',(-0.0676414770067439,0.,-0.997709692540043));
#6233=DIRECTION('',(0.,1.,0.));
#6234=DIRECTION('',(0.,1.,0.));
#6235=DIRECTION('',(0.,1.,0.));
#6236=DIRECTION('',(0.,1.,0.));
#6237=DIRECTION('',(0.,1.,0.));
#6238=DIRECTION('',(0.,1.,0.));
#6239=DIRECTION('',(0.,1.,0.));
#6240=DIRECTION('',(0.,1.,0.));
#6241=DIRECTION('',(0.,1.,0.));
#6242=DIRECTION('',(0.,1.,0.));
#6243=DIRECTION('',(0.,1.,0.));
#6244=DIRECTION('',(0.,1.,0.));
#6245=DIRECTION('center_axis',(0.,1.,0.));
#6246=DIRECTION('ref_axis',(1.,0.,0.));
#6247=DIRECTION('center_axis',(-0.162870881085369,0.,-0.986647391976726));
#6248=DIRECTION('ref_axis',(-0.986647391976726,0.,0.162870881085369));
#6249=DIRECTION('',(0.986647391976726,0.,-0.162870881085369));
#6250=DIRECTION('',(0.,1.,0.));
#6251=DIRECTION('',(-0.986647391976726,0.,0.162870881085369));
#6252=DIRECTION('',(0.,1.,0.));
#6253=DIRECTION('center_axis',(-1.,0.,0.));
#6254=DIRECTION('ref_axis',(0.,0.,1.));
#6255=DIRECTION('',(0.,0.,-1.));
#6256=DIRECTION('',(0.,1.,0.));
#6257=DIRECTION('',(0.,0.,1.));
#6258=DIRECTION('center_axis',(-0.493132355011585,0.,0.869954297903475));
#6259=DIRECTION('ref_axis',(0.869954297903475,0.,0.493132355011585));
#6260=DIRECTION('',(-0.869954297903475,0.,-0.493132355011585));
#6261=DIRECTION('',(0.,1.,0.));
#6262=DIRECTION('',(0.869954297903475,0.,0.493132355011585));
#6263=DIRECTION('center_axis',(1.,0.,0.));
#6264=DIRECTION('ref_axis',(0.,0.,-1.));
#6265=DIRECTION('',(0.,0.,1.));
#6266=DIRECTION('',(0.,1.,0.));
#6267=DIRECTION('',(0.,0.,-1.));
#6268=DIRECTION('center_axis',(-1.,0.,0.));
#6269=DIRECTION('ref_axis',(0.,0.,1.));
#6270=DIRECTION('',(0.,0.,-1.));
#6271=DIRECTION('',(0.,1.,0.));
#6272=DIRECTION('',(0.,0.,1.));
#6273=DIRECTION('',(0.,1.,0.));
#6274=DIRECTION('center_axis',(0.485472308980727,0.,-0.87425204444309));
#6275=DIRECTION('ref_axis',(-0.87425204444309,0.,-0.485472308980727));
#6276=DIRECTION('',(0.87425204444309,0.,0.485472308980727));
#6277=DIRECTION('',(0.,1.,0.));
#6278=DIRECTION('',(-0.87425204444309,0.,-0.485472308980727));
#6279=DIRECTION('center_axis',(0.153066111173145,0.,0.988215950898553));
#6280=DIRECTION('ref_axis',(0.988215950898553,0.,-0.153066111173145));
#6281=DIRECTION('',(-0.988215950898553,0.,0.153066111173145));
#6282=DIRECTION('',(0.988215950898553,0.,-0.153066111173145));
#6283=DIRECTION('',(0.,1.,0.));
#6284=DIRECTION('',(0.,1.,0.));
#6285=DIRECTION('center_axis',(1.,0.,0.));
#6286=DIRECTION('ref_axis',(0.,0.,-1.));
#6287=DIRECTION('',(0.,0.,1.));
#6288=DIRECTION('',(0.,0.,-1.));
#6289=DIRECTION('',(0.,1.,0.));
#6290=DIRECTION('center_axis',(0.165914411558899,0.,0.98614015638603));
#6291=DIRECTION('ref_axis',(0.98614015638603,0.,-0.165914411558899));
#6292=DIRECTION('',(-0.98614015638603,0.,0.165914411558899));
#6293=DIRECTION('',(0.98614015638603,0.,-0.165914411558899));
#6294=DIRECTION('',(0.,1.,0.));
#6295=DIRECTION('center_axis',(1.,0.,0.));
#6296=DIRECTION('ref_axis',(0.,0.,-1.));
#6297=DIRECTION('',(0.,0.,1.));
#6298=DIRECTION('',(0.,0.,-1.));
#6299=DIRECTION('',(0.,1.,0.));
#6300=DIRECTION('center_axis',(0.486521726052577,0.,-0.873668478359395));
#6301=DIRECTION('ref_axis',(-0.873668478359395,0.,-0.486521726052577));
#6302=DIRECTION('',(0.873668478359395,0.,0.486521726052577));
#6303=DIRECTION('',(-0.873668478359395,0.,-0.486521726052577));
#6304=DIRECTION('center_axis',(0.,1.,0.));
#6305=DIRECTION('ref_axis',(1.,0.,0.));
#6306=DIRECTION('center_axis',(0.,1.,0.));
#6307=DIRECTION('ref_axis',(0.,0.,1.));
#6308=DIRECTION('',(0.,1.,0.));
#6309=DIRECTION('',(0.,1.,0.));
#6310=DIRECTION('',(0.,1.,0.));
#6311=DIRECTION('',(0.,1.,0.));
#6312=DIRECTION('',(0.,1.,0.));
#6313=DIRECTION('',(0.,1.,0.));
#6314=DIRECTION('',(0.,1.,0.));
#6315=DIRECTION('',(0.,1.,0.));
#6316=DIRECTION('center_axis',(-0.990453681306093,0.,-0.137845947300634));
#6317=DIRECTION('ref_axis',(-0.137845947300634,0.,0.990453681306093));
#6318=DIRECTION('',(0.137845947300634,0.,-0.990453681306093));
#6319=DIRECTION('',(0.,1.,0.));
#6320=DIRECTION('',(-0.137845947300634,0.,0.990453681306093));
#6321=DIRECTION('',(0.,1.,0.));
#6322=DIRECTION('',(0.,1.,0.));
#6323=DIRECTION('center_axis',(0.995712865467343,0.,-0.0924980515622476));
#6324=DIRECTION('ref_axis',(-0.0924980515622476,0.,-0.995712865467343));
#6325=DIRECTION('',(0.0924980515622476,0.,0.995712865467343));
#6326=DIRECTION('',(-0.0924980515622476,0.,-0.995712865467343));
#6327=DIRECTION('',(0.,1.,0.));
#6328=DIRECTION('',(0.,1.,0.));
#6329=DIRECTION('',(0.,1.,0.));
#6330=DIRECTION('',(0.,1.,0.));
#6331=DIRECTION('',(0.,1.,0.));
#6332=DIRECTION('',(0.,1.,0.));
#6333=DIRECTION('',(0.,1.,0.));
#6334=DIRECTION('center_axis',(0.,1.,0.));
#6335=DIRECTION('ref_axis',(1.,0.,0.));
#6336=DIRECTION('',(0.,1.,0.));
#6337=DIRECTION('',(0.,1.,0.));
#6338=DIRECTION('',(0.,1.,0.));
#6339=DIRECTION('',(0.,1.,0.));
#6340=DIRECTION('center_axis',(-1.,0.,0.));
#6341=DIRECTION('ref_axis',(0.,0.,1.));
#6342=DIRECTION('',(0.,0.,-1.));
#6343=DIRECTION('',(0.,1.,0.));
#6344=DIRECTION('',(0.,0.,1.));
#6345=DIRECTION('center_axis',(-0.204967426874696,0.,0.97876879492573));
#6346=DIRECTION('ref_axis',(0.97876879492573,0.,0.204967426874696));
#6347=DIRECTION('',(-0.97876879492573,0.,-0.204967426874696));
#6348=DIRECTION('',(0.,1.,0.));
#6349=DIRECTION('',(0.97876879492573,0.,0.204967426874696));
#6350=DIRECTION('center_axis',(1.,0.,0.));
#6351=DIRECTION('ref_axis',(0.,0.,-1.));
#6352=DIRECTION('',(0.,0.,1.));
#6353=DIRECTION('',(0.,1.,0.));
#6354=DIRECTION('',(0.,0.,-1.));
#6355=DIRECTION('',(0.,1.,0.));
#6356=DIRECTION('',(0.,1.,0.));
#6357=DIRECTION('',(0.,1.,0.));
#6358=DIRECTION('',(0.,1.,0.));
#6359=DIRECTION('',(0.,1.,0.));
#6360=DIRECTION('center_axis',(-1.,0.,0.));
#6361=DIRECTION('ref_axis',(0.,0.,1.));
#6362=DIRECTION('',(0.,0.,-1.));
#6363=DIRECTION('',(0.,1.,0.));
#6364=DIRECTION('',(0.,0.,1.));
#6365=DIRECTION('',(0.,1.,0.));
#6366=DIRECTION('',(0.,1.,0.));
#6367=DIRECTION('center_axis',(1.,0.,0.));
#6368=DIRECTION('ref_axis',(0.,0.,-1.));
#6369=DIRECTION('',(0.,0.,1.));
#6370=DIRECTION('',(0.,0.,-1.));
#6371=DIRECTION('',(0.,1.,0.));
#6372=DIRECTION('center_axis',(0.204383829912628,0.,-0.978890826430734));
#6373=DIRECTION('ref_axis',(-0.978890826430734,0.,-0.204383829912628));
#6374=DIRECTION('',(0.978890826430734,0.,0.204383829912628));
#6375=DIRECTION('',(-0.978890826430734,0.,-0.204383829912628));
#6376=DIRECTION('',(0.,1.,0.));
#6377=DIRECTION('',(0.,1.,0.));
#6378=DIRECTION('',(0.,1.,0.));
#6379=DIRECTION('',(0.,1.,0.));
#6380=DIRECTION('',(0.,1.,0.));
#6381=DIRECTION('center_axis',(1.,0.,0.));
#6382=DIRECTION('ref_axis',(0.,0.,-1.));
#6383=DIRECTION('',(0.,0.,1.));
#6384=DIRECTION('',(0.,0.,-1.));
#6385=DIRECTION('',(0.,1.,0.));
#6386=DIRECTION('center_axis',(0.20402069065261,0.,-0.978966576439478));
#6387=DIRECTION('ref_axis',(-0.978966576439478,0.,-0.20402069065261));
#6388=DIRECTION('',(0.978966576439478,0.,0.20402069065261));
#6389=DIRECTION('',(-0.978966576439478,0.,-0.20402069065261));
#6390=DIRECTION('center_axis',(0.,1.,0.));
#6391=DIRECTION('ref_axis',(1.,0.,0.));
#6392=DIRECTION('center_axis',(0.,1.,0.));
#6393=DIRECTION('ref_axis',(0.,0.,1.));
#6394=DIRECTION('center_axis',(-1.,0.,0.));
#6395=DIRECTION('ref_axis',(0.,0.,1.));
#6396=DIRECTION('',(0.,0.,-1.));
#6397=DIRECTION('',(0.,1.,0.));
#6398=DIRECTION('',(0.,0.,1.));
#6399=DIRECTION('',(0.,1.,0.));
#6400=DIRECTION('center_axis',(-0.493132472742528,0.,0.869954231167847));
#6401=DIRECTION('ref_axis',(0.869954231167847,0.,0.493132472742528));
#6402=DIRECTION('',(-0.869954231167847,0.,-0.493132472742528));
#6403=DIRECTION('',(0.,1.,0.));
#6404=DIRECTION('',(0.869954231167847,0.,0.493132472742528));
#6405=DIRECTION('center_axis',(1.,0.,0.));
#6406=DIRECTION('ref_axis',(0.,0.,-1.));
#6407=DIRECTION('',(0.,0.,1.));
#6408=DIRECTION('',(0.,1.,0.));
#6409=DIRECTION('',(0.,0.,-1.));
#6410=DIRECTION('center_axis',(-1.,0.,0.));
#6411=DIRECTION('ref_axis',(0.,0.,1.));
#6412=DIRECTION('',(0.,0.,-1.));
#6413=DIRECTION('',(0.,1.,0.));
#6414=DIRECTION('',(0.,0.,1.));
#6415=DIRECTION('',(0.,1.,0.));
#6416=DIRECTION('center_axis',(0.485472308980727,0.,-0.87425204444309));
#6417=DIRECTION('ref_axis',(-0.87425204444309,0.,-0.485472308980727));
#6418=DIRECTION('',(0.87425204444309,0.,0.485472308980727));
#6419=DIRECTION('',(0.,1.,0.));
#6420=DIRECTION('',(-0.87425204444309,0.,-0.485472308980727));
#6421=DIRECTION('center_axis',(0.153066111173145,0.,0.988215950898553));
#6422=DIRECTION('ref_axis',(0.988215950898553,0.,-0.153066111173145));
#6423=DIRECTION('',(-0.988215950898553,0.,0.153066111173145));
#6424=DIRECTION('',(0.988215950898553,0.,-0.153066111173145));
#6425=DIRECTION('',(0.,1.,0.));
#6426=DIRECTION('',(0.,1.,0.));
#6427=DIRECTION('center_axis',(-0.162871110080362,0.,-0.986647354175336));
#6428=DIRECTION('ref_axis',(-0.986647354175336,0.,0.162871110080362));
#6429=DIRECTION('',(0.,1.,0.));
#6430=DIRECTION('',(0.986647354175336,0.,-0.162871110080362));
#6431=DIRECTION('',(0.,-1.,0.));
#6432=DIRECTION('',(0.986647354175336,0.,-0.162871110080362));
#6433=DIRECTION('',(-0.986647354175336,0.,0.162871110080362));
#6434=DIRECTION('',(0.,1.,0.));
#6435=DIRECTION('',(0.986647354175336,0.,-0.162871110080362));
#6436=DIRECTION('center_axis',(1.,0.,0.));
#6437=DIRECTION('ref_axis',(0.,0.,-1.));
#6438=DIRECTION('',(0.,0.,1.));
#6439=DIRECTION('',(0.,0.,-1.));
#6440=DIRECTION('',(0.,1.,0.));
#6441=DIRECTION('center_axis',(0.165915602989735,0.,0.986139955931486));
#6442=DIRECTION('ref_axis',(0.986139955931486,0.,-0.165915602989735));
#6443=DIRECTION('',(-0.986139955931486,0.,0.165915602989735));
#6444=DIRECTION('',(0.986139955931486,0.,-0.165915602989735));
#6445=DIRECTION('',(0.,1.,0.));
#6446=DIRECTION('center_axis',(1.,0.,0.));
#6447=DIRECTION('ref_axis',(0.,0.,-1.));
#6448=DIRECTION('',(0.,0.,1.));
#6449=DIRECTION('',(0.,0.,-1.));
#6450=DIRECTION('',(0.,1.,0.));
#6451=DIRECTION('center_axis',(0.486522002219504,0.,-0.873668324569642));
#6452=DIRECTION('ref_axis',(-0.873668324569642,0.,-0.486522002219504));
#6453=DIRECTION('',(0.873668324569642,0.,0.486522002219504));
#6454=DIRECTION('',(-0.873668324569642,0.,-0.486522002219504));
#6455=DIRECTION('center_axis',(0.,1.,0.));
#6456=DIRECTION('ref_axis',(1.,0.,0.));
#6457=DIRECTION('center_axis',(0.,1.,0.));
#6458=DIRECTION('ref_axis',(0.,0.,1.));
#6459=DIRECTION('center_axis',(-1.,0.,0.));
#6460=DIRECTION('ref_axis',(0.,0.,1.));
#6461=DIRECTION('',(0.,0.,-1.));
#6462=DIRECTION('',(0.,1.,0.));
#6463=DIRECTION('',(0.,0.,1.));
#6464=DIRECTION('',(0.,1.,0.));
#6465=DIRECTION('center_axis',(-0.74813471728046,0.,0.66354686707096));
#6466=DIRECTION('ref_axis',(0.66354686707096,0.,0.74813471728046));
#6467=DIRECTION('',(-0.66354686707096,0.,-0.74813471728046));
#6468=DIRECTION('',(0.,1.,0.));
#6469=DIRECTION('',(0.66354686707096,0.,0.74813471728046));
#6470=DIRECTION('center_axis',(0.203843542947239,0.,-0.979003478031982));
#6471=DIRECTION('ref_axis',(-0.979003478031982,0.,-0.203843542947239));
#6472=DIRECTION('',(0.979003478031982,0.,0.203843542947239));
#6473=DIRECTION('',(0.,1.,0.));
#6474=DIRECTION('',(-0.979003478031982,0.,-0.203843542947239));
#6475=DIRECTION('center_axis',(-1.,0.,0.));
#6476=DIRECTION('ref_axis',(0.,0.,1.));
#6477=DIRECTION('',(0.,0.,-1.));
#6478=DIRECTION('',(0.,1.,0.));
#6479=DIRECTION('',(0.,0.,1.));
#6480=DIRECTION('center_axis',(-0.204327487017872,0.,0.978902588641465));
#6481=DIRECTION('ref_axis',(0.978902588641465,0.,0.204327487017872));
#6482=DIRECTION('',(-0.978902588641465,0.,-0.204327487017872));
#6483=DIRECTION('',(0.,1.,0.));
#6484=DIRECTION('',(0.978902588641465,0.,0.204327487017872));
#6485=DIRECTION('center_axis',(1.,0.,0.));
#6486=DIRECTION('ref_axis',(0.,0.,-1.));
#6487=DIRECTION('',(0.,0.,1.));
#6488=DIRECTION('',(0.,1.,0.));
#6489=DIRECTION('',(0.,0.,-1.));
#6490=DIRECTION('center_axis',(0.75196066518044,0.,-0.659207977819891));
#6491=DIRECTION('ref_axis',(-0.659207977819891,0.,-0.75196066518044));
#6492=DIRECTION('',(0.659207977819891,0.,0.75196066518044));
#6493=DIRECTION('',(-0.659207977819891,0.,-0.75196066518044));
#6494=DIRECTION('',(0.,1.,0.));
#6495=DIRECTION('center_axis',(-0.497964702558087,0.,-0.867197298777064));
#6496=DIRECTION('ref_axis',(-0.867197298777064,0.,0.497964702558087));
#6497=DIRECTION('',(0.867197298777064,0.,-0.497964702558087));
#6498=DIRECTION('',(-0.867197298777064,0.,0.497964702558087));
#6499=DIRECTION('',(0.,1.,0.));
#6500=DIRECTION('center_axis',(1.,0.,0.));
#6501=DIRECTION('ref_axis',(0.,0.,-1.));
#6502=DIRECTION('',(0.,0.,1.));
#6503=DIRECTION('',(0.,0.,-1.));
#6504=DIRECTION('',(0.,1.,0.));
#6505=DIRECTION('center_axis',(0.494752684255414,0.,0.869033820643399));
#6506=DIRECTION('ref_axis',(0.869033820643399,0.,-0.494752684255414));
#6507=DIRECTION('',(-0.869033820643399,0.,0.494752684255414));
#6508=DIRECTION('',(0.869033820643399,0.,-0.494752684255414));
#6509=DIRECTION('',(0.,1.,0.));
#6510=DIRECTION('center_axis',(0.75455257031345,0.,-0.656239604590706));
#6511=DIRECTION('ref_axis',(-0.656239604590706,0.,-0.75455257031345));
#6512=DIRECTION('',(0.656239604590706,0.,0.75455257031345));
#6513=DIRECTION('',(-0.656239604590706,0.,-0.75455257031345));
#6514=DIRECTION('',(0.,1.,0.));
#6515=DIRECTION('center_axis',(0.205596513214197,0.,-0.978636844674348));
#6516=DIRECTION('ref_axis',(-0.978636844674348,0.,-0.205596513214197));
#6517=DIRECTION('',(0.978636844674348,0.,0.205596513214197));
#6518=DIRECTION('',(-0.978636844674348,0.,-0.205596513214197));
#6519=DIRECTION('center_axis',(0.,1.,0.));
#6520=DIRECTION('ref_axis',(0.,0.,1.));
#6521=DIRECTION('',(0.,1.,0.));
#6522=DIRECTION('',(0.,1.,0.));
#6523=DIRECTION('',(0.,1.,0.));
#6524=DIRECTION('',(0.,1.,0.));
#6525=DIRECTION('center_axis',(-1.,0.,0.));
#6526=DIRECTION('ref_axis',(0.,0.,1.));
#6527=DIRECTION('',(0.,0.,-1.));
#6528=DIRECTION('',(0.,1.,0.));
#6529=DIRECTION('',(0.,0.,1.));
#6530=DIRECTION('center_axis',(-0.204327487017872,0.,0.978902588641465));
#6531=DIRECTION('ref_axis',(0.978902588641465,0.,0.204327487017872));
#6532=DIRECTION('',(-0.978902588641465,0.,-0.204327487017872));
#6533=DIRECTION('',(0.,1.,0.));
#6534=DIRECTION('',(0.978902588641465,0.,0.204327487017872));
#6535=DIRECTION('center_axis',(1.,0.,0.));
#6536=DIRECTION('ref_axis',(0.,0.,-1.));
#6537=DIRECTION('',(0.,0.,1.));
#6538=DIRECTION('',(0.,1.,0.));
#6539=DIRECTION('',(0.,0.,-1.));
#6540=DIRECTION('',(0.,1.,0.));
#6541=DIRECTION('',(0.,1.,0.));
#6542=DIRECTION('',(0.,1.,0.));
#6543=DIRECTION('',(0.,1.,0.));
#6544=DIRECTION('',(0.,1.,0.));
#6545=DIRECTION('',(0.,1.,0.));
#6546=DIRECTION('center_axis',(-1.,0.,0.));
#6547=DIRECTION('ref_axis',(0.,0.,1.));
#6548=DIRECTION('',(0.,0.,-1.));
#6549=DIRECTION('',(0.,1.,0.));
#6550=DIRECTION('',(0.,0.,1.));
#6551=DIRECTION('',(0.,1.,0.));
#6552=DIRECTION('',(0.,1.,0.));
#6553=DIRECTION('',(0.,1.,0.));
#6554=DIRECTION('center_axis',(1.,0.,0.));
#6555=DIRECTION('ref_axis',(0.,0.,-1.));
#6556=DIRECTION('',(0.,0.,1.));
#6557=DIRECTION('',(0.,0.,-1.));
#6558=DIRECTION('',(0.,1.,0.));
#6559=DIRECTION('center_axis',(0.204747217091207,0.,-0.978814883976233));
#6560=DIRECTION('ref_axis',(-0.978814883976233,0.,-0.204747217091207));
#6561=DIRECTION('',(0.978814883976233,0.,0.204747217091207));
#6562=DIRECTION('',(-0.978814883976233,0.,-0.204747217091207));
#6563=DIRECTION('',(0.,1.,0.));
#6564=DIRECTION('',(0.,1.,0.));
#6565=DIRECTION('',(0.,1.,0.));
#6566=DIRECTION('',(0.,1.,0.));
#6567=DIRECTION('',(0.,1.,0.));
#6568=DIRECTION('center_axis',(0.,1.,0.));
#6569=DIRECTION('ref_axis',(1.,0.,0.));
#6570=DIRECTION('center_axis',(0.,1.,0.));
#6571=DIRECTION('ref_axis',(0.,0.,1.));
#6572=DIRECTION('center_axis',(-0.204146752896554,0.,0.978940296076218));
#6573=DIRECTION('ref_axis',(0.978940296076218,0.,0.204146752896554));
#6574=DIRECTION('',(-0.978940296076218,0.,-0.204146752896554));
#6575=DIRECTION('',(0.,1.,0.));
#6576=DIRECTION('',(0.978940296076218,0.,0.204146752896554));
#6577=DIRECTION('',(0.,1.,0.));
#6578=DIRECTION('center_axis',(-1.,0.,0.));
#6579=DIRECTION('ref_axis',(0.,0.,1.));
#6580=DIRECTION('',(0.,0.,-1.));
#6581=DIRECTION('',(0.,1.,0.));
#6582=DIRECTION('',(0.,0.,1.));
#6583=DIRECTION('center_axis',(0.204146752896554,0.,-0.978940296076218));
#6584=DIRECTION('ref_axis',(-0.978940296076218,0.,-0.204146752896554));
#6585=DIRECTION('',(0.978940296076218,0.,0.204146752896554));
#6586=DIRECTION('',(0.,1.,0.));
#6587=DIRECTION('',(-0.978940296076218,0.,-0.204146752896554));
#6588=DIRECTION('center_axis',(-1.,0.,0.));
#6589=DIRECTION('ref_axis',(0.,0.,1.));
#6590=DIRECTION('',(0.,0.,-1.));
#6591=DIRECTION('',(0.,1.,0.));
#6592=DIRECTION('',(0.,0.,1.));
#6593=DIRECTION('center_axis',(-0.204967269689008,0.,0.978768827842527));
#6594=DIRECTION('ref_axis',(0.978768827842527,0.,0.204967269689008));
#6595=DIRECTION('',(-0.978768827842527,0.,-0.204967269689008));
#6596=DIRECTION('',(0.,1.,0.));
#6597=DIRECTION('',(0.978768827842527,0.,0.204967269689008));
#6598=DIRECTION('center_axis',(1.,0.,0.));
#6599=DIRECTION('ref_axis',(0.,0.,-1.));
#6600=DIRECTION('',(0.,0.,1.));
#6601=DIRECTION('',(0.,1.,0.));
#6602=DIRECTION('',(0.,0.,-1.));
#6603=DIRECTION('center_axis',(-1.,0.,0.));
#6604=DIRECTION('ref_axis',(0.,0.,1.));
#6605=DIRECTION('',(0.,0.,-1.));
#6606=DIRECTION('',(0.,0.,1.));
#6607=DIRECTION('',(0.,1.,0.));
#6608=DIRECTION('center_axis',(0.204327542929035,0.,-0.978902576971061));
#6609=DIRECTION('ref_axis',(-0.978902576971061,0.,-0.204327542929035));
#6610=DIRECTION('',(0.978902576971061,0.,0.204327542929035));
#6611=DIRECTION('',(-0.978902576971061,0.,-0.204327542929035));
#6612=DIRECTION('',(0.,1.,0.));
#6613=DIRECTION('center_axis',(1.,0.,0.));
#6614=DIRECTION('ref_axis',(0.,0.,-1.));
#6615=DIRECTION('',(0.,0.,1.));
#6616=DIRECTION('',(0.,0.,-1.));
#6617=DIRECTION('',(0.,1.,0.));
#6618=DIRECTION('center_axis',(-0.204010729225875,0.,0.9789686523892));
#6619=DIRECTION('ref_axis',(0.9789686523892,0.,0.204010729225875));
#6620=DIRECTION('',(-0.9789686523892,0.,-0.204010729225875));
#6621=DIRECTION('',(0.9789686523892,0.,0.204010729225875));
#6622=DIRECTION('',(0.,1.,0.));
#6623=DIRECTION('center_axis',(1.,0.,0.));
#6624=DIRECTION('ref_axis',(0.,0.,-1.));
#6625=DIRECTION('',(0.,0.,1.));
#6626=DIRECTION('',(0.,0.,-1.));
#6627=DIRECTION('',(0.,1.,0.));
#6628=DIRECTION('center_axis',(0.205368009206924,0.,-0.978684821990402));
#6629=DIRECTION('ref_axis',(-0.978684821990402,0.,-0.205368009206924));
#6630=DIRECTION('',(0.978684821990402,0.,0.205368009206924));
#6631=DIRECTION('',(-0.978684821990402,0.,-0.205368009206924));
#6632=DIRECTION('center_axis',(0.,1.,0.));
#6633=DIRECTION('ref_axis',(0.,0.,1.));
#6634=DIRECTION('',(0.,1.,0.));
#6635=DIRECTION('',(0.,1.,0.));
#6636=DIRECTION('',(0.,1.,0.));
#6637=DIRECTION('',(0.,1.,0.));
#6638=DIRECTION('',(0.,1.,0.));
#6639=DIRECTION('',(0.,1.,0.));
#6640=DIRECTION('',(0.,1.,0.));
#6641=DIRECTION('',(0.,1.,0.));
#6642=DIRECTION('',(0.,1.,0.));
#6643=DIRECTION('center_axis',(0.20493615611785,0.,-0.978775342923819));
#6644=DIRECTION('ref_axis',(-0.978775342923819,0.,-0.20493615611785));
#6645=DIRECTION('',(0.978775342923819,0.,0.20493615611785));
#6646=DIRECTION('',(0.,1.,0.));
#6647=DIRECTION('',(-0.978775342923819,0.,-0.20493615611785));
#6648=DIRECTION('center_axis',(-1.,0.,0.));
#6649=DIRECTION('ref_axis',(0.,0.,1.));
#6650=DIRECTION('',(0.,0.,-1.));
#6651=DIRECTION('',(0.,1.,0.));
#6652=DIRECTION('',(0.,0.,1.));
#6653=DIRECTION('center_axis',(-0.206307743918407,0.,0.978487156174928));
#6654=DIRECTION('ref_axis',(0.978487156174928,0.,0.206307743918407));
#6655=DIRECTION('',(-0.978487156174928,0.,-0.206307743918407));
#6656=DIRECTION('',(0.,1.,0.));
#6657=DIRECTION('',(0.978487156174928,0.,0.206307743918407));
#6658=DIRECTION('center_axis',(1.,0.,0.));
#6659=DIRECTION('ref_axis',(0.,0.,-1.));
#6660=DIRECTION('',(0.,0.,1.));
#6661=DIRECTION('',(0.,1.,0.));
#6662=DIRECTION('',(0.,0.,-1.));
#6663=DIRECTION('',(0.,1.,0.));
#6664=DIRECTION('',(0.,1.,0.));
#6665=DIRECTION('center_axis',(0.994071731483233,0.,-0.108726228049755));
#6666=DIRECTION('ref_axis',(-0.108726228049755,0.,-0.994071731483233));
#6667=DIRECTION('',(0.108726228049755,0.,0.994071731483233));
#6668=DIRECTION('',(-0.108726228049755,0.,-0.994071731483233));
#6669=DIRECTION('',(0.,1.,0.));
#6670=DIRECTION('',(0.,1.,0.));
#6671=DIRECTION('',(0.,1.,0.));
#6672=DIRECTION('',(0.,1.,0.));
#6673=DIRECTION('',(0.,1.,0.));
#6674=DIRECTION('',(0.,1.,0.));
#6675=DIRECTION('',(0.,1.,0.));
#6676=DIRECTION('',(0.,1.,0.));
#6677=DIRECTION('',(0.,1.,0.));
#6678=DIRECTION('center_axis',(-0.205070352816182,0.,0.97874723519193));
#6679=DIRECTION('ref_axis',(0.97874723519193,0.,0.205070352816182));
#6680=DIRECTION('',(-0.97874723519193,0.,-0.205070352816182));
#6681=DIRECTION('',(0.97874723519193,0.,0.205070352816182));
#6682=DIRECTION('center_axis',(0.,1.,0.));
#6683=DIRECTION('ref_axis',(1.,0.,0.));
#6684=DIRECTION('center_axis',(1.,0.,0.));
#6685=DIRECTION('ref_axis',(0.,-1.,0.));
#6686=DIRECTION('',(0.,0.,-1.));
#6687=DIRECTION('',(0.,-1.,0.));
#6688=DIRECTION('',(0.,0.,-1.));
#6689=DIRECTION('center_axis',(-1.,0.,0.));
#6690=DIRECTION('ref_axis',(0.,-1.,0.));
#6691=DIRECTION('',(0.,1.,0.));
#6692=DIRECTION('',(0.,0.,1.));
#6693=DIRECTION('',(0.,-1.,0.));
#6694=DIRECTION('',(0.,0.,1.));
#6695=DIRECTION('center_axis',(1.,0.,0.));
#6696=DIRECTION('ref_axis',(0.,1.,0.));
#6697=DIRECTION('',(0.,-1.,0.));
#6698=DIRECTION('',(0.,0.,1.));
#6699=DIRECTION('',(0.,1.,0.));
#6700=DIRECTION('',(0.,0.,1.));
#6701=DIRECTION('center_axis',(0.,0.,-1.));
#6702=DIRECTION('ref_axis',(0.,1.,0.));
#6703=DIRECTION('',(1.,0.,0.));
#6704=DIRECTION('',(0.,-1.,0.));
#6705=DIRECTION('',(1.,0.,0.));
#6706=DIRECTION('center_axis',(-1.,0.,0.));
#6707=DIRECTION('ref_axis',(0.,1.,0.));
#6708=DIRECTION('',(0.,-1.,0.));
#6709=DIRECTION('',(0.,0.,-1.));
#6710=DIRECTION('',(0.,1.,0.));
#6711=DIRECTION('',(0.,0.,-1.));
#6712=DIRECTION('center_axis',(0.,0.,1.));
#6713=DIRECTION('ref_axis',(0.,-1.,0.));
#6714=DIRECTION('',(1.,0.,0.));
#6715=DIRECTION('',(0.,1.,0.));
#6716=DIRECTION('',(1.,0.,0.));
#6717=DIRECTION('center_axis',(0.,0.,1.));
#6718=DIRECTION('ref_axis',(0.,-1.,0.));
#6719=DIRECTION('',(1.,0.,0.));
#6720=DIRECTION('',(0.,-1.,0.));
#6721=DIRECTION('',(1.,0.,0.));
#6722=DIRECTION('center_axis',(0.,0.,-1.));
#6723=DIRECTION('ref_axis',(0.,1.,0.));
#6724=DIRECTION('',(1.,0.,0.));
#6725=DIRECTION('',(0.,1.,0.));
#6726=DIRECTION('',(1.,0.,0.));
#6727=DIRECTION('center_axis',(0.,-1.,0.));
#6728=DIRECTION('ref_axis',(-1.,0.,0.));
#6729=DIRECTION('center_axis',(0.,-1.,0.));
#6730=DIRECTION('ref_axis',(-1.,0.,0.));
#6731=DIRECTION('',(0.,-1.,0.));
#6732=DIRECTION('center_axis',(0.,1.,0.));
#6733=DIRECTION('ref_axis',(-1.,0.,0.));
#6734=DIRECTION('center_axis',(0.,-1.,0.));
#6735=DIRECTION('ref_axis',(-1.,0.,0.));
#6736=DIRECTION('center_axis',(0.,-1.,0.));
#6737=DIRECTION('ref_axis',(-1.,0.,0.));
#6738=DIRECTION('',(0.,-1.,0.));
#6739=DIRECTION('center_axis',(0.,1.,0.));
#6740=DIRECTION('ref_axis',(-1.,0.,0.));
#6741=DIRECTION('center_axis',(0.,-1.,0.));
#6742=DIRECTION('ref_axis',(-1.,0.,0.));
#6743=DIRECTION('center_axis',(0.,-1.,0.));
#6744=DIRECTION('ref_axis',(-1.,0.,0.));
#6745=DIRECTION('',(0.,-1.,0.));
#6746=DIRECTION('center_axis',(0.,1.,0.));
#6747=DIRECTION('ref_axis',(-1.,0.,0.));
#6748=DIRECTION('center_axis',(0.,-1.,0.));
#6749=DIRECTION('ref_axis',(-1.,0.,0.));
#6750=DIRECTION('center_axis',(0.,-1.,0.));
#6751=DIRECTION('ref_axis',(-1.,0.,0.));
#6752=DIRECTION('',(0.,-1.,0.));
#6753=DIRECTION('center_axis',(0.,1.,0.));
#6754=DIRECTION('ref_axis',(-1.,0.,0.));
#6755=DIRECTION('center_axis',(1.,0.,0.));
#6756=DIRECTION('ref_axis',(0.,0.,1.));
#6757=DIRECTION('',(0.,0.,1.));
#6758=DIRECTION('',(0.,-1.,0.));
#6759=DIRECTION('',(0.,0.,-1.));
#6760=DIRECTION('',(0.,-1.,0.));
#6761=DIRECTION('center_axis',(-8.60638003585393E-17,0.,-1.));
#6762=DIRECTION('ref_axis',(1.,0.,-8.60638003585393E-17));
#6763=DIRECTION('',(1.,0.,-8.60638003585393E-17));
#6764=DIRECTION('',(0.,-1.,0.));
#6765=DIRECTION('',(-1.,0.,8.60638003585393E-17));
#6766=DIRECTION('center_axis',(-1.,0.,0.));
#6767=DIRECTION('ref_axis',(0.,0.,-1.));
#6768=DIRECTION('',(0.,0.,-1.));
#6769=DIRECTION('',(0.,-1.,0.));
#6770=DIRECTION('',(0.,0.,1.));
#6771=DIRECTION('center_axis',(0.,0.,1.));
#6772=DIRECTION('ref_axis',(-1.,0.,0.));
#6773=DIRECTION('',(-1.,0.,0.));
#6774=DIRECTION('',(1.,0.,0.));
#6775=DIRECTION('center_axis',(0.,-1.,0.));
#6776=DIRECTION('ref_axis',(-0.707106781186551,0.,0.707106781186544));
#6777=DIRECTION('center_axis',(0.,1.,0.));
#6778=DIRECTION('ref_axis',(-0.707106781186551,0.,0.707106781186544));
#6779=DIRECTION('center_axis',(0.,-1.,0.));
#6780=DIRECTION('ref_axis',(-0.707106781186551,0.,0.707106781186544));
#6781=DIRECTION('center_axis',(0.,-1.,0.));
#6782=DIRECTION('ref_axis',(0.707106781186538,0.,0.707106781186557));
#6783=DIRECTION('center_axis',(0.,1.,0.));
#6784=DIRECTION('ref_axis',(0.707106781186538,0.,0.707106781186557));
#6785=DIRECTION('center_axis',(0.,-1.,0.));
#6786=DIRECTION('ref_axis',(0.707106781186538,0.,0.707106781186557));
#6787=DIRECTION('center_axis',(0.,-1.,0.));
#6788=DIRECTION('ref_axis',(0.70710678118654,0.,-0.707106781186555));
#6789=DIRECTION('center_axis',(0.,1.,0.));
#6790=DIRECTION('ref_axis',(0.70710678118654,0.,-0.707106781186555));
#6791=DIRECTION('center_axis',(0.,-1.,0.));
#6792=DIRECTION('ref_axis',(0.70710678118654,0.,-0.707106781186555));
#6793=DIRECTION('center_axis',(0.,-1.,0.));
#6794=DIRECTION('ref_axis',(-0.707106781186544,0.,-0.707106781186551));
#6795=DIRECTION('center_axis',(0.,1.,0.));
#6796=DIRECTION('ref_axis',(-0.707106781186544,0.,-0.707106781186551));
#6797=DIRECTION('center_axis',(0.,-1.,0.));
#6798=DIRECTION('ref_axis',(-0.707106781186544,0.,-0.707106781186551));
#6799=DIRECTION('center_axis',(0.,-1.,0.));
#6800=DIRECTION('ref_axis',(-0.707106781186549,0.,-0.707106781186546));
#6801=DIRECTION('center_axis',(0.,1.,0.));
#6802=DIRECTION('ref_axis',(-0.707106781186549,0.,-0.707106781186546));
#6803=DIRECTION('',(0.,-1.,0.));
#6804=DIRECTION('center_axis',(0.,-1.,0.));
#6805=DIRECTION('ref_axis',(-0.707106781186549,0.,-0.707106781186546));
#6806=DIRECTION('',(0.,1.,0.));
#6807=DIRECTION('center_axis',(-1.,0.,0.));
#6808=DIRECTION('ref_axis',(0.,0.,-1.));
#6809=DIRECTION('',(0.,0.,-1.));
#6810=DIRECTION('',(0.,1.,0.));
#6811=DIRECTION('',(0.,0.,1.));
#6812=DIRECTION('center_axis',(0.,-1.,0.));
#6813=DIRECTION('ref_axis',(-0.707106781186549,0.,-0.707106781186546));
#6814=DIRECTION('center_axis',(0.,1.,0.));
#6815=DIRECTION('ref_axis',(-0.707106781186549,0.,-0.707106781186546));
#6816=DIRECTION('',(0.,-1.,0.));
#6817=DIRECTION('center_axis',(0.,-1.,0.));
#6818=DIRECTION('ref_axis',(-0.707106781186549,0.,-0.707106781186546));
#6819=DIRECTION('',(0.,1.,0.));
#6820=DIRECTION('center_axis',(-1.,0.,0.));
#6821=DIRECTION('ref_axis',(0.,0.,-1.));
#6822=DIRECTION('',(0.,0.,-1.));
#6823=DIRECTION('',(0.,1.,0.));
#6824=DIRECTION('',(0.,0.,1.));
#6825=DIRECTION('center_axis',(0.,-1.,0.));
#6826=DIRECTION('ref_axis',(-0.707106781186551,0.,-0.707106781186544));
#6827=DIRECTION('center_axis',(0.,1.,0.));
#6828=DIRECTION('ref_axis',(-0.707106781186551,0.,-0.707106781186544));
#6829=DIRECTION('',(0.,-1.,0.));
#6830=DIRECTION('center_axis',(0.,-1.,0.));
#6831=DIRECTION('ref_axis',(-0.707106781186551,0.,-0.707106781186544));
#6832=DIRECTION('',(0.,1.,0.));
#6833=DIRECTION('center_axis',(-1.,0.,0.));
#6834=DIRECTION('ref_axis',(0.,0.,-1.));
#6835=DIRECTION('',(0.,0.,-1.));
#6836=DIRECTION('',(0.,1.,0.));
#6837=DIRECTION('',(0.,0.,1.));
#6838=DIRECTION('center_axis',(0.,-1.,0.));
#6839=DIRECTION('ref_axis',(-0.707106781186548,0.,-0.707106781186548));
#6840=DIRECTION('center_axis',(0.,1.,0.));
#6841=DIRECTION('ref_axis',(-0.707106781186548,0.,-0.707106781186548));
#6842=DIRECTION('',(0.,-1.,0.));
#6843=DIRECTION('center_axis',(0.,-1.,0.));
#6844=DIRECTION('ref_axis',(-0.707106781186548,0.,-0.707106781186548));
#6845=DIRECTION('',(0.,1.,0.));
#6846=DIRECTION('center_axis',(-1.,0.,0.));
#6847=DIRECTION('ref_axis',(0.,0.,-1.));
#6848=DIRECTION('',(0.,0.,-1.));
#6849=DIRECTION('',(0.,1.,0.));
#6850=DIRECTION('',(0.,0.,1.));
#6851=DIRECTION('center_axis',(0.,-1.,0.));
#6852=DIRECTION('ref_axis',(-0.707106781186551,0.,-0.707106781186544));
#6853=DIRECTION('center_axis',(0.,1.,0.));
#6854=DIRECTION('ref_axis',(-0.707106781186551,0.,-0.707106781186544));
#6855=DIRECTION('',(0.,-1.,0.));
#6856=DIRECTION('center_axis',(0.,-1.,0.));
#6857=DIRECTION('ref_axis',(-0.707106781186551,0.,-0.707106781186544));
#6858=DIRECTION('',(0.,1.,0.));
#6859=DIRECTION('center_axis',(-1.,0.,0.));
#6860=DIRECTION('ref_axis',(0.,0.,-1.));
#6861=DIRECTION('',(0.,0.,-1.));
#6862=DIRECTION('',(0.,1.,0.));
#6863=DIRECTION('',(0.,0.,1.));
#6864=DIRECTION('center_axis',(0.,-1.,0.));
#6865=DIRECTION('ref_axis',(-0.707106781186548,0.,-0.707106781186548));
#6866=DIRECTION('center_axis',(0.,1.,0.));
#6867=DIRECTION('ref_axis',(-0.707106781186548,0.,-0.707106781186548));
#6868=DIRECTION('',(0.,-1.,0.));
#6869=DIRECTION('center_axis',(0.,-1.,0.));
#6870=DIRECTION('ref_axis',(-0.707106781186548,0.,-0.707106781186548));
#6871=DIRECTION('',(0.,1.,0.));
#6872=DIRECTION('center_axis',(-1.,0.,0.));
#6873=DIRECTION('ref_axis',(0.,0.,-1.));
#6874=DIRECTION('',(0.,0.,-1.));
#6875=DIRECTION('',(0.,1.,0.));
#6876=DIRECTION('',(0.,0.,1.));
#6877=DIRECTION('center_axis',(0.,-1.,0.));
#6878=DIRECTION('ref_axis',(-0.707106781186548,0.,-0.707106781186548));
#6879=DIRECTION('center_axis',(0.,1.,0.));
#6880=DIRECTION('ref_axis',(-0.707106781186548,0.,-0.707106781186548));
#6881=DIRECTION('',(0.,-1.,0.));
#6882=DIRECTION('center_axis',(0.,-1.,0.));
#6883=DIRECTION('ref_axis',(-0.707106781186548,0.,-0.707106781186548));
#6884=DIRECTION('',(0.,1.,0.));
#6885=DIRECTION('center_axis',(-1.,0.,0.));
#6886=DIRECTION('ref_axis',(0.,0.,-1.));
#6887=DIRECTION('',(0.,0.,-1.));
#6888=DIRECTION('',(0.,1.,0.));
#6889=DIRECTION('',(0.,0.,1.));
#6890=DIRECTION('center_axis',(0.,-1.,0.));
#6891=DIRECTION('ref_axis',(-0.707106781186551,0.,-0.707106781186544));
#6892=DIRECTION('center_axis',(0.,1.,0.));
#6893=DIRECTION('ref_axis',(-0.707106781186551,0.,-0.707106781186544));
#6894=DIRECTION('',(0.,-1.,0.));
#6895=DIRECTION('center_axis',(0.,-1.,0.));
#6896=DIRECTION('ref_axis',(-0.707106781186551,0.,-0.707106781186544));
#6897=DIRECTION('',(0.,1.,0.));
#6898=DIRECTION('center_axis',(-1.,0.,0.));
#6899=DIRECTION('ref_axis',(0.,0.,-1.));
#6900=DIRECTION('',(0.,0.,-1.));
#6901=DIRECTION('',(0.,1.,0.));
#6902=DIRECTION('',(0.,0.,1.));
#6903=DIRECTION('center_axis',(0.,-1.,0.));
#6904=DIRECTION('ref_axis',(-0.707106781186549,0.,-0.707106781186546));
#6905=DIRECTION('center_axis',(0.,1.,0.));
#6906=DIRECTION('ref_axis',(-0.707106781186549,0.,-0.707106781186546));
#6907=DIRECTION('',(0.,-1.,0.));
#6908=DIRECTION('center_axis',(0.,-1.,0.));
#6909=DIRECTION('ref_axis',(-0.707106781186549,0.,-0.707106781186546));
#6910=DIRECTION('',(0.,1.,0.));
#6911=DIRECTION('center_axis',(-1.,0.,0.));
#6912=DIRECTION('ref_axis',(0.,0.,-1.));
#6913=DIRECTION('',(0.,0.,-1.));
#6914=DIRECTION('',(0.,1.,0.));
#6915=DIRECTION('',(0.,0.,1.));
#6916=DIRECTION('center_axis',(0.,-1.,0.));
#6917=DIRECTION('ref_axis',(0.707106781186548,0.,-0.707106781186548));
#6918=DIRECTION('center_axis',(0.,1.,0.));
#6919=DIRECTION('ref_axis',(0.707106781186548,0.,-0.707106781186548));
#6920=DIRECTION('',(0.,-1.,0.));
#6921=DIRECTION('center_axis',(0.,-1.,0.));
#6922=DIRECTION('ref_axis',(0.707106781186548,0.,-0.707106781186548));
#6923=DIRECTION('',(0.,1.,0.));
#6924=DIRECTION('center_axis',(0.,0.,-1.));
#6925=DIRECTION('ref_axis',(1.,0.,0.));
#6926=DIRECTION('',(-1.,0.,0.));
#6927=DIRECTION('',(1.,0.,0.));
#6928=DIRECTION('center_axis',(0.,-1.,0.));
#6929=DIRECTION('ref_axis',(0.707106781186548,0.,-0.707106781186548));
#6930=DIRECTION('center_axis',(0.,1.,0.));
#6931=DIRECTION('ref_axis',(0.707106781186548,0.,-0.707106781186548));
#6932=DIRECTION('',(0.,-1.,0.));
#6933=DIRECTION('center_axis',(0.,-1.,0.));
#6934=DIRECTION('ref_axis',(0.707106781186548,0.,-0.707106781186548));
#6935=DIRECTION('',(0.,1.,0.));
#6936=DIRECTION('center_axis',(0.,0.,-1.));
#6937=DIRECTION('ref_axis',(1.,0.,0.));
#6938=DIRECTION('',(-1.,0.,0.));
#6939=DIRECTION('',(1.,0.,0.));
#6940=DIRECTION('center_axis',(0.,-1.,0.));
#6941=DIRECTION('ref_axis',(0.707106781186544,0.,-0.707106781186551));
#6942=DIRECTION('center_axis',(0.,1.,0.));
#6943=DIRECTION('ref_axis',(0.707106781186544,0.,-0.707106781186551));
#6944=DIRECTION('',(0.,-1.,0.));
#6945=DIRECTION('center_axis',(0.,-1.,0.));
#6946=DIRECTION('ref_axis',(0.707106781186544,0.,-0.707106781186551));
#6947=DIRECTION('',(0.,1.,0.));
#6948=DIRECTION('center_axis',(0.,0.,-1.));
#6949=DIRECTION('ref_axis',(1.,0.,0.));
#6950=DIRECTION('',(-1.,0.,0.));
#6951=DIRECTION('',(1.,0.,0.));
#6952=DIRECTION('center_axis',(0.,-1.,0.));
#6953=DIRECTION('ref_axis',(0.707106781186551,0.,-0.707106781186544));
#6954=DIRECTION('center_axis',(0.,1.,0.));
#6955=DIRECTION('ref_axis',(0.707106781186551,0.,-0.707106781186544));
#6956=DIRECTION('',(0.,-1.,0.));
#6957=DIRECTION('center_axis',(0.,-1.,0.));
#6958=DIRECTION('ref_axis',(0.707106781186551,0.,-0.707106781186544));
#6959=DIRECTION('',(0.,1.,0.));
#6960=DIRECTION('center_axis',(0.,0.,-1.));
#6961=DIRECTION('ref_axis',(1.,0.,0.));
#6962=DIRECTION('',(-1.,0.,0.));
#6963=DIRECTION('',(1.,0.,0.));
#6964=DIRECTION('center_axis',(0.,-1.,0.));
#6965=DIRECTION('ref_axis',(0.707106781186551,0.,-0.707106781186544));
#6966=DIRECTION('center_axis',(0.,1.,0.));
#6967=DIRECTION('ref_axis',(0.707106781186551,0.,-0.707106781186544));
#6968=DIRECTION('',(0.,-1.,0.));
#6969=DIRECTION('center_axis',(0.,-1.,0.));
#6970=DIRECTION('ref_axis',(0.707106781186551,0.,-0.707106781186544));
#6971=DIRECTION('',(0.,1.,0.));
#6972=DIRECTION('center_axis',(0.,0.,-1.));
#6973=DIRECTION('ref_axis',(1.,0.,0.));
#6974=DIRECTION('',(-1.,0.,0.));
#6975=DIRECTION('',(1.,0.,0.));
#6976=DIRECTION('center_axis',(0.,-1.,0.));
#6977=DIRECTION('ref_axis',(0.707106781186548,0.,-0.707106781186548));
#6978=DIRECTION('center_axis',(0.,1.,0.));
#6979=DIRECTION('ref_axis',(0.707106781186548,0.,-0.707106781186548));
#6980=DIRECTION('',(0.,-1.,0.));
#6981=DIRECTION('center_axis',(0.,-1.,0.));
#6982=DIRECTION('ref_axis',(0.707106781186548,0.,-0.707106781186548));
#6983=DIRECTION('',(0.,1.,0.));
#6984=DIRECTION('center_axis',(0.,0.,-1.));
#6985=DIRECTION('ref_axis',(1.,0.,0.));
#6986=DIRECTION('',(-1.,0.,0.));
#6987=DIRECTION('',(1.,0.,0.));
#6988=DIRECTION('center_axis',(0.,-1.,0.));
#6989=DIRECTION('ref_axis',(0.707106781186548,0.,-0.707106781186548));
#6990=DIRECTION('center_axis',(0.,1.,0.));
#6991=DIRECTION('ref_axis',(0.707106781186548,0.,-0.707106781186548));
#6992=DIRECTION('',(0.,-1.,0.));
#6993=DIRECTION('center_axis',(0.,-1.,0.));
#6994=DIRECTION('ref_axis',(0.707106781186548,0.,-0.707106781186548));
#6995=DIRECTION('',(0.,1.,0.));
#6996=DIRECTION('center_axis',(0.,0.,-1.));
#6997=DIRECTION('ref_axis',(1.,0.,0.));
#6998=DIRECTION('',(-1.,0.,0.));
#6999=DIRECTION('',(1.,0.,0.));
#7000=DIRECTION('center_axis',(0.,-1.,0.));
#7001=DIRECTION('ref_axis',(0.707106781186544,0.,-0.707106781186551));
#7002=DIRECTION('center_axis',(0.,1.,0.));
#7003=DIRECTION('ref_axis',(0.707106781186544,0.,-0.707106781186551));
#7004=DIRECTION('',(0.,-1.,0.));
#7005=DIRECTION('center_axis',(0.,-1.,0.));
#7006=DIRECTION('ref_axis',(0.707106781186544,0.,-0.707106781186551));
#7007=DIRECTION('',(0.,1.,0.));
#7008=DIRECTION('center_axis',(0.,0.,-1.));
#7009=DIRECTION('ref_axis',(1.,0.,0.));
#7010=DIRECTION('',(-1.,0.,0.));
#7011=DIRECTION('',(1.,0.,0.));
#7012=DIRECTION('center_axis',(0.,-1.,0.));
#7013=DIRECTION('ref_axis',(0.707106781186548,0.,-0.707106781186548));
#7014=DIRECTION('center_axis',(0.,1.,0.));
#7015=DIRECTION('ref_axis',(0.707106781186548,0.,-0.707106781186548));
#7016=DIRECTION('',(0.,-1.,0.));
#7017=DIRECTION('center_axis',(0.,-1.,0.));
#7018=DIRECTION('ref_axis',(0.707106781186548,0.,-0.707106781186548));
#7019=DIRECTION('',(0.,1.,0.));
#7020=DIRECTION('center_axis',(0.,0.,-1.));
#7021=DIRECTION('ref_axis',(1.,0.,0.));
#7022=DIRECTION('',(-1.,0.,0.));
#7023=DIRECTION('',(1.,0.,0.));
#7024=DIRECTION('center_axis',(0.,-1.,0.));
#7025=DIRECTION('ref_axis',(0.707106781186551,0.,0.707106781186544));
#7026=DIRECTION('center_axis',(0.,1.,0.));
#7027=DIRECTION('ref_axis',(0.707106781186551,0.,0.707106781186544));
#7028=DIRECTION('',(0.,-1.,0.));
#7029=DIRECTION('center_axis',(0.,-1.,0.));
#7030=DIRECTION('ref_axis',(0.707106781186551,0.,0.707106781186544));
#7031=DIRECTION('',(0.,1.,0.));
#7032=DIRECTION('center_axis',(1.,0.,0.));
#7033=DIRECTION('ref_axis',(0.,0.,1.));
#7034=DIRECTION('',(0.,0.,-1.));
#7035=DIRECTION('',(0.,0.,1.));
#7036=DIRECTION('center_axis',(0.,-1.,0.));
#7037=DIRECTION('ref_axis',(0.707106781186551,0.,0.707106781186544));
#7038=DIRECTION('center_axis',(0.,1.,0.));
#7039=DIRECTION('ref_axis',(0.707106781186551,0.,0.707106781186544));
#7040=DIRECTION('',(0.,-1.,0.));
#7041=DIRECTION('center_axis',(0.,-1.,0.));
#7042=DIRECTION('ref_axis',(0.707106781186551,0.,0.707106781186544));
#7043=DIRECTION('',(0.,1.,0.));
#7044=DIRECTION('center_axis',(1.,0.,0.));
#7045=DIRECTION('ref_axis',(0.,0.,1.));
#7046=DIRECTION('',(0.,0.,-1.));
#7047=DIRECTION('',(0.,0.,1.));
#7048=DIRECTION('center_axis',(0.,-1.,0.));
#7049=DIRECTION('ref_axis',(0.707106781186544,0.,0.707106781186551));
#7050=DIRECTION('center_axis',(0.,1.,0.));
#7051=DIRECTION('ref_axis',(0.707106781186544,0.,0.707106781186551));
#7052=DIRECTION('',(0.,-1.,0.));
#7053=DIRECTION('center_axis',(0.,-1.,0.));
#7054=DIRECTION('ref_axis',(0.707106781186544,0.,0.707106781186551));
#7055=DIRECTION('',(0.,1.,0.));
#7056=DIRECTION('center_axis',(1.,0.,0.));
#7057=DIRECTION('ref_axis',(0.,0.,1.));
#7058=DIRECTION('',(0.,0.,-1.));
#7059=DIRECTION('',(0.,0.,1.));
#7060=DIRECTION('center_axis',(0.,-1.,0.));
#7061=DIRECTION('ref_axis',(0.707106781186541,0.,0.707106781186554));
#7062=DIRECTION('center_axis',(0.,1.,0.));
#7063=DIRECTION('ref_axis',(0.707106781186541,0.,0.707106781186554));
#7064=DIRECTION('',(0.,-1.,0.));
#7065=DIRECTION('center_axis',(0.,-1.,0.));
#7066=DIRECTION('ref_axis',(0.707106781186541,0.,0.707106781186554));
#7067=DIRECTION('',(0.,1.,0.));
#7068=DIRECTION('center_axis',(1.,0.,0.));
#7069=DIRECTION('ref_axis',(0.,0.,1.));
#7070=DIRECTION('',(0.,0.,-1.));
#7071=DIRECTION('',(0.,0.,1.));
#7072=DIRECTION('center_axis',(0.,-1.,0.));
#7073=DIRECTION('ref_axis',(0.707106781186548,0.,0.707106781186548));
#7074=DIRECTION('center_axis',(0.,1.,0.));
#7075=DIRECTION('ref_axis',(0.707106781186548,0.,0.707106781186548));
#7076=DIRECTION('',(0.,-1.,0.));
#7077=DIRECTION('center_axis',(0.,-1.,0.));
#7078=DIRECTION('ref_axis',(0.707106781186548,0.,0.707106781186548));
#7079=DIRECTION('',(0.,1.,0.));
#7080=DIRECTION('center_axis',(1.,0.,0.));
#7081=DIRECTION('ref_axis',(0.,0.,1.));
#7082=DIRECTION('',(0.,0.,-1.));
#7083=DIRECTION('',(0.,0.,1.));
#7084=DIRECTION('center_axis',(0.,-1.,0.));
#7085=DIRECTION('ref_axis',(0.707106781186548,0.,0.707106781186548));
#7086=DIRECTION('center_axis',(0.,1.,0.));
#7087=DIRECTION('ref_axis',(0.707106781186548,0.,0.707106781186548));
#7088=DIRECTION('',(0.,-1.,0.));
#7089=DIRECTION('center_axis',(0.,-1.,0.));
#7090=DIRECTION('ref_axis',(0.707106781186548,0.,0.707106781186548));
#7091=DIRECTION('',(0.,1.,0.));
#7092=DIRECTION('center_axis',(1.,0.,0.));
#7093=DIRECTION('ref_axis',(0.,0.,1.));
#7094=DIRECTION('',(0.,0.,-1.));
#7095=DIRECTION('',(0.,0.,1.));
#7096=DIRECTION('center_axis',(0.,-1.,0.));
#7097=DIRECTION('ref_axis',(0.707106781186548,0.,0.707106781186548));
#7098=DIRECTION('center_axis',(0.,1.,0.));
#7099=DIRECTION('ref_axis',(0.707106781186548,0.,0.707106781186548));
#7100=DIRECTION('',(0.,-1.,0.));
#7101=DIRECTION('center_axis',(0.,-1.,0.));
#7102=DIRECTION('ref_axis',(0.707106781186548,0.,0.707106781186548));
#7103=DIRECTION('',(0.,1.,0.));
#7104=DIRECTION('center_axis',(1.,0.,0.));
#7105=DIRECTION('ref_axis',(0.,0.,1.));
#7106=DIRECTION('',(0.,0.,-1.));
#7107=DIRECTION('',(0.,0.,1.));
#7108=DIRECTION('center_axis',(0.,-1.,0.));
#7109=DIRECTION('ref_axis',(0.707106781186548,0.,0.707106781186548));
#7110=DIRECTION('center_axis',(0.,1.,0.));
#7111=DIRECTION('ref_axis',(0.707106781186548,0.,0.707106781186548));
#7112=DIRECTION('',(0.,-1.,0.));
#7113=DIRECTION('center_axis',(0.,-1.,0.));
#7114=DIRECTION('ref_axis',(0.707106781186548,0.,0.707106781186548));
#7115=DIRECTION('',(0.,1.,0.));
#7116=DIRECTION('center_axis',(1.,0.,0.));
#7117=DIRECTION('ref_axis',(0.,0.,1.));
#7118=DIRECTION('',(0.,0.,-1.));
#7119=DIRECTION('',(0.,0.,1.));
#7120=DIRECTION('center_axis',(0.,-1.,0.));
#7121=DIRECTION('ref_axis',(0.707106781186541,0.,0.707106781186554));
#7122=DIRECTION('center_axis',(0.,1.,0.));
#7123=DIRECTION('ref_axis',(0.707106781186541,0.,0.707106781186554));
#7124=DIRECTION('',(0.,-1.,0.));
#7125=DIRECTION('center_axis',(0.,-1.,0.));
#7126=DIRECTION('ref_axis',(0.707106781186541,0.,0.707106781186554));
#7127=DIRECTION('',(0.,1.,0.));
#7128=DIRECTION('center_axis',(1.,0.,0.));
#7129=DIRECTION('ref_axis',(0.,0.,1.));
#7130=DIRECTION('',(0.,0.,-1.));
#7131=DIRECTION('',(0.,0.,1.));
#7132=DIRECTION('center_axis',(0.,-1.,0.));
#7133=DIRECTION('ref_axis',(-0.707106781186548,0.,0.707106781186548));
#7134=DIRECTION('center_axis',(0.,1.,0.));
#7135=DIRECTION('ref_axis',(-0.707106781186548,0.,0.707106781186548));
#7136=DIRECTION('',(0.,-1.,0.));
#7137=DIRECTION('center_axis',(0.,-1.,0.));
#7138=DIRECTION('ref_axis',(-0.707106781186548,0.,0.707106781186548));
#7139=DIRECTION('center_axis',(0.,0.,1.));
#7140=DIRECTION('ref_axis',(-1.,0.,0.));
#7141=DIRECTION('',(1.,0.,0.));
#7142=DIRECTION('',(-1.,0.,0.));
#7143=DIRECTION('center_axis',(0.,-1.,0.));
#7144=DIRECTION('ref_axis',(-0.707106781186548,0.,0.707106781186548));
#7145=DIRECTION('center_axis',(0.,1.,0.));
#7146=DIRECTION('ref_axis',(-0.707106781186548,0.,0.707106781186548));
#7147=DIRECTION('',(0.,-1.,0.));
#7148=DIRECTION('center_axis',(0.,-1.,0.));
#7149=DIRECTION('ref_axis',(-0.707106781186548,0.,0.707106781186548));
#7150=DIRECTION('center_axis',(0.,0.,1.));
#7151=DIRECTION('ref_axis',(-1.,0.,0.));
#7152=DIRECTION('',(1.,0.,0.));
#7153=DIRECTION('',(-1.,0.,0.));
#7154=DIRECTION('center_axis',(0.,-1.,0.));
#7155=DIRECTION('ref_axis',(-0.707106781186541,0.,0.707106781186554));
#7156=DIRECTION('center_axis',(0.,1.,0.));
#7157=DIRECTION('ref_axis',(-0.707106781186541,0.,0.707106781186554));
#7158=DIRECTION('',(0.,-1.,0.));
#7159=DIRECTION('center_axis',(0.,-1.,0.));
#7160=DIRECTION('ref_axis',(-0.707106781186541,0.,0.707106781186554));
#7161=DIRECTION('center_axis',(0.,0.,1.));
#7162=DIRECTION('ref_axis',(-1.,0.,0.));
#7163=DIRECTION('',(1.,0.,0.));
#7164=DIRECTION('',(-1.,0.,0.));
#7165=DIRECTION('center_axis',(0.,-1.,0.));
#7166=DIRECTION('ref_axis',(-0.707106781186548,0.,0.707106781186548));
#7167=DIRECTION('center_axis',(0.,1.,0.));
#7168=DIRECTION('ref_axis',(-0.707106781186548,0.,0.707106781186548));
#7169=DIRECTION('',(0.,-1.,0.));
#7170=DIRECTION('center_axis',(0.,-1.,0.));
#7171=DIRECTION('ref_axis',(-0.707106781186548,0.,0.707106781186548));
#7172=DIRECTION('center_axis',(0.,0.,1.));
#7173=DIRECTION('ref_axis',(-1.,0.,0.));
#7174=DIRECTION('',(1.,0.,0.));
#7175=DIRECTION('',(-1.,0.,0.));
#7176=DIRECTION('center_axis',(0.,-1.,0.));
#7177=DIRECTION('ref_axis',(-0.707106781186548,0.,0.707106781186548));
#7178=DIRECTION('center_axis',(0.,1.,0.));
#7179=DIRECTION('ref_axis',(-0.707106781186548,0.,0.707106781186548));
#7180=DIRECTION('',(0.,-1.,0.));
#7181=DIRECTION('center_axis',(0.,-1.,0.));
#7182=DIRECTION('ref_axis',(-0.707106781186548,0.,0.707106781186548));
#7183=DIRECTION('center_axis',(0.,0.,1.));
#7184=DIRECTION('ref_axis',(-1.,0.,0.));
#7185=DIRECTION('',(1.,0.,0.));
#7186=DIRECTION('',(-1.,0.,0.));
#7187=DIRECTION('center_axis',(0.,-1.,0.));
#7188=DIRECTION('ref_axis',(-0.707106781186541,0.,0.707106781186554));
#7189=DIRECTION('center_axis',(0.,1.,0.));
#7190=DIRECTION('ref_axis',(-0.707106781186541,0.,0.707106781186554));
#7191=DIRECTION('',(0.,-1.,0.));
#7192=DIRECTION('center_axis',(0.,-1.,0.));
#7193=DIRECTION('ref_axis',(-0.707106781186541,0.,0.707106781186554));
#7194=DIRECTION('center_axis',(0.,0.,1.));
#7195=DIRECTION('ref_axis',(-1.,0.,0.));
#7196=DIRECTION('',(1.,0.,0.));
#7197=DIRECTION('',(-1.,0.,0.));
#7198=DIRECTION('center_axis',(0.,-1.,0.));
#7199=DIRECTION('ref_axis',(-0.707106781186541,0.,0.707106781186554));
#7200=DIRECTION('center_axis',(0.,1.,0.));
#7201=DIRECTION('ref_axis',(-0.707106781186541,0.,0.707106781186554));
#7202=DIRECTION('',(0.,-1.,0.));
#7203=DIRECTION('center_axis',(0.,-1.,0.));
#7204=DIRECTION('ref_axis',(-0.707106781186541,0.,0.707106781186554));
#7205=DIRECTION('center_axis',(0.,0.,1.));
#7206=DIRECTION('ref_axis',(-1.,0.,0.));
#7207=DIRECTION('',(1.,0.,0.));
#7208=DIRECTION('',(-1.,0.,0.));
#7209=DIRECTION('center_axis',(0.,-1.,0.));
#7210=DIRECTION('ref_axis',(-0.707106781186548,0.,0.707106781186548));
#7211=DIRECTION('center_axis',(0.,1.,0.));
#7212=DIRECTION('ref_axis',(-0.707106781186548,0.,0.707106781186548));
#7213=DIRECTION('',(0.,-1.,0.));
#7214=DIRECTION('center_axis',(0.,-1.,0.));
#7215=DIRECTION('ref_axis',(-0.707106781186548,0.,0.707106781186548));
#7216=DIRECTION('center_axis',(0.,0.,1.));
#7217=DIRECTION('ref_axis',(-1.,0.,0.));
#7218=DIRECTION('',(1.,0.,0.));
#7219=DIRECTION('',(-1.,0.,0.));
#7220=DIRECTION('center_axis',(0.,-1.,0.));
#7221=DIRECTION('ref_axis',(-0.707106781186548,0.,0.707106781186548));
#7222=DIRECTION('center_axis',(0.,1.,0.));
#7223=DIRECTION('ref_axis',(-0.707106781186548,0.,0.707106781186548));
#7224=DIRECTION('',(0.,-1.,0.));
#7225=DIRECTION('center_axis',(0.,-1.,0.));
#7226=DIRECTION('ref_axis',(-0.707106781186548,0.,0.707106781186548));
#7227=DIRECTION('center_axis',(0.,0.,1.));
#7228=DIRECTION('ref_axis',(-1.,0.,0.));
#7229=DIRECTION('',(1.,0.,0.));
#7230=DIRECTION('',(-1.,0.,0.));
#7231=DIRECTION('center_axis',(0.,1.,0.));
#7232=DIRECTION('ref_axis',(0.707106781186548,0.,-0.707106781186548));
#7233=DIRECTION('center_axis',(0.,-1.,0.));
#7234=DIRECTION('ref_axis',(0.707106781186548,0.,-0.707106781186548));
#7235=DIRECTION('',(0.,-1.,0.));
#7236=DIRECTION('center_axis',(0.,1.,0.));
#7237=DIRECTION('ref_axis',(0.707106781186548,0.,-0.707106781186548));
#7238=DIRECTION('',(0.,1.,0.));
#7239=DIRECTION('center_axis',(0.,0.,-1.));
#7240=DIRECTION('ref_axis',(-1.,0.,0.));
#7241=DIRECTION('',(1.,0.,0.));
#7242=DIRECTION('',(0.,-1.,0.));
#7243=DIRECTION('',(-1.,0.,0.));
#7244=DIRECTION('center_axis',(0.,1.,0.));
#7245=DIRECTION('ref_axis',(1.,0.,0.));
#7246=DIRECTION('',(0.,0.,1.));
#7247=DIRECTION('center_axis',(0.,1.,0.));
#7248=DIRECTION('ref_axis',(0.707106781186548,0.,0.707106781186548));
#7249=DIRECTION('',(-1.,0.,0.));
#7250=DIRECTION('center_axis',(0.,1.,0.));
#7251=DIRECTION('ref_axis',(-0.707106781186548,0.,0.707106781186548));
#7252=DIRECTION('',(0.,0.,-1.));
#7253=DIRECTION('center_axis',(0.,1.,0.));
#7254=DIRECTION('ref_axis',(-0.707106781186548,0.,-0.707106781186548));
#7255=DIRECTION('',(0.,0.,-1.));
#7256=DIRECTION('',(-1.,0.,0.));
#7257=DIRECTION('',(0.,0.,1.));
#7258=DIRECTION('',(1.,0.,0.));
#7259=DIRECTION('center_axis',(0.,1.,0.));
#7260=DIRECTION('ref_axis',(-0.707106781186548,0.,-0.707106781186548));
#7261=DIRECTION('center_axis',(0.,-1.,0.));
#7262=DIRECTION('ref_axis',(-0.707106781186548,0.,-0.707106781186548));
#7263=DIRECTION('',(0.,1.,0.));
#7264=DIRECTION('center_axis',(-1.,0.,0.));
#7265=DIRECTION('ref_axis',(0.,0.,1.));
#7266=DIRECTION('',(0.,-1.,0.));
#7267=DIRECTION('',(0.,0.,1.));
#7268=DIRECTION('center_axis',(0.,1.,0.));
#7269=DIRECTION('ref_axis',(-0.707106781186548,0.,0.707106781186548));
#7270=DIRECTION('center_axis',(0.,-1.,0.));
#7271=DIRECTION('ref_axis',(-0.707106781186548,0.,0.707106781186548));
#7272=DIRECTION('',(0.,1.,0.));
#7273=DIRECTION('center_axis',(0.,0.,1.));
#7274=DIRECTION('ref_axis',(1.,0.,0.));
#7275=DIRECTION('',(0.,-1.,0.));
#7276=DIRECTION('',(1.,0.,0.));
#7277=DIRECTION('center_axis',(0.,1.,0.));
#7278=DIRECTION('ref_axis',(0.707106781186548,0.,0.707106781186548));
#7279=DIRECTION('center_axis',(0.,-1.,0.));
#7280=DIRECTION('ref_axis',(0.707106781186548,0.,0.707106781186548));
#7281=DIRECTION('',(0.,1.,0.));
#7282=DIRECTION('center_axis',(1.,0.,0.));
#7283=DIRECTION('ref_axis',(0.,0.,1.));
#7284=DIRECTION('',(0.,0.,1.));
#7285=DIRECTION('',(0.,-1.,0.));
#7286=DIRECTION('',(0.,-1.,0.));
#7287=DIRECTION('center_axis',(0.,0.,-1.));
#7288=DIRECTION('ref_axis',(1.,0.,0.));
#7289=DIRECTION('',(1.,0.,0.));
#7290=DIRECTION('',(0.,-1.,0.));
#7291=DIRECTION('center_axis',(-1.,0.,0.));
#7292=DIRECTION('ref_axis',(0.,0.,-1.));
#7293=DIRECTION('',(0.,0.,-1.));
#7294=DIRECTION('',(0.,-1.,0.));
#7295=DIRECTION('center_axis',(0.,0.,1.));
#7296=DIRECTION('ref_axis',(-1.,0.,0.));
#7297=DIRECTION('',(-1.,0.,0.));
#7298=DIRECTION('center_axis',(1.,0.,0.));
#7299=DIRECTION('ref_axis',(0.,0.,-1.));
#7300=DIRECTION('',(0.,0.,-1.));
#7301=DIRECTION('center_axis',(0.,1.,0.));
#7302=DIRECTION('ref_axis',(0.,0.,1.));
#7303=CARTESIAN_POINT('',(0.,0.,0.));
#7304=CARTESIAN_POINT('Origin',(72.9905100520884,0.,77.8017032888152));
#7305=CARTESIAN_POINT('',(72.9905100520884,1.5,79.6843779828765));
#7306=CARTESIAN_POINT('',(72.9905100520884,1.5,77.8017032888152));
#7307=CARTESIAN_POINT('',(72.9905100520884,1.5,63.4758516444076));
#7308=CARTESIAN_POINT('',(72.9905100520884,2.,79.6843779828765));
#7309=CARTESIAN_POINT('',(72.9905100520884,0.,79.6843779828765));
#7310=CARTESIAN_POINT('',(72.9905100520884,2.,77.8017032888152));
#7311=CARTESIAN_POINT('',(72.9905100520884,2.,79.6843779828765));
#7312=CARTESIAN_POINT('',(72.9905100520884,0.,77.8017032888152));
#7313=CARTESIAN_POINT('Origin',(72.9905100520884,0.,79.6843779828765));
#7314=CARTESIAN_POINT('',(77.8063352760112,1.5,85.1141185310103));
#7315=CARTESIAN_POINT('',(60.7134829118829,1.5,65.8422909107433));
#7316=CARTESIAN_POINT('',(77.8063352760112,2.,85.1141185310103));
#7317=CARTESIAN_POINT('',(77.8063352760112,0.,85.1141185310103));
#7318=CARTESIAN_POINT('',(77.8063352760112,2.,85.1141185310103));
#7319=CARTESIAN_POINT('Origin',(77.8063352760112,0.,85.1141185310103));
#7320=CARTESIAN_POINT('',(72.9905100520884,1.5,84.1113898899772));
#7321=CARTESIAN_POINT('',(61.6830308973583,1.5,81.7569993797049));
#7322=CARTESIAN_POINT('',(72.9905100520884,2.,84.1113898899772));
#7323=CARTESIAN_POINT('',(72.9905100520884,0.,84.1113898899772));
#7324=CARTESIAN_POINT('',(72.9905100520884,2.,84.1113898899772));
#7325=CARTESIAN_POINT('Origin',(72.9905100520884,0.,84.1113898899772));
#7326=CARTESIAN_POINT('',(72.9905100520884,1.5,85.4483614113547));
#7327=CARTESIAN_POINT('',(72.9905100520884,1.5,66.6306949449886));
#7328=CARTESIAN_POINT('',(72.9905100520884,2.,85.4483614113547));
#7329=CARTESIAN_POINT('',(72.9905100520884,0.,85.4483614113547));
#7330=CARTESIAN_POINT('',(72.9905100520884,2.,85.4483614113547));
#7331=CARTESIAN_POINT('Origin',(72.9905100520884,0.,85.4483614113547));
#7332=CARTESIAN_POINT('',(82.9905100520884,1.5,87.5356738265969));
#7333=CARTESIAN_POINT('',(59.1355950711416,1.5,82.5564078061692));
#7334=CARTESIAN_POINT('',(82.9905100520884,2.,87.5356738265969));
#7335=CARTESIAN_POINT('',(82.9905100520884,0.,87.5356738265969));
#7336=CARTESIAN_POINT('',(82.9905100520884,2.,87.5356738265969));
#7337=CARTESIAN_POINT('Origin',(82.9905100520884,0.,87.5356738265969));
#7338=CARTESIAN_POINT('',(82.9905100520884,1.5,86.1987025287368));
#7339=CARTESIAN_POINT('',(82.9905100520884,1.5,68.3428369132985));
#7340=CARTESIAN_POINT('',(82.9905100520884,2.,86.1987025287368));
#7341=CARTESIAN_POINT('',(82.9905100520884,0.,86.1987025287368));
#7342=CARTESIAN_POINT('',(82.9905100520884,2.,86.1987025287368));
#7343=CARTESIAN_POINT('Origin',(77.0628156122004,0.,82.4469972398498));
#7344=CARTESIAN_POINT('',(77.0628156122004,1.5,82.4469972398498));
#7345=CARTESIAN_POINT('',(63.2885482265879,1.5,66.7346397013947));
#7346=CARTESIAN_POINT('',(77.0628156122004,2.,82.4469972398498));
#7347=CARTESIAN_POINT('',(72.9905100520884,2.,77.8017032888152));
#7348=CARTESIAN_POINT('',(77.0628156122004,0.,82.4469972398498));
#7349=CARTESIAN_POINT('Origin',(82.9905100520884,0.,79.0431774404265));
#7350=CARTESIAN_POINT('',(82.9905100520884,1.5,79.0431774404265));
#7351=CARTESIAN_POINT('',(77.6604322235976,1.5,82.1038319038213));
#7352=CARTESIAN_POINT('',(82.9905100520884,2.,79.0431774404265));
#7353=CARTESIAN_POINT('',(77.0628156122004,2.,82.4469972398498));
#7354=CARTESIAN_POINT('',(82.9905100520884,0.,79.0431774404265));
#7355=CARTESIAN_POINT('Origin',(82.9905100520884,0.,80.5370385196426));
#7356=CARTESIAN_POINT('',(82.9905100520884,1.5,80.5370385196426));
#7357=CARTESIAN_POINT('',(82.9905100520884,1.5,64.8435192598213));
#7358=CARTESIAN_POINT('',(82.9905100520884,2.,80.5370385196426));
#7359=CARTESIAN_POINT('',(82.9905100520884,2.,79.0431774404265));
#7360=CARTESIAN_POINT('',(82.9905100520884,0.,80.5370385196426));
#7361=CARTESIAN_POINT('Origin',(77.9222973045146,0.,83.4224403646209));
#7362=CARTESIAN_POINT('',(77.9222973045146,1.5,83.4224403646209));
#7363=CARTESIAN_POINT('',(75.3694524026643,1.5,84.8758093837625));
#7364=CARTESIAN_POINT('',(77.9222973045146,2.,83.4224403646209));
#7365=CARTESIAN_POINT('',(82.9905100520884,2.,80.5370385196426));
#7366=CARTESIAN_POINT('',(77.9222973045146,0.,83.4224403646209));
#7367=CARTESIAN_POINT('Origin',(79.7435792144572,0.,85.5165741589286));
#7368=CARTESIAN_POINT('',(79.7435792144572,1.5,85.5165741589286));
#7369=CARTESIAN_POINT('',(64.6905580520987,1.5,68.208413269373));
#7370=CARTESIAN_POINT('',(79.7435792144572,2.,85.5165741589286));
#7371=CARTESIAN_POINT('',(77.9222973045146,2.,83.4224403646209));
#7372=CARTESIAN_POINT('',(79.7435792144572,0.,85.5165741589286));
#7373=CARTESIAN_POINT('Origin',(82.9905100520884,0.,86.1987025287368));
#7374=CARTESIAN_POINT('',(64.2554614646884,1.5,82.2627677058922));
#7375=CARTESIAN_POINT('',(79.7435792144572,2.,85.5165741589286));
#7376=CARTESIAN_POINT('Origin',(85.7940568383967,2.,54.6843772936978));
#7377=CARTESIAN_POINT('Ctrl Pts',(75.5825974401271,0.,63.7839711454131));
#7378=CARTESIAN_POINT('Ctrl Pts',(75.5825974401271,2.,63.7839711454131));
#7379=CARTESIAN_POINT('Ctrl Pts',(75.5989449418659,0.,64.159543039843));
#7380=CARTESIAN_POINT('Ctrl Pts',(75.5989449418659,2.,64.159543039843));
#7381=CARTESIAN_POINT('Ctrl Pts',(75.6292225813527,0.,64.8551496592909));
#7382=CARTESIAN_POINT('Ctrl Pts',(75.6292225813527,2.,64.8551496592909));
#7383=CARTESIAN_POINT('Ctrl Pts',(76.0177561996253,0.,65.4296239292901));
#7384=CARTESIAN_POINT('Ctrl Pts',(76.0177561996253,2.,65.4296239292901));
#7385=CARTESIAN_POINT('Ctrl Pts',(76.1965127643382,0.,65.693928077481));
#7386=CARTESIAN_POINT('Ctrl Pts',(76.1965127643382,2.,65.693928077481));
#7387=CARTESIAN_POINT('',(76.1965127643382,1.5,65.693928077481));
#7388=CARTESIAN_POINT('',(75.5825974401271,1.5,63.7839711454131));
#7389=CARTESIAN_POINT('Ctrl Pts',(76.1965127643382,1.5,65.693928077481));
#7390=CARTESIAN_POINT('Ctrl Pts',(76.0177561996253,1.5,65.4296239292901));
#7391=CARTESIAN_POINT('Ctrl Pts',(75.8389996349123,1.5,65.1653197810993));
#7392=CARTESIAN_POINT('Ctrl Pts',(75.7360764201915,1.5,64.8753751065948));
#7393=CARTESIAN_POINT('Ctrl Pts',(75.6152924436046,1.5,64.535114934273));
#7394=CARTESIAN_POINT('Ctrl Pts',(75.5989449418659,1.5,64.159543039843));
#7395=CARTESIAN_POINT('Ctrl Pts',(75.5825974401271,1.5,63.7839711454131));
#7396=CARTESIAN_POINT('',(76.1965127643382,2.,65.693928077481));
#7397=CARTESIAN_POINT('',(76.1965127643382,0.,65.693928077481));
#7398=CARTESIAN_POINT('',(75.5825974401271,2.,63.7839711454131));
#7399=CARTESIAN_POINT('Ctrl Pts',(75.5825974401271,2.,63.7839711454131));
#7400=CARTESIAN_POINT('Ctrl Pts',(75.5989449418659,2.,64.159543039843));
#7401=CARTESIAN_POINT('Ctrl Pts',(75.6292225813527,2.,64.8551496592909));
#7402=CARTESIAN_POINT('Ctrl Pts',(76.0177561996253,2.,65.4296239292901));
#7403=CARTESIAN_POINT('Ctrl Pts',(76.1965127643382,2.,65.693928077481));
#7404=CARTESIAN_POINT('',(75.5825974401271,0.,63.7839711454131));
#7405=CARTESIAN_POINT('Ctrl Pts',(76.1965127643382,0.,65.693928077481));
#7406=CARTESIAN_POINT('Ctrl Pts',(76.1965127643382,2.,65.693928077481));
#7407=CARTESIAN_POINT('Ctrl Pts',(76.408609392945,0.,65.892862959425));
#7408=CARTESIAN_POINT('Ctrl Pts',(76.408609392945,2.,65.892862959425));
#7409=CARTESIAN_POINT('Ctrl Pts',(76.8250144436332,0.,66.2834278172621));
#7410=CARTESIAN_POINT('Ctrl Pts',(76.8250144436332,2.,66.2834278172621));
#7411=CARTESIAN_POINT('Ctrl Pts',(77.3918116877075,0.,66.3455686464298));
#7412=CARTESIAN_POINT('Ctrl Pts',(77.3918116877075,2.,66.3455686464298));
#7413=CARTESIAN_POINT('Ctrl Pts',(77.6699097808635,0.,66.3760579374053));
#7414=CARTESIAN_POINT('Ctrl Pts',(77.6699097808635,2.,66.3760579374053));
#7415=CARTESIAN_POINT('',(77.6699097808635,1.5,66.3760579374053));
#7416=CARTESIAN_POINT('Ctrl Pts',(77.6699097808635,1.5,66.3760579374053));
#7417=CARTESIAN_POINT('Ctrl Pts',(77.3918116877075,1.5,66.3455686464298));
#7418=CARTESIAN_POINT('Ctrl Pts',(77.1137135945515,1.5,66.3150793554543));
#7419=CARTESIAN_POINT('Ctrl Pts',(76.8718202766215,1.5,66.2055266645171));
#7420=CARTESIAN_POINT('Ctrl Pts',(76.6207060215518,1.5,66.0917978413689));
#7421=CARTESIAN_POINT('Ctrl Pts',(76.408609392945,1.5,65.892862959425));
#7422=CARTESIAN_POINT('Ctrl Pts',(76.1965127643382,1.5,65.693928077481));
#7423=CARTESIAN_POINT('',(77.6699097808635,2.,66.3760579374053));
#7424=CARTESIAN_POINT('',(77.6699097808635,0.,66.3760579374053));
#7425=CARTESIAN_POINT('Ctrl Pts',(76.1965127643382,2.,65.693928077481));
#7426=CARTESIAN_POINT('Ctrl Pts',(76.408609392945,2.,65.892862959425));
#7427=CARTESIAN_POINT('Ctrl Pts',(76.8250144436332,2.,66.2834278172621));
#7428=CARTESIAN_POINT('Ctrl Pts',(77.3918116877075,2.,66.3455686464298));
#7429=CARTESIAN_POINT('Ctrl Pts',(77.6699097808635,2.,66.3760579374053));
#7430=CARTESIAN_POINT('Ctrl Pts',(77.6699097808635,0.,66.3760579374053));
#7431=CARTESIAN_POINT('Ctrl Pts',(77.6699097808635,2.,66.3760579374053));
#7432=CARTESIAN_POINT('Ctrl Pts',(77.8271478703359,0.,66.3674684280199));
#7433=CARTESIAN_POINT('Ctrl Pts',(77.8271478703359,2.,66.3674684280199));
#7434=CARTESIAN_POINT('Ctrl Pts',(78.1334497179723,0.,66.3507359517868));
#7435=CARTESIAN_POINT('Ctrl Pts',(78.1334497179723,2.,66.3507359517868));
#7436=CARTESIAN_POINT('Ctrl Pts',(78.4066624692477,0.,66.2117649900241));
#7437=CARTESIAN_POINT('Ctrl Pts',(78.4066624692477,2.,66.2117649900241));
#7438=CARTESIAN_POINT('Ctrl Pts',(78.5396232064998,0.,66.1441338803985));
#7439=CARTESIAN_POINT('Ctrl Pts',(78.5396232064998,2.,66.1441338803985));
#7440=CARTESIAN_POINT('',(78.5396232064998,1.5,66.1441338803985));
#7441=CARTESIAN_POINT('Ctrl Pts',(78.5396232064998,1.5,66.1441338803985));
#7442=CARTESIAN_POINT('Ctrl Pts',(78.4066624692477,1.5,66.2117649900241));
#7443=CARTESIAN_POINT('Ctrl Pts',(78.2737017319956,1.5,66.2793960996497));
#7444=CARTESIAN_POINT('Ctrl Pts',(78.132904356364,1.5,66.3180769231536));
#7445=CARTESIAN_POINT('Ctrl Pts',(77.9843859598084,1.5,66.3588789186345));
#7446=CARTESIAN_POINT('Ctrl Pts',(77.8271478703359,1.5,66.3674684280199));
#7447=CARTESIAN_POINT('Ctrl Pts',(77.6699097808635,1.5,66.3760579374053));
#7448=CARTESIAN_POINT('',(78.5396232064998,2.,66.1441338803985));
#7449=CARTESIAN_POINT('',(78.5396232064998,0.,66.1441338803985));
#7450=CARTESIAN_POINT('Ctrl Pts',(77.6699097808635,2.,66.3760579374053));
#7451=CARTESIAN_POINT('Ctrl Pts',(77.8271478703359,2.,66.3674684280199));
#7452=CARTESIAN_POINT('Ctrl Pts',(78.1334497179723,2.,66.3507359517868));
#7453=CARTESIAN_POINT('Ctrl Pts',(78.4066624692477,2.,66.2117649900241));
#7454=CARTESIAN_POINT('Ctrl Pts',(78.5396232064998,2.,66.1441338803985));
#7455=CARTESIAN_POINT('Ctrl Pts',(78.5396232064998,0.,66.1441338803985));
#7456=CARTESIAN_POINT('Ctrl Pts',(78.5396232064998,2.,66.1441338803985));
#7457=CARTESIAN_POINT('Ctrl Pts',(78.6637418168696,0.,66.0540288962989));
#7458=CARTESIAN_POINT('Ctrl Pts',(78.6637418168696,2.,66.0540288962989));
#7459=CARTESIAN_POINT('Ctrl Pts',(78.9247290092377,0.,65.8645629753668));
#7460=CARTESIAN_POINT('Ctrl Pts',(78.9247290092377,2.,65.8645629753668));
#7461=CARTESIAN_POINT('Ctrl Pts',(79.1039099909885,0.,65.5960175619856));
#7462=CARTESIAN_POINT('Ctrl Pts',(79.1039099909885,2.,65.5960175619856));
#7463=CARTESIAN_POINT('Ctrl Pts',(79.1978772338664,0.,65.4551852491118));
#7464=CARTESIAN_POINT('Ctrl Pts',(79.1978772338664,2.,65.4551852491118));
#7465=CARTESIAN_POINT('',(79.1978772338664,1.5,65.4551852491118));
#7466=CARTESIAN_POINT('Ctrl Pts',(79.1978772338664,1.5,65.4551852491118));
#7467=CARTESIAN_POINT('Ctrl Pts',(79.1039099909885,1.5,65.5960175619856));
#7468=CARTESIAN_POINT('Ctrl Pts',(79.0099427481105,1.5,65.7368498748594));
#7469=CARTESIAN_POINT('Ctrl Pts',(78.8934769090449,1.5,65.8559335019805));
#7470=CARTESIAN_POINT('Ctrl Pts',(78.7878604272394,1.5,65.9639239121993));
#7471=CARTESIAN_POINT('Ctrl Pts',(78.6637418168696,1.5,66.0540288962989));
#7472=CARTESIAN_POINT('Ctrl Pts',(78.5396232064998,1.5,66.1441338803985));
#7473=CARTESIAN_POINT('',(79.1978772338664,2.,65.4551852491118));
#7474=CARTESIAN_POINT('',(79.1978772338664,0.,65.4551852491118));
#7475=CARTESIAN_POINT('Ctrl Pts',(78.5396232064998,2.,66.1441338803985));
#7476=CARTESIAN_POINT('Ctrl Pts',(78.6637418168696,2.,66.0540288962989));
#7477=CARTESIAN_POINT('Ctrl Pts',(78.9247290092377,2.,65.8645629753668));
#7478=CARTESIAN_POINT('Ctrl Pts',(79.1039099909885,2.,65.5960175619856));
#7479=CARTESIAN_POINT('Ctrl Pts',(79.1978772338664,2.,65.4551852491118));
#7480=CARTESIAN_POINT('Ctrl Pts',(79.1978772338664,0.,65.4551852491118));
#7481=CARTESIAN_POINT('Ctrl Pts',(79.1978772338664,2.,65.4551852491118));
#7482=CARTESIAN_POINT('Ctrl Pts',(79.2771095737031,0.,65.3061904100943));
#7483=CARTESIAN_POINT('Ctrl Pts',(79.2771095737031,2.,65.3061904100943));
#7484=CARTESIAN_POINT('Ctrl Pts',(79.4938534087477,0.,64.89860793964));
#7485=CARTESIAN_POINT('Ctrl Pts',(79.4938534087477,2.,64.89860793964));
#7486=CARTESIAN_POINT('Ctrl Pts',(79.6737707281469,0.,64.4733070935919));
#7487=CARTESIAN_POINT('Ctrl Pts',(79.6737707281469,2.,64.4733070935919));
#7488=CARTESIAN_POINT('Ctrl Pts',(79.7879179176127,0.,64.2034781720855));
#7489=CARTESIAN_POINT('Ctrl Pts',(79.7879179176127,2.,64.2034781720855));
#7490=CARTESIAN_POINT('',(79.7879179176127,1.5,64.2034781720855));
#7491=CARTESIAN_POINT('Ctrl Pts',(79.7879179176127,1.5,64.2034781720855));
#7492=CARTESIAN_POINT('Ctrl Pts',(79.6737707281469,1.5,64.4733070935919));
#7493=CARTESIAN_POINT('Ctrl Pts',(79.5596235386811,1.5,64.7431360150983));
#7494=CARTESIAN_POINT('Ctrl Pts',(79.4306530412471,1.5,65.0058329847076));
#7495=CARTESIAN_POINT('Ctrl Pts',(79.3563419135398,1.5,65.1571955710767));
#7496=CARTESIAN_POINT('Ctrl Pts',(79.2771095737031,1.5,65.3061904100943));
#7497=CARTESIAN_POINT('Ctrl Pts',(79.1978772338664,1.5,65.4551852491118));
#7498=CARTESIAN_POINT('',(79.7879179176127,2.,64.2034781720855));
#7499=CARTESIAN_POINT('',(79.7879179176127,0.,64.2034781720855));
#7500=CARTESIAN_POINT('Ctrl Pts',(79.1978772338664,2.,65.4551852491118));
#7501=CARTESIAN_POINT('Ctrl Pts',(79.2771095737031,2.,65.3061904100943));
#7502=CARTESIAN_POINT('Ctrl Pts',(79.4938534087477,2.,64.89860793964));
#7503=CARTESIAN_POINT('Ctrl Pts',(79.6737707281469,2.,64.4733070935919));
#7504=CARTESIAN_POINT('Ctrl Pts',(79.7879179176127,2.,64.2034781720855));
#7505=CARTESIAN_POINT('Ctrl Pts',(79.7879179176127,0.,64.2034781720855));
#7506=CARTESIAN_POINT('Ctrl Pts',(79.7879179176127,2.,64.2034781720855));
#7507=CARTESIAN_POINT('Ctrl Pts',(79.9022461353108,0.,63.9290261004872));
#7508=CARTESIAN_POINT('Ctrl Pts',(79.9022461353108,2.,63.9290261004872));
#7509=CARTESIAN_POINT('Ctrl Pts',(80.0861447886769,0.,63.4875658258788));
#7510=CARTESIAN_POINT('Ctrl Pts',(80.0861447886769,2.,63.4875658258788));
#7511=CARTESIAN_POINT('Ctrl Pts',(80.3819971482486,0.,63.1136808388303));
#7512=CARTESIAN_POINT('Ctrl Pts',(80.3819971482486,2.,63.1136808388303));
#7513=CARTESIAN_POINT('Ctrl Pts',(80.4939206298625,0.,62.9722369458892));
#7514=CARTESIAN_POINT('Ctrl Pts',(80.4939206298625,2.,62.9722369458892));
#7515=CARTESIAN_POINT('',(80.4939206298625,1.5,62.9722369458892));
#7516=CARTESIAN_POINT('Ctrl Pts',(80.4939206298625,1.5,62.9722369458892));
#7517=CARTESIAN_POINT('Ctrl Pts',(80.3819971482486,1.5,63.1136808388303));
#7518=CARTESIAN_POINT('Ctrl Pts',(80.2700736666348,1.5,63.2551247317713));
#7519=CARTESIAN_POINT('Ctrl Pts',(80.1741727050578,1.5,63.4062398221709));
#7520=CARTESIAN_POINT('Ctrl Pts',(80.0165743530088,1.5,63.654574028889));
#7521=CARTESIAN_POINT('Ctrl Pts',(79.9022461353108,1.5,63.9290261004872));
#7522=CARTESIAN_POINT('Ctrl Pts',(79.7879179176127,1.5,64.2034781720855));
#7523=CARTESIAN_POINT('',(80.4939206298625,2.,62.9722369458892));
#7524=CARTESIAN_POINT('',(80.4939206298625,0.,62.9722369458892));
#7525=CARTESIAN_POINT('Ctrl Pts',(79.7879179176127,2.,64.2034781720855));
#7526=CARTESIAN_POINT('Ctrl Pts',(79.9022461353108,2.,63.9290261004872));
#7527=CARTESIAN_POINT('Ctrl Pts',(80.0861447886769,2.,63.4875658258788));
#7528=CARTESIAN_POINT('Ctrl Pts',(80.3819971482486,2.,63.1136808388303));
#7529=CARTESIAN_POINT('Ctrl Pts',(80.4939206298625,2.,62.9722369458892));
#7530=CARTESIAN_POINT('Ctrl Pts',(80.4939206298625,0.,62.9722369458892));
#7531=CARTESIAN_POINT('Ctrl Pts',(80.4939206298625,2.,62.9722369458892));
#7532=CARTESIAN_POINT('Ctrl Pts',(80.588236415522,0.,62.9006567486732));
#7533=CARTESIAN_POINT('Ctrl Pts',(80.588236415522,2.,62.9006567486732));
#7534=CARTESIAN_POINT('Ctrl Pts',(80.7688048460875,0.,62.7636158092325));
#7535=CARTESIAN_POINT('Ctrl Pts',(80.7688048460875,2.,62.7636158092325));
#7536=CARTESIAN_POINT('Ctrl Pts',(80.9936249329234,0.,62.738613502172));
#7537=CARTESIAN_POINT('Ctrl Pts',(80.9936249329234,2.,62.738613502172));
#7538=CARTESIAN_POINT('Ctrl Pts',(81.101015394572,0.,62.7266705777862));
#7539=CARTESIAN_POINT('Ctrl Pts',(81.101015394572,2.,62.7266705777862));
#7540=CARTESIAN_POINT('',(81.101015394572,1.5,62.7266705777862));
#7541=CARTESIAN_POINT('Ctrl Pts',(81.101015394572,1.5,62.7266705777862));
#7542=CARTESIAN_POINT('Ctrl Pts',(80.9936249329234,1.5,62.738613502172));
#7543=CARTESIAN_POINT('Ctrl Pts',(80.8862344712748,1.5,62.7505564265579));
#7544=CARTESIAN_POINT('Ctrl Pts',(80.7889409717357,1.5,62.7880633619048));
#7545=CARTESIAN_POINT('Ctrl Pts',(80.6825522011815,1.5,62.8290765514572));
#7546=CARTESIAN_POINT('Ctrl Pts',(80.588236415522,1.5,62.9006567486732));
#7547=CARTESIAN_POINT('Ctrl Pts',(80.4939206298625,1.5,62.9722369458892));
#7548=CARTESIAN_POINT('',(81.101015394572,2.,62.7266705777862));
#7549=CARTESIAN_POINT('',(81.101015394572,0.,62.7266705777862));
#7550=CARTESIAN_POINT('Ctrl Pts',(80.4939206298625,2.,62.9722369458892));
#7551=CARTESIAN_POINT('Ctrl Pts',(80.588236415522,2.,62.9006567486732));
#7552=CARTESIAN_POINT('Ctrl Pts',(80.7688048460875,2.,62.7636158092325));
#7553=CARTESIAN_POINT('Ctrl Pts',(80.9936249329234,2.,62.738613502172));
#7554=CARTESIAN_POINT('Ctrl Pts',(81.101015394572,2.,62.7266705777862));
#7555=CARTESIAN_POINT('Ctrl Pts',(81.101015394572,0.,62.7266705777862));
#7556=CARTESIAN_POINT('Ctrl Pts',(81.101015394572,2.,62.7266705777862));
#7557=CARTESIAN_POINT('Ctrl Pts',(81.2463592929767,0.,62.7468042209106));
#7558=CARTESIAN_POINT('Ctrl Pts',(81.2463592929767,2.,62.7468042209106));
#7559=CARTESIAN_POINT('Ctrl Pts',(81.5518716748522,0.,62.7891250705252));
#7560=CARTESIAN_POINT('Ctrl Pts',(81.5518716748522,2.,62.7891250705252));
#7561=CARTESIAN_POINT('Ctrl Pts',(81.7617756384424,0.,63.0166594636316));
#7562=CARTESIAN_POINT('Ctrl Pts',(81.7617756384424,2.,63.0166594636316));
#7563=CARTESIAN_POINT('Ctrl Pts',(81.8718202766215,0.,63.1359470632293));
#7564=CARTESIAN_POINT('Ctrl Pts',(81.8718202766215,2.,63.1359470632293));
#7565=CARTESIAN_POINT('',(81.8718202766215,1.5,63.1359470632293));
#7566=CARTESIAN_POINT('Ctrl Pts',(81.8718202766215,1.5,63.1359470632293));
#7567=CARTESIAN_POINT('Ctrl Pts',(81.7617756384424,1.5,63.0166594636316));
#7568=CARTESIAN_POINT('Ctrl Pts',(81.6517310002632,1.5,62.8973718640339));
#7569=CARTESIAN_POINT('Ctrl Pts',(81.5154083427226,1.5,62.8289902951934));
#7570=CARTESIAN_POINT('Ctrl Pts',(81.3917031913814,1.5,62.766937864035));
#7571=CARTESIAN_POINT('Ctrl Pts',(81.2463592929767,1.5,62.7468042209106));
#7572=CARTESIAN_POINT('Ctrl Pts',(81.101015394572,1.5,62.7266705777862));
#7573=CARTESIAN_POINT('',(81.8718202766215,2.,63.1359470632293));
#7574=CARTESIAN_POINT('',(81.8718202766215,0.,63.1359470632293));
#7575=CARTESIAN_POINT('Ctrl Pts',(81.101015394572,2.,62.7266705777862));
#7576=CARTESIAN_POINT('Ctrl Pts',(81.2463592929767,2.,62.7468042209106));
#7577=CARTESIAN_POINT('Ctrl Pts',(81.5518716748522,2.,62.7891250705252));
#7578=CARTESIAN_POINT('Ctrl Pts',(81.7617756384424,2.,63.0166594636316));
#7579=CARTESIAN_POINT('Ctrl Pts',(81.8718202766215,2.,63.1359470632293));
#7580=CARTESIAN_POINT('Ctrl Pts',(81.8718202766215,0.,63.1359470632293));
#7581=CARTESIAN_POINT('Ctrl Pts',(81.8718202766215,2.,63.1359470632293));
#7582=CARTESIAN_POINT('Ctrl Pts',(81.9669726060837,0.,63.3026461139184));
#7583=CARTESIAN_POINT('Ctrl Pts',(81.9669726060837,2.,63.3026461139184));
#7584=CARTESIAN_POINT('Ctrl Pts',(82.1830016454368,0.,63.6811112128283));
#7585=CARTESIAN_POINT('Ctrl Pts',(82.1830016454368,2.,63.6811112128283));
#7586=CARTESIAN_POINT('Ctrl Pts',(82.193415015133,0.,64.1188480154711));
#7587=CARTESIAN_POINT('Ctrl Pts',(82.193415015133,2.,64.1188480154711));
#7588=CARTESIAN_POINT('Ctrl Pts',(82.1992417033946,0.,64.3637789037444));
#7589=CARTESIAN_POINT('Ctrl Pts',(82.1992417033946,2.,64.3637789037444));
#7590=CARTESIAN_POINT('',(82.1992417033946,1.5,64.3637789037444));
#7591=CARTESIAN_POINT('Ctrl Pts',(82.1992417033946,1.5,64.3637789037444));
#7592=CARTESIAN_POINT('Ctrl Pts',(82.193415015133,1.5,64.1188480154711));
#7593=CARTESIAN_POINT('Ctrl Pts',(82.1875883268715,1.5,63.8739171271977));
#7594=CARTESIAN_POINT('Ctrl Pts',(82.1173866447245,1.5,63.6475432660796));
#7595=CARTESIAN_POINT('Ctrl Pts',(82.062124935546,1.5,63.4693451646075));
#7596=CARTESIAN_POINT('Ctrl Pts',(81.9669726060837,1.5,63.3026461139184));
#7597=CARTESIAN_POINT('Ctrl Pts',(81.8718202766215,1.5,63.1359470632293));
#7598=CARTESIAN_POINT('',(82.1992417033946,2.,64.3637789037444));
#7599=CARTESIAN_POINT('',(82.1992417033946,0.,64.3637789037444));
#7600=CARTESIAN_POINT('Ctrl Pts',(81.8718202766215,2.,63.1359470632293));
#7601=CARTESIAN_POINT('Ctrl Pts',(81.9669726060837,2.,63.3026461139184));
#7602=CARTESIAN_POINT('Ctrl Pts',(82.1830016454368,2.,63.6811112128283));
#7603=CARTESIAN_POINT('Ctrl Pts',(82.193415015133,2.,64.1188480154711));
#7604=CARTESIAN_POINT('Ctrl Pts',(82.1992417033946,2.,64.3637789037444));
#7605=CARTESIAN_POINT('Ctrl Pts',(82.1992417033946,0.,64.3637789037444));
#7606=CARTESIAN_POINT('Ctrl Pts',(82.1992417033946,2.,64.3637789037444));
#7607=CARTESIAN_POINT('Ctrl Pts',(82.1910500463416,0.,64.549887850924));
#7608=CARTESIAN_POINT('Ctrl Pts',(82.1910500463416,2.,64.549887850924));
#7609=CARTESIAN_POINT('Ctrl Pts',(82.1753188106882,0.,64.9072909607382));
#7610=CARTESIAN_POINT('Ctrl Pts',(82.1753188106882,2.,64.9072909607382));
#7611=CARTESIAN_POINT('Ctrl Pts',(82.0300973972775,0.,65.233864662746));
#7612=CARTESIAN_POINT('Ctrl Pts',(82.0300973972775,2.,65.233864662746));
#7613=CARTESIAN_POINT('Ctrl Pts',(81.9604964908397,0.,65.390383079312));
#7614=CARTESIAN_POINT('Ctrl Pts',(81.9604964908397,2.,65.390383079312));
#7615=CARTESIAN_POINT('',(81.9604964908397,1.5,65.390383079312));
#7616=CARTESIAN_POINT('Ctrl Pts',(81.9604964908397,1.5,65.390383079312));
#7617=CARTESIAN_POINT('Ctrl Pts',(82.0300973972775,1.5,65.233864662746));
#7618=CARTESIAN_POINT('Ctrl Pts',(82.0996983037154,1.5,65.0773462461799));
#7619=CARTESIAN_POINT('Ctrl Pts',(82.1395548042094,1.5,64.9137461927154));
#7620=CARTESIAN_POINT('Ctrl Pts',(82.1828583892885,1.5,64.7359967981036));
#7621=CARTESIAN_POINT('Ctrl Pts',(82.1910500463416,1.5,64.549887850924));
#7622=CARTESIAN_POINT('Ctrl Pts',(82.1992417033946,1.5,64.3637789037444));
#7623=CARTESIAN_POINT('',(81.9604964908397,2.,65.390383079312));
#7624=CARTESIAN_POINT('',(81.9604964908397,0.,65.390383079312));
#7625=CARTESIAN_POINT('Ctrl Pts',(82.1992417033946,2.,64.3637789037444));
#7626=CARTESIAN_POINT('Ctrl Pts',(82.1910500463416,2.,64.549887850924));
#7627=CARTESIAN_POINT('Ctrl Pts',(82.1753188106882,2.,64.9072909607382));
#7628=CARTESIAN_POINT('Ctrl Pts',(82.0300973972775,2.,65.233864662746));
#7629=CARTESIAN_POINT('Ctrl Pts',(81.9604964908397,2.,65.390383079312));
#7630=CARTESIAN_POINT('Ctrl Pts',(81.9604964908397,0.,65.390383079312));
#7631=CARTESIAN_POINT('Ctrl Pts',(81.9604964908397,2.,65.390383079312));
#7632=CARTESIAN_POINT('Ctrl Pts',(81.8789891579506,0.,65.5238011419729));
#7633=CARTESIAN_POINT('Ctrl Pts',(81.8789891579506,2.,65.5238011419729));
#7634=CARTESIAN_POINT('Ctrl Pts',(81.7243871670272,0.,65.7768666930269));
#7635=CARTESIAN_POINT('Ctrl Pts',(81.7243871670272,2.,65.7768666930269));
#7636=CARTESIAN_POINT('Ctrl Pts',(81.4678631810055,0.,65.9243412250562));
#7637=CARTESIAN_POINT('Ctrl Pts',(81.4678631810055,2.,65.9243412250562));
#7638=CARTESIAN_POINT('Ctrl Pts',(81.3465805705821,0.,65.9940660741546));
#7639=CARTESIAN_POINT('Ctrl Pts',(81.3465805705821,2.,65.9940660741546));
#7640=CARTESIAN_POINT('',(81.3465805705821,1.5,65.9940660741546));
#7641=CARTESIAN_POINT('Ctrl Pts',(81.3465805705821,1.5,65.9940660741546));
#7642=CARTESIAN_POINT('Ctrl Pts',(81.485507413742,1.5,65.9141976318344));
#7643=CARTESIAN_POINT('Ctrl Pts',(81.6024195401276,1.5,65.8469853551399));
#7644=CARTESIAN_POINT('Ctrl Pts',(81.8058944999163,1.5,65.6434486303661));
#7645=CARTESIAN_POINT('Ctrl Pts',(81.8831954953779,1.5,65.5169158548391));
#7646=CARTESIAN_POINT('Ctrl Pts',(81.9604964908397,1.5,65.390383079312));
#7647=CARTESIAN_POINT('',(81.3465805705821,2.,65.9940660741546));
#7648=CARTESIAN_POINT('',(81.3465805705821,0.,65.9940660741546));
#7649=CARTESIAN_POINT('Ctrl Pts',(81.9604964908397,2.,65.390383079312));
#7650=CARTESIAN_POINT('Ctrl Pts',(81.8789891579506,2.,65.5238011419729));
#7651=CARTESIAN_POINT('Ctrl Pts',(81.7243871670272,2.,65.7768666930269));
#7652=CARTESIAN_POINT('Ctrl Pts',(81.4678631810055,2.,65.9243412250562));
#7653=CARTESIAN_POINT('Ctrl Pts',(81.3465805705821,2.,65.9940660741546));
#7654=CARTESIAN_POINT('Ctrl Pts',(81.3465805705821,0.,65.9940660741546));
#7655=CARTESIAN_POINT('Ctrl Pts',(81.3465805705821,2.,65.9940660741546));
#7656=CARTESIAN_POINT('Ctrl Pts',(81.2097184923044,0.,66.0417573136513));
#7657=CARTESIAN_POINT('Ctrl Pts',(81.2097184923044,2.,66.0417573136513));
#7658=CARTESIAN_POINT('Ctrl Pts',(80.9162556206643,0.,66.1440179856425));
#7659=CARTESIAN_POINT('Ctrl Pts',(80.9162556206643,2.,66.1440179856425));
#7660=CARTESIAN_POINT('Ctrl Pts',(80.605290645988,0.,66.1529889888848));
#7661=CARTESIAN_POINT('Ctrl Pts',(80.605290645988,2.,66.1529889888848));
#7662=CARTESIAN_POINT('Ctrl Pts',(80.4393501933848,0.,66.1577761914947));
#7663=CARTESIAN_POINT('Ctrl Pts',(80.4393501933848,2.,66.1577761914947));
#7664=CARTESIAN_POINT('',(80.4393501933848,1.5,66.1577761914947));
#7665=CARTESIAN_POINT('Ctrl Pts',(80.4393501933848,1.5,66.1577761914947));
#7666=CARTESIAN_POINT('Ctrl Pts',(80.605290645988,1.5,66.1529889888848));
#7667=CARTESIAN_POINT('Ctrl Pts',(80.7712310985913,1.5,66.148201786275));
#7668=CARTESIAN_POINT('Ctrl Pts',(80.9321876224315,1.5,66.1168492582061));
#7669=CARTESIAN_POINT('Ctrl Pts',(81.0728564140266,1.5,66.0894485531481));
#7670=CARTESIAN_POINT('Ctrl Pts',(81.2097184923044,1.5,66.0417573136513));
#7671=CARTESIAN_POINT('Ctrl Pts',(81.3465805705821,1.5,65.9940660741546));
#7672=CARTESIAN_POINT('',(80.4393501933848,2.,66.1577761914947));
#7673=CARTESIAN_POINT('',(80.4393501933848,0.,66.1577761914947));
#7674=CARTESIAN_POINT('Ctrl Pts',(81.3465805705821,2.,65.9940660741546));
#7675=CARTESIAN_POINT('Ctrl Pts',(81.2097184923044,2.,66.0417573136513));
#7676=CARTESIAN_POINT('Ctrl Pts',(80.9162556206643,2.,66.1440179856425));
#7677=CARTESIAN_POINT('Ctrl Pts',(80.605290645988,2.,66.1529889888848));
#7678=CARTESIAN_POINT('Ctrl Pts',(80.4393501933848,2.,66.1577761914947));
#7679=CARTESIAN_POINT('Origin',(80.4393501933848,0.,66.1577761914947));
#7680=CARTESIAN_POINT('',(80.5143840965068,1.5,67.3924291875579));
#7681=CARTESIAN_POINT('',(79.8714733163325,1.5,56.8135883180711));
#7682=CARTESIAN_POINT('',(80.5143840965068,2.,67.3924291875579));
#7683=CARTESIAN_POINT('',(80.5143840965068,0.,67.3924291875579));
#7684=CARTESIAN_POINT('',(80.5143840965068,2.,67.3924291875579));
#7685=CARTESIAN_POINT('Ctrl Pts',(80.5143840965068,0.,67.3924291875579));
#7686=CARTESIAN_POINT('Ctrl Pts',(80.5143840965068,2.,67.3924291875579));
#7687=CARTESIAN_POINT('Ctrl Pts',(80.9382149868256,0.,67.3825880158524));
#7688=CARTESIAN_POINT('Ctrl Pts',(80.9382149868256,2.,67.3825880158524));
#7689=CARTESIAN_POINT('Ctrl Pts',(81.7244154562729,0.,67.3643327777573));
#7690=CARTESIAN_POINT('Ctrl Pts',(81.7244154562729,2.,67.3643327777573));
#7691=CARTESIAN_POINT('Ctrl Pts',(82.2782260787177,0.,66.8139224775555));
#7692=CARTESIAN_POINT('Ctrl Pts',(82.2782260787177,2.,66.8139224775555));
#7693=CARTESIAN_POINT('Ctrl Pts',(82.5334842857158,0.,66.5602315213897));
#7694=CARTESIAN_POINT('Ctrl Pts',(82.5334842857158,2.,66.5602315213897));
#7695=CARTESIAN_POINT('',(82.5334842857158,1.5,66.5602315213897));
#7696=CARTESIAN_POINT('Ctrl Pts',(82.5334842857158,1.5,66.5602315213897));
#7697=CARTESIAN_POINT('Ctrl Pts',(82.2782260787177,1.5,66.8139224775555));
#7698=CARTESIAN_POINT('Ctrl Pts',(82.0229678717196,1.5,67.0676134337213));
#7699=CARTESIAN_POINT('Ctrl Pts',(81.7183407005107,1.5,67.2082532193877));
#7700=CARTESIAN_POINT('Ctrl Pts',(81.3620458771445,1.5,67.3727468441468));
#7701=CARTESIAN_POINT('Ctrl Pts',(80.9382149868256,1.5,67.3825880158524));
#7702=CARTESIAN_POINT('Ctrl Pts',(80.5143840965068,1.5,67.3924291875579));
#7703=CARTESIAN_POINT('',(82.5334842857158,2.,66.5602315213897));
#7704=CARTESIAN_POINT('',(82.5334842857158,0.,66.5602315213897));
#7705=CARTESIAN_POINT('Ctrl Pts',(80.5143840965068,2.,67.3924291875579));
#7706=CARTESIAN_POINT('Ctrl Pts',(80.9382149868256,2.,67.3825880158524));
#7707=CARTESIAN_POINT('Ctrl Pts',(81.7244154562729,2.,67.3643327777573));
#7708=CARTESIAN_POINT('Ctrl Pts',(82.2782260787177,2.,66.8139224775555));
#7709=CARTESIAN_POINT('Ctrl Pts',(82.5334842857158,2.,66.5602315213897));
#7710=CARTESIAN_POINT('Ctrl Pts',(76.2135656532084,0.,61.7068899419524));
#7711=CARTESIAN_POINT('Ctrl Pts',(76.2135656532084,2.,61.7068899419524));
#7712=CARTESIAN_POINT('Ctrl Pts',(76.0299932829833,0.,61.9904245327557));
#7713=CARTESIAN_POINT('Ctrl Pts',(76.0299932829833,2.,61.9904245327557));
#7714=CARTESIAN_POINT('Ctrl Pts',(75.6229500470706,0.,62.6191184761425));
#7715=CARTESIAN_POINT('Ctrl Pts',(75.6229500470706,2.,62.6191184761425));
#7716=CARTESIAN_POINT('Ctrl Pts',(75.5968994707772,0.,63.3711165657302));
#7717=CARTESIAN_POINT('Ctrl Pts',(75.5968994707772,2.,63.3711165657302));
#7718=CARTESIAN_POINT('Ctrl Pts',(75.5825974401271,0.,63.7839711454131));
#7719=CARTESIAN_POINT('Ctrl Pts',(75.5825974401271,2.,63.7839711454131));
#7720=CARTESIAN_POINT('',(76.2135656532084,1.5,61.7068899419524));
#7721=CARTESIAN_POINT('Ctrl Pts',(75.5825974401271,1.5,63.7839711454131));
#7722=CARTESIAN_POINT('Ctrl Pts',(75.5968994707772,1.5,63.3711165657302));
#7723=CARTESIAN_POINT('Ctrl Pts',(75.6112015014273,1.5,62.9582619860472));
#7724=CARTESIAN_POINT('Ctrl Pts',(75.7403393443858,1.5,62.582572772763));
#7725=CARTESIAN_POINT('Ctrl Pts',(75.8464209127581,1.5,62.2739591235589));
#7726=CARTESIAN_POINT('Ctrl Pts',(76.0299932829833,1.5,61.9904245327557));
#7727=CARTESIAN_POINT('Ctrl Pts',(76.2135656532084,1.5,61.7068899419524));
#7728=CARTESIAN_POINT('',(76.2135656532084,2.,61.7068899419524));
#7729=CARTESIAN_POINT('Ctrl Pts',(76.2135656532084,2.,61.7068899419524));
#7730=CARTESIAN_POINT('Ctrl Pts',(76.0299932829833,2.,61.9904245327557));
#7731=CARTESIAN_POINT('Ctrl Pts',(75.6229500470706,2.,62.6191184761425));
#7732=CARTESIAN_POINT('Ctrl Pts',(75.5968994707772,2.,63.3711165657302));
#7733=CARTESIAN_POINT('Ctrl Pts',(75.5825974401271,2.,63.7839711454131));
#7734=CARTESIAN_POINT('',(76.2135656532084,0.,61.7068899419524));
#7735=CARTESIAN_POINT('Ctrl Pts',(77.874548023585,0.,60.9667790677764));
#7736=CARTESIAN_POINT('Ctrl Pts',(77.874548023585,2.,60.9667790677764));
#7737=CARTESIAN_POINT('Ctrl Pts',(77.5503232007264,0.,61.0016781474003));
#7738=CARTESIAN_POINT('Ctrl Pts',(77.5503232007264,2.,61.0016781474003));
#7739=CARTESIAN_POINT('Ctrl Pts',(76.9161092482296,0.,61.0699439977188));
#7740=CARTESIAN_POINT('Ctrl Pts',(76.9161092482296,2.,61.0699439977188));
#7741=CARTESIAN_POINT('Ctrl Pts',(76.4442161156715,0.,61.4977756924701));
#7742=CARTESIAN_POINT('Ctrl Pts',(76.4442161156715,2.,61.4977756924701));
#7743=CARTESIAN_POINT('Ctrl Pts',(76.2135656532084,0.,61.7068899419524));
#7744=CARTESIAN_POINT('Ctrl Pts',(76.2135656532084,2.,61.7068899419524));
#7745=CARTESIAN_POINT('',(77.874548023585,1.5,60.9667790677764));
#7746=CARTESIAN_POINT('Ctrl Pts',(76.2135656532084,1.5,61.7068899419524));
#7747=CARTESIAN_POINT('Ctrl Pts',(76.4442161156715,1.5,61.4977756924701));
#7748=CARTESIAN_POINT('Ctrl Pts',(76.6748665781346,1.5,61.2886614429877));
#7749=CARTESIAN_POINT('Ctrl Pts',(76.9442959483897,1.5,61.1654485013701));
#7750=CARTESIAN_POINT('Ctrl Pts',(77.2260983778678,1.5,61.0365772270243));
#7751=CARTESIAN_POINT('Ctrl Pts',(77.5503232007264,1.5,61.0016781474003));
#7752=CARTESIAN_POINT('Ctrl Pts',(77.874548023585,1.5,60.9667790677764));
#7753=CARTESIAN_POINT('',(77.874548023585,2.,60.9667790677764));
#7754=CARTESIAN_POINT('Ctrl Pts',(77.874548023585,2.,60.9667790677764));
#7755=CARTESIAN_POINT('Ctrl Pts',(77.5503232007264,2.,61.0016781474003));
#7756=CARTESIAN_POINT('Ctrl Pts',(76.9161092482296,2.,61.0699439977188));
#7757=CARTESIAN_POINT('Ctrl Pts',(76.4442161156715,2.,61.4977756924701));
#7758=CARTESIAN_POINT('Ctrl Pts',(76.2135656532084,2.,61.7068899419524));
#7759=CARTESIAN_POINT('',(77.874548023585,0.,60.9667790677764));
#7760=CARTESIAN_POINT('Origin',(77.9564036783015,0.,62.1741474416472));
#7761=CARTESIAN_POINT('',(77.9564036783015,1.5,62.1741474416472));
#7762=CARTESIAN_POINT('',(77.4567454851123,1.5,54.8042045550915));
#7763=CARTESIAN_POINT('',(77.9564036783015,2.,62.1741474416472));
#7764=CARTESIAN_POINT('',(77.874548023585,2.,60.9667790677764));
#7765=CARTESIAN_POINT('',(77.9564036783015,0.,62.1741474416472));
#7766=CARTESIAN_POINT('Ctrl Pts',(76.9195683654582,0.,62.6379931714751));
#7767=CARTESIAN_POINT('Ctrl Pts',(76.9195683654582,2.,62.6379931714751));
#7768=CARTESIAN_POINT('Ctrl Pts',(77.0618072867104,0.,62.5094191138279));
#7769=CARTESIAN_POINT('Ctrl Pts',(77.0618072867104,2.,62.5094191138279));
#7770=CARTESIAN_POINT('Ctrl Pts',(77.3564477498509,0.,62.2430846987498));
#7771=CARTESIAN_POINT('Ctrl Pts',(77.3564477498509,2.,62.2430846987498));
#7772=CARTESIAN_POINT('Ctrl Pts',(77.7518720961854,0.,62.1976489116608));
#7773=CARTESIAN_POINT('Ctrl Pts',(77.7518720961854,2.,62.1976489116608));
#7774=CARTESIAN_POINT('Ctrl Pts',(77.9564036783015,0.,62.1741474416472));
#7775=CARTESIAN_POINT('Ctrl Pts',(77.9564036783015,2.,62.1741474416472));
#7776=CARTESIAN_POINT('',(76.9195683654582,1.5,62.6379931714751));
#7777=CARTESIAN_POINT('Ctrl Pts',(77.9564036783015,1.5,62.1741474416472));
#7778=CARTESIAN_POINT('Ctrl Pts',(77.7518720961854,1.5,62.1976489116608));
#7779=CARTESIAN_POINT('Ctrl Pts',(77.5473405140693,1.5,62.2211503816743));
#7780=CARTESIAN_POINT('Ctrl Pts',(77.3697729762828,1.5,62.3037517812469));
#7781=CARTESIAN_POINT('Ctrl Pts',(77.2040462079626,1.5,62.3808450561806));
#7782=CARTESIAN_POINT('Ctrl Pts',(77.0618072867104,1.5,62.5094191138279));
#7783=CARTESIAN_POINT('Ctrl Pts',(76.9195683654582,1.5,62.6379931714751));
#7784=CARTESIAN_POINT('',(76.9195683654582,2.,62.6379931714751));
#7785=CARTESIAN_POINT('Ctrl Pts',(76.9195683654582,2.,62.6379931714751));
#7786=CARTESIAN_POINT('Ctrl Pts',(77.0618072867104,2.,62.5094191138279));
#7787=CARTESIAN_POINT('Ctrl Pts',(77.3564477498509,2.,62.2430846987498));
#7788=CARTESIAN_POINT('Ctrl Pts',(77.7518720961854,2.,62.1976489116608));
#7789=CARTESIAN_POINT('Ctrl Pts',(77.9564036783015,2.,62.1741474416472));
#7790=CARTESIAN_POINT('',(76.9195683654582,0.,62.6379931714751));
#7791=CARTESIAN_POINT('Ctrl Pts',(76.5375765022075,0.,63.8726461675384));
#7792=CARTESIAN_POINT('Ctrl Pts',(76.5375765022075,2.,63.8726461675384));
#7793=CARTESIAN_POINT('Ctrl Pts',(76.5471610410216,0.,63.6294681432115));
#7794=CARTESIAN_POINT('Ctrl Pts',(76.5471610410216,2.,63.6294681432115));
#7795=CARTESIAN_POINT('Ctrl Pts',(76.5647956508363,0.,63.1820444687179));
#7796=CARTESIAN_POINT('Ctrl Pts',(76.5647956508363,2.,63.1820444687179));
#7797=CARTESIAN_POINT('Ctrl Pts',(76.8083758004297,0.,62.8085092702455));
#7798=CARTESIAN_POINT('Ctrl Pts',(76.8083758004297,2.,62.8085092702455));
#7799=CARTESIAN_POINT('Ctrl Pts',(76.9195683654582,0.,62.6379931714751));
#7800=CARTESIAN_POINT('Ctrl Pts',(76.9195683654582,2.,62.6379931714751));
#7801=CARTESIAN_POINT('',(76.5375765022075,1.5,63.8726461675384));
#7802=CARTESIAN_POINT('Ctrl Pts',(76.9195683654582,1.5,62.6379931714751));
#7803=CARTESIAN_POINT('Ctrl Pts',(76.8083758004297,1.5,62.8085092702455));
#7804=CARTESIAN_POINT('Ctrl Pts',(76.6971832354012,1.5,62.9790253690159));
#7805=CARTESIAN_POINT('Ctrl Pts',(76.6330744680201,1.5,63.164938762448));
#7806=CARTESIAN_POINT('Ctrl Pts',(76.5567455798356,1.5,63.3862901188847));
#7807=CARTESIAN_POINT('Ctrl Pts',(76.5471610410216,1.5,63.6294681432115));
#7808=CARTESIAN_POINT('Ctrl Pts',(76.5375765022075,1.5,63.8726461675384));
#7809=CARTESIAN_POINT('',(76.5375765022075,2.,63.8726461675384));
#7810=CARTESIAN_POINT('Ctrl Pts',(76.5375765022075,2.,63.8726461675384));
#7811=CARTESIAN_POINT('Ctrl Pts',(76.5471610410216,2.,63.6294681432115));
#7812=CARTESIAN_POINT('Ctrl Pts',(76.5647956508363,2.,63.1820444687179));
#7813=CARTESIAN_POINT('Ctrl Pts',(76.8083758004297,2.,62.8085092702455));
#7814=CARTESIAN_POINT('Ctrl Pts',(76.9195683654582,2.,62.6379931714751));
#7815=CARTESIAN_POINT('',(76.5375765022075,0.,63.8726461675384));
#7816=CARTESIAN_POINT('Ctrl Pts',(76.8308921512401,0.,64.8685539510467));
#7817=CARTESIAN_POINT('Ctrl Pts',(76.8308921512401,2.,64.8685539510467));
#7818=CARTESIAN_POINT('Ctrl Pts',(76.7455223434606,0.,64.7301975509914));
#7819=CARTESIAN_POINT('Ctrl Pts',(76.7455223434606,2.,64.7301975509914));
#7820=CARTESIAN_POINT('Ctrl Pts',(76.5579599440782,0.,64.42622054742));
#7821=CARTESIAN_POINT('Ctrl Pts',(76.5579599440782,2.,64.42622054742));
#7822=CARTESIAN_POINT('Ctrl Pts',(76.5447654612086,0.,64.06788422136));
#7823=CARTESIAN_POINT('Ctrl Pts',(76.5447654612086,2.,64.06788422136));
#7824=CARTESIAN_POINT('Ctrl Pts',(76.5375765022075,0.,63.8726461675384));
#7825=CARTESIAN_POINT('Ctrl Pts',(76.5375765022075,2.,63.8726461675384));
#7826=CARTESIAN_POINT('',(76.8308921512401,1.5,64.8685539510467));
#7827=CARTESIAN_POINT('Ctrl Pts',(76.5375765022075,1.5,63.8726461675384));
#7828=CARTESIAN_POINT('Ctrl Pts',(76.5447654612086,1.5,64.06788422136));
#7829=CARTESIAN_POINT('Ctrl Pts',(76.5519544202097,1.5,64.2631222751816));
#7830=CARTESIAN_POINT('Ctrl Pts',(76.6109057124888,1.5,64.4422233846404));
#7831=CARTESIAN_POINT('Ctrl Pts',(76.6601525356811,1.5,64.5918411509361));
#7832=CARTESIAN_POINT('Ctrl Pts',(76.7455223434606,1.5,64.7301975509914));
#7833=CARTESIAN_POINT('Ctrl Pts',(76.8308921512401,1.5,64.8685539510467));
#7834=CARTESIAN_POINT('',(76.8308921512401,2.,64.8685539510467));
#7835=CARTESIAN_POINT('Ctrl Pts',(76.8308921512401,2.,64.8685539510467));
#7836=CARTESIAN_POINT('Ctrl Pts',(76.7455223434606,2.,64.7301975509914));
#7837=CARTESIAN_POINT('Ctrl Pts',(76.5579599440782,2.,64.42622054742));
#7838=CARTESIAN_POINT('Ctrl Pts',(76.5447654612086,2.,64.06788422136));
#7839=CARTESIAN_POINT('Ctrl Pts',(76.5375765022075,2.,63.8726461675384));
#7840=CARTESIAN_POINT('',(76.8308921512401,0.,64.8685539510467));
#7841=CARTESIAN_POINT('Ctrl Pts',(77.4652709420955,0.,65.223261192105));
#7842=CARTESIAN_POINT('Ctrl Pts',(77.4652709420955,2.,65.223261192105));
#7843=CARTESIAN_POINT('Ctrl Pts',(77.3500653752296,0.,65.2040068418996));
#7844=CARTESIAN_POINT('Ctrl Pts',(77.3500653752296,2.,65.2040068418996));
#7845=CARTESIAN_POINT('Ctrl Pts',(77.0980083835411,0.,65.1618804610162));
#7846=CARTESIAN_POINT('Ctrl Pts',(77.0980083835411,2.,65.1618804610162));
#7847=CARTESIAN_POINT('Ctrl Pts',(76.9248866122281,0.,64.971771441652));
#7848=CARTESIAN_POINT('Ctrl Pts',(76.9248866122281,2.,64.971771441652));
#7849=CARTESIAN_POINT('Ctrl Pts',(76.8308921512401,0.,64.8685539510467));
#7850=CARTESIAN_POINT('Ctrl Pts',(76.8308921512401,2.,64.8685539510467));
#7851=CARTESIAN_POINT('',(77.4652709420955,1.5,65.223261192105));
#7852=CARTESIAN_POINT('Ctrl Pts',(76.8308921512401,1.5,64.8685539510467));
#7853=CARTESIAN_POINT('Ctrl Pts',(76.9248866122281,1.5,64.971771441652));
#7854=CARTESIAN_POINT('Ctrl Pts',(77.0188810732161,1.5,65.0749889322574));
#7855=CARTESIAN_POINT('Ctrl Pts',(77.1361442264354,1.5,65.134583785794));
#7856=CARTESIAN_POINT('Ctrl Pts',(77.2348598083638,1.5,65.1847524916943));
#7857=CARTESIAN_POINT('Ctrl Pts',(77.3500653752296,1.5,65.2040068418996));
#7858=CARTESIAN_POINT('Ctrl Pts',(77.4652709420955,1.5,65.223261192105));
#7859=CARTESIAN_POINT('',(77.4652709420955,2.,65.223261192105));
#7860=CARTESIAN_POINT('Ctrl Pts',(77.4652709420955,2.,65.223261192105));
#7861=CARTESIAN_POINT('Ctrl Pts',(77.3500653752296,2.,65.2040068418996));
#7862=CARTESIAN_POINT('Ctrl Pts',(77.0980083835411,2.,65.1618804610162));
#7863=CARTESIAN_POINT('Ctrl Pts',(76.9248866122281,2.,64.971771441652));
#7864=CARTESIAN_POINT('Ctrl Pts',(76.8308921512401,2.,64.8685539510467));
#7865=CARTESIAN_POINT('',(77.4652709420955,0.,65.223261192105));
#7866=CARTESIAN_POINT('Ctrl Pts',(78.0655439552104,0.,64.9163020398833));
#7867=CARTESIAN_POINT('Ctrl Pts',(78.0655439552104,2.,64.9163020398833));
#7868=CARTESIAN_POINT('Ctrl Pts',(77.9786559872484,0.,65.005772259845));
#7869=CARTESIAN_POINT('Ctrl Pts',(77.9786559872484,2.,65.005772259845));
#7870=CARTESIAN_POINT('Ctrl Pts',(77.8126955770573,0.,65.1766649018645));
#7871=CARTESIAN_POINT('Ctrl Pts',(77.8126955770573,2.,65.1766649018645));
#7872=CARTESIAN_POINT('Ctrl Pts',(77.5773853549411,0.,65.2082245044456));
#7873=CARTESIAN_POINT('Ctrl Pts',(77.5773853549411,2.,65.2082245044456));
#7874=CARTESIAN_POINT('Ctrl Pts',(77.4652709420955,0.,65.223261192105));
#7875=CARTESIAN_POINT('Ctrl Pts',(77.4652709420955,2.,65.223261192105));
#7876=CARTESIAN_POINT('',(78.0655439552104,1.5,64.9163020398833));
#7877=CARTESIAN_POINT('Ctrl Pts',(77.4652709420955,1.5,65.223261192105));
#7878=CARTESIAN_POINT('Ctrl Pts',(77.5773853549411,1.5,65.2082245044456));
#7879=CARTESIAN_POINT('Ctrl Pts',(77.6894997677867,1.5,65.1931878167862));
#7880=CARTESIAN_POINT('Ctrl Pts',(77.7858712133204,1.5,65.1465214040496));
#7881=CARTESIAN_POINT('Ctrl Pts',(77.8917680192863,1.5,65.0952424798067));
#7882=CARTESIAN_POINT('Ctrl Pts',(77.9786559872484,1.5,65.005772259845));
#7883=CARTESIAN_POINT('Ctrl Pts',(78.0655439552104,1.5,64.9163020398833));
#7884=CARTESIAN_POINT('',(78.0655439552104,2.,64.9163020398833));
#7885=CARTESIAN_POINT('Ctrl Pts',(78.0655439552104,2.,64.9163020398833));
#7886=CARTESIAN_POINT('Ctrl Pts',(77.9786559872484,2.,65.005772259845));
#7887=CARTESIAN_POINT('Ctrl Pts',(77.8126955770573,2.,65.1766649018645));
#7888=CARTESIAN_POINT('Ctrl Pts',(77.5773853549411,2.,65.2082245044456));
#7889=CARTESIAN_POINT('Ctrl Pts',(77.4652709420955,2.,65.223261192105));
#7890=CARTESIAN_POINT('',(78.0655439552104,0.,64.9163020398833));
#7891=CARTESIAN_POINT('Ctrl Pts',(78.6112465318477,0.,63.8590038564422));
#7892=CARTESIAN_POINT('Ctrl Pts',(78.6112465318477,2.,63.8590038564422));
#7893=CARTESIAN_POINT('Ctrl Pts',(78.5126645849016,0.,64.0936692339371));
#7894=CARTESIAN_POINT('Ctrl Pts',(78.5126645849016,2.,64.0936692339371));
#7895=CARTESIAN_POINT('Ctrl Pts',(78.3583816801851,0.,64.4609256860349));
#7896=CARTESIAN_POINT('Ctrl Pts',(78.3583816801851,2.,64.4609256860349));
#7897=CARTESIAN_POINT('Ctrl Pts',(78.1432229804422,0.,64.7955075237955));
#7898=CARTESIAN_POINT('Ctrl Pts',(78.1432229804422,2.,64.7955075237955));
#7899=CARTESIAN_POINT('Ctrl Pts',(78.0655439552104,0.,64.9163020398833));
#7900=CARTESIAN_POINT('Ctrl Pts',(78.0655439552104,2.,64.9163020398833));
#7901=CARTESIAN_POINT('',(78.6112465318477,1.5,63.8590038564422));
#7902=CARTESIAN_POINT('Ctrl Pts',(78.0655439552104,1.5,64.9163020398833));
#7903=CARTESIAN_POINT('Ctrl Pts',(78.1432229804422,1.5,64.7955075237955));
#7904=CARTESIAN_POINT('Ctrl Pts',(78.220902005674,1.5,64.6747130077078));
#7905=CARTESIAN_POINT('Ctrl Pts',(78.2906462606227,1.5,64.5496595647552));
#7906=CARTESIAN_POINT('Ctrl Pts',(78.4140826379555,1.5,64.3283346114321));
#7907=CARTESIAN_POINT('Ctrl Pts',(78.5126645849016,1.5,64.0936692339371));
#7908=CARTESIAN_POINT('Ctrl Pts',(78.6112465318477,1.5,63.8590038564422));
#7909=CARTESIAN_POINT('',(78.6112465318477,2.,63.8590038564422));
#7910=CARTESIAN_POINT('Ctrl Pts',(78.6112465318477,2.,63.8590038564422));
#7911=CARTESIAN_POINT('Ctrl Pts',(78.5126645849016,2.,64.0936692339371));
#7912=CARTESIAN_POINT('Ctrl Pts',(78.3583816801851,2.,64.4609256860349));
#7913=CARTESIAN_POINT('Ctrl Pts',(78.1432229804422,2.,64.7955075237955));
#7914=CARTESIAN_POINT('Ctrl Pts',(78.0655439552104,2.,64.9163020398833));
#7915=CARTESIAN_POINT('',(78.6112465318477,0.,63.8590038564422));
#7916=CARTESIAN_POINT('Ctrl Pts',(79.5798690971171,0.,62.07182772424));
#7917=CARTESIAN_POINT('Ctrl Pts',(79.5798690971171,2.,62.07182772424));
#7918=CARTESIAN_POINT('Ctrl Pts',(79.434178873068,0.,62.2788368270548));
#7919=CARTESIAN_POINT('Ctrl Pts',(79.434178873068,2.,62.2788368270548));
#7920=CARTESIAN_POINT('Ctrl Pts',(79.0423748454081,0.,62.8355454241789));
#7921=CARTESIAN_POINT('Ctrl Pts',(79.0423748454081,2.,62.8355454241789));
#7922=CARTESIAN_POINT('Ctrl Pts',(78.7775792848972,0.,63.4641454040611));
#7923=CARTESIAN_POINT('Ctrl Pts',(78.7775792848972,2.,63.4641454040611));
#7924=CARTESIAN_POINT('Ctrl Pts',(78.6112465318477,0.,63.8590038564422));
#7925=CARTESIAN_POINT('Ctrl Pts',(78.6112465318477,2.,63.8590038564422));
#7926=CARTESIAN_POINT('',(79.5798690971171,1.5,62.07182772424));
#7927=CARTESIAN_POINT('Ctrl Pts',(78.6112465318477,1.5,63.8590038564422));
#7928=CARTESIAN_POINT('Ctrl Pts',(78.7775792848972,1.5,63.4641454040611));
#7929=CARTESIAN_POINT('Ctrl Pts',(78.9439120379467,1.5,63.0692869516801));
#7930=CARTESIAN_POINT('Ctrl Pts',(79.160359686259,1.5,62.7027953412749));
#7931=CARTESIAN_POINT('Ctrl Pts',(79.2884886490188,1.5,62.4858459298696));
#7932=CARTESIAN_POINT('Ctrl Pts',(79.434178873068,1.5,62.2788368270548));
#7933=CARTESIAN_POINT('Ctrl Pts',(79.5798690971171,1.5,62.07182772424));
#7934=CARTESIAN_POINT('',(79.5798690971171,2.,62.07182772424));
#7935=CARTESIAN_POINT('Ctrl Pts',(79.5798690971171,2.,62.07182772424));
#7936=CARTESIAN_POINT('Ctrl Pts',(79.434178873068,2.,62.2788368270548));
#7937=CARTESIAN_POINT('Ctrl Pts',(79.0423748454081,2.,62.8355454241789));
#7938=CARTESIAN_POINT('Ctrl Pts',(78.7775792848972,2.,63.4641454040611));
#7939=CARTESIAN_POINT('Ctrl Pts',(78.6112465318477,2.,63.8590038564422));
#7940=CARTESIAN_POINT('',(79.5798690971171,0.,62.07182772424));
#7941=CARTESIAN_POINT('Ctrl Pts',(80.9577675517833,0.,61.4851964261748));
#7942=CARTESIAN_POINT('Ctrl Pts',(80.9577675517833,2.,61.4851964261748));
#7943=CARTESIAN_POINT('Ctrl Pts',(80.6973058514249,0.,61.5097586619852));
#7944=CARTESIAN_POINT('Ctrl Pts',(80.6973058514249,2.,61.5097586619852));
#7945=CARTESIAN_POINT('Ctrl Pts',(80.1757402794165,0.,61.5589436920784));
#7946=CARTESIAN_POINT('Ctrl Pts',(80.1757402794165,2.,61.5589436920784));
#7947=CARTESIAN_POINT('Ctrl Pts',(79.7786557930379,0.,61.9007261083664));
#7948=CARTESIAN_POINT('Ctrl Pts',(79.7786557930379,2.,61.9007261083664));
#7949=CARTESIAN_POINT('Ctrl Pts',(79.5798690971171,0.,62.07182772424));
#7950=CARTESIAN_POINT('Ctrl Pts',(79.5798690971171,2.,62.07182772424));
#7951=CARTESIAN_POINT('',(80.9577675517833,1.5,61.4851964261748));
#7952=CARTESIAN_POINT('Ctrl Pts',(79.5798690971171,1.5,62.07182772424));
#7953=CARTESIAN_POINT('Ctrl Pts',(79.7786557930379,1.5,61.9007261083664));
#7954=CARTESIAN_POINT('Ctrl Pts',(79.9774424889588,1.5,61.7296244924928));
#7955=CARTESIAN_POINT('Ctrl Pts',(80.207426136378,1.5,61.6318524625518));
#7956=CARTESIAN_POINT('Ctrl Pts',(80.4368441510665,1.5,61.5343208977956));
#7957=CARTESIAN_POINT('Ctrl Pts',(80.6973058514249,1.5,61.5097586619852));
#7958=CARTESIAN_POINT('Ctrl Pts',(80.9577675517833,1.5,61.4851964261748));
#7959=CARTESIAN_POINT('',(80.9577675517833,2.,61.4851964261748));
#7960=CARTESIAN_POINT('Ctrl Pts',(80.9577675517833,2.,61.4851964261748));
#7961=CARTESIAN_POINT('Ctrl Pts',(80.6973058514249,2.,61.5097586619852));
#7962=CARTESIAN_POINT('Ctrl Pts',(80.1757402794165,2.,61.5589436920784));
#7963=CARTESIAN_POINT('Ctrl Pts',(79.7786557930379,2.,61.9007261083664));
#7964=CARTESIAN_POINT('Ctrl Pts',(79.5798690971171,2.,62.07182772424));
#7965=CARTESIAN_POINT('',(80.9577675517833,0.,61.4851964261748));
#7966=CARTESIAN_POINT('Ctrl Pts',(82.0150669273173,0.,61.8160308149077));
#7967=CARTESIAN_POINT('Ctrl Pts',(82.0150669273173,2.,61.8160308149077));
#7968=CARTESIAN_POINT('Ctrl Pts',(81.84478114337,0.,61.7195731290621));
#7969=CARTESIAN_POINT('Ctrl Pts',(81.84478114337,2.,61.7195731290621));
#7970=CARTESIAN_POINT('Ctrl Pts',(81.5157373295216,0.,61.5331876065018));
#7971=CARTESIAN_POINT('Ctrl Pts',(81.5157373295216,2.,61.5331876065018));
#7972=CARTESIAN_POINT('Ctrl Pts',(81.1393621558077,0.,61.5008154430748));
#7973=CARTESIAN_POINT('Ctrl Pts',(81.1393621558077,2.,61.5008154430748));
#7974=CARTESIAN_POINT('Ctrl Pts',(80.9577675517833,0.,61.4851964261748));
#7975=CARTESIAN_POINT('Ctrl Pts',(80.9577675517833,2.,61.4851964261748));
#7976=CARTESIAN_POINT('',(82.0150669273173,1.5,61.8160308149077));
#7977=CARTESIAN_POINT('Ctrl Pts',(80.9577675517833,1.5,61.4851964261748));
#7978=CARTESIAN_POINT('Ctrl Pts',(81.1393621558077,1.5,61.5008154430748));
#7979=CARTESIAN_POINT('Ctrl Pts',(81.3209567598321,1.5,61.5164344599747));
#7980=CARTESIAN_POINT('Ctrl Pts',(81.4915331062114,1.5,61.567906215451));
#7981=CARTESIAN_POINT('Ctrl Pts',(81.6744953594226,1.5,61.6231154432165));
#7982=CARTESIAN_POINT('Ctrl Pts',(81.84478114337,1.5,61.7195731290621));
#7983=CARTESIAN_POINT('Ctrl Pts',(82.0150669273173,1.5,61.8160308149077));
#7984=CARTESIAN_POINT('',(82.0150669273173,2.,61.8160308149077));
#7985=CARTESIAN_POINT('Ctrl Pts',(82.0150669273173,2.,61.8160308149077));
#7986=CARTESIAN_POINT('Ctrl Pts',(81.84478114337,2.,61.7195731290621));
#7987=CARTESIAN_POINT('Ctrl Pts',(81.5157373295216,2.,61.5331876065018));
#7988=CARTESIAN_POINT('Ctrl Pts',(81.1393621558077,2.,61.5008154430748));
#7989=CARTESIAN_POINT('Ctrl Pts',(80.9577675517833,2.,61.4851964261748));
#7990=CARTESIAN_POINT('',(82.0150669273173,0.,61.8160308149077));
#7991=CARTESIAN_POINT('Ctrl Pts',(82.8438528236186,0.,62.8255809095122));
#7992=CARTESIAN_POINT('Ctrl Pts',(82.8438528236186,2.,62.8255809095122));
#7993=CARTESIAN_POINT('Ctrl Pts',(82.7365913280808,0.,62.6170521192707));
#7994=CARTESIAN_POINT('Ctrl Pts',(82.7365913280808,2.,62.6170521192707));
#7995=CARTESIAN_POINT('Ctrl Pts',(82.5325356970988,0.,62.2203443010799));
#7996=CARTESIAN_POINT('Ctrl Pts',(82.5325356970988,2.,62.2203443010799));
#7997=CARTESIAN_POINT('Ctrl Pts',(82.1815551476187,0.,61.946112931332));
#7998=CARTESIAN_POINT('Ctrl Pts',(82.1815551476187,2.,61.946112931332));
#7999=CARTESIAN_POINT('Ctrl Pts',(82.0150669273173,0.,61.8160308149077));
#8000=CARTESIAN_POINT('Ctrl Pts',(82.0150669273173,2.,61.8160308149077));
#8001=CARTESIAN_POINT('',(82.8438528236186,1.5,62.8255809095122));
#8002=CARTESIAN_POINT('Ctrl Pts',(82.0150669273173,1.5,61.8160308149077));
#8003=CARTESIAN_POINT('Ctrl Pts',(82.2045254812016,1.5,61.9640603248595));
#8004=CARTESIAN_POINT('Ctrl Pts',(82.3652098609183,1.5,62.0896077308684));
#8005=CARTESIAN_POINT('Ctrl Pts',(82.6397971926366,1.5,62.4288730913214));
#8006=CARTESIAN_POINT('Ctrl Pts',(82.7418250081275,1.5,62.6272270004168));
#8007=CARTESIAN_POINT('Ctrl Pts',(82.8438528236186,1.5,62.8255809095122));
#8008=CARTESIAN_POINT('',(82.8438528236186,2.,62.8255809095122));
#8009=CARTESIAN_POINT('Ctrl Pts',(82.8438528236186,2.,62.8255809095122));
#8010=CARTESIAN_POINT('Ctrl Pts',(82.7365913280808,2.,62.6170521192707));
#8011=CARTESIAN_POINT('Ctrl Pts',(82.5325356970988,2.,62.2203443010799));
#8012=CARTESIAN_POINT('Ctrl Pts',(82.1815551476187,2.,61.946112931332));
#8013=CARTESIAN_POINT('Ctrl Pts',(82.0150669273173,2.,61.8160308149077));
#8014=CARTESIAN_POINT('',(82.8438528236186,0.,62.8255809095122));
#8015=CARTESIAN_POINT('Ctrl Pts',(83.1542213615214,0.,64.4251693036773));
#8016=CARTESIAN_POINT('Ctrl Pts',(83.1542213615214,2.,64.4251693036773));
#8017=CARTESIAN_POINT('Ctrl Pts',(83.144332579413,0.,64.1351947306388));
#8018=CARTESIAN_POINT('Ctrl Pts',(83.144332579413,2.,64.1351947306388));
#8019=CARTESIAN_POINT('Ctrl Pts',(83.1255714311415,0.,63.5850505470441));
#8020=CARTESIAN_POINT('Ctrl Pts',(83.1255714311415,2.,63.5850505470441));
#8021=CARTESIAN_POINT('Ctrl Pts',(82.934304968127,0.,63.0694258511289));
#8022=CARTESIAN_POINT('Ctrl Pts',(82.934304968127,2.,63.0694258511289));
#8023=CARTESIAN_POINT('Ctrl Pts',(82.8438528236186,0.,62.8255809095122));
#8024=CARTESIAN_POINT('Ctrl Pts',(82.8438528236186,2.,62.8255809095122));
#8025=CARTESIAN_POINT('',(83.1542213615214,1.5,64.4251693036773));
#8026=CARTESIAN_POINT('Ctrl Pts',(82.8438528236186,1.5,62.8255809095122));
#8027=CARTESIAN_POINT('Ctrl Pts',(82.934304968127,1.5,63.0694258511289));
#8028=CARTESIAN_POINT('Ctrl Pts',(83.0247571126353,1.5,63.3132707927456));
#8029=CARTESIAN_POINT('Ctrl Pts',(83.0766292270457,1.5,63.5648358609893));
#8030=CARTESIAN_POINT('Ctrl Pts',(83.1344437973047,1.5,63.8452201576003));
#8031=CARTESIAN_POINT('Ctrl Pts',(83.144332579413,1.5,64.1351947306388));
#8032=CARTESIAN_POINT('Ctrl Pts',(83.1542213615214,1.5,64.4251693036773));
#8033=CARTESIAN_POINT('',(83.1542213615214,2.,64.4251693036773));
#8034=CARTESIAN_POINT('Ctrl Pts',(83.1542213615214,2.,64.4251693036773));
#8035=CARTESIAN_POINT('Ctrl Pts',(83.144332579413,2.,64.1351947306388));
#8036=CARTESIAN_POINT('Ctrl Pts',(83.1255714311415,2.,63.5850505470441));
#8037=CARTESIAN_POINT('Ctrl Pts',(82.934304968127,2.,63.0694258511289));
#8038=CARTESIAN_POINT('Ctrl Pts',(82.8438528236186,2.,62.8255809095122));
#8039=CARTESIAN_POINT('',(83.1542213615214,0.,64.4251693036773));
#8040=CARTESIAN_POINT('Ctrl Pts',(82.5334842857158,0.,66.5602315213897));
#8041=CARTESIAN_POINT('Ctrl Pts',(82.5334842857158,2.,66.5602315213897));
#8042=CARTESIAN_POINT('Ctrl Pts',(82.7144489861623,0.,66.2433283155009));
#8043=CARTESIAN_POINT('Ctrl Pts',(82.7144489861623,2.,66.2433283155009));
#8044=CARTESIAN_POINT('Ctrl Pts',(83.0918600970447,0.,65.5824105194801));
#8045=CARTESIAN_POINT('Ctrl Pts',(83.0918600970447,2.,65.5824105194801));
#8046=CARTESIAN_POINT('Ctrl Pts',(83.1328734727135,0.,64.8213231823102));
#8047=CARTESIAN_POINT('Ctrl Pts',(83.1328734727135,2.,64.8213231823102));
#8048=CARTESIAN_POINT('Ctrl Pts',(83.1542213615214,0.,64.4251693036773));
#8049=CARTESIAN_POINT('Ctrl Pts',(83.1542213615214,2.,64.4251693036773));
#8050=CARTESIAN_POINT('Ctrl Pts',(83.1542213615214,1.5,64.4251693036773));
#8051=CARTESIAN_POINT('Ctrl Pts',(83.1328734727135,1.5,64.8213231823102));
#8052=CARTESIAN_POINT('Ctrl Pts',(83.1115255839055,1.5,65.2174770609431));
#8053=CARTESIAN_POINT('Ctrl Pts',(82.99903709257,1.5,65.5864918973662));
#8054=CARTESIAN_POINT('Ctrl Pts',(82.8954136866088,1.5,65.9264251096121));
#8055=CARTESIAN_POINT('Ctrl Pts',(82.7144489861623,1.5,66.2433283155009));
#8056=CARTESIAN_POINT('Ctrl Pts',(82.5334842857158,1.5,66.5602315213897));
#8057=CARTESIAN_POINT('Ctrl Pts',(82.5334842857158,2.,66.5602315213897));
#8058=CARTESIAN_POINT('Ctrl Pts',(82.7144489861623,2.,66.2433283155009));
#8059=CARTESIAN_POINT('Ctrl Pts',(83.0918600970447,2.,65.5824105194801));
#8060=CARTESIAN_POINT('Ctrl Pts',(83.1328734727135,2.,64.8213231823102));
#8061=CARTESIAN_POINT('Ctrl Pts',(83.1542213615214,2.,64.4251693036773));
#8062=CARTESIAN_POINT('Origin',(85.7940568383967,2.,54.6843772936978));
#8063=CARTESIAN_POINT('Origin',(98.597603624705,0.,69.4524539258697));
#8064=CARTESIAN_POINT('',(88.597603624705,1.5,71.1032045629241));
#8065=CARTESIAN_POINT('',(98.597603624705,1.5,69.4524539258697));
#8066=CARTESIAN_POINT('',(77.3777524550236,1.5,72.9553222095249));
#8067=CARTESIAN_POINT('',(88.597603624705,2.,71.1032045629241));
#8068=CARTESIAN_POINT('',(88.597603624705,0.,71.1032045629241));
#8069=CARTESIAN_POINT('',(98.597603624705,2.,69.4524539258697));
#8070=CARTESIAN_POINT('',(88.597603624705,2.,71.1032045629241));
#8071=CARTESIAN_POINT('',(98.597603624705,0.,69.4524539258697));
#8072=CARTESIAN_POINT('Origin',(88.597603624705,0.,71.1032045629241));
#8073=CARTESIAN_POINT('',(88.597603624705,1.5,72.6789212968566));
#8074=CARTESIAN_POINT('',(88.597603624705,1.5,60.126602281462));
#8075=CARTESIAN_POINT('',(88.597603624705,2.,72.6789212968566));
#8076=CARTESIAN_POINT('',(88.597603624705,0.,72.6789212968566));
#8077=CARTESIAN_POINT('',(88.597603624705,2.,72.6789212968566));
#8078=CARTESIAN_POINT('Origin',(88.597603624705,0.,72.6789212968566));
#8079=CARTESIAN_POINT('',(98.597603624705,1.5,78.3474070575454));
#8080=CARTESIAN_POINT('',(69.5692677183596,1.5,61.8927361833844));
#8081=CARTESIAN_POINT('',(98.597603624705,2.,78.3474070575454));
#8082=CARTESIAN_POINT('',(98.597603624705,0.,78.3474070575454));
#8083=CARTESIAN_POINT('',(98.597603624705,2.,78.3474070575454));
#8084=CARTESIAN_POINT('Origin',(98.597603624705,0.,78.3474070575454));
#8085=CARTESIAN_POINT('',(98.597603624705,1.5,76.8808317926147));
#8086=CARTESIAN_POINT('',(98.597603624705,1.5,63.7487035287727));
#8087=CARTESIAN_POINT('',(98.597603624705,2.,76.8808317926147));
#8088=CARTESIAN_POINT('',(98.597603624705,0.,76.8808317926147));
#8089=CARTESIAN_POINT('',(98.597603624705,2.,76.8808317926147));
#8090=CARTESIAN_POINT('Origin',(94.6890075858867,0.,71.3965202119567));
#8091=CARTESIAN_POINT('',(94.6890075858867,1.5,74.7048426416137));
#8092=CARTESIAN_POINT('',(94.6890075858867,1.5,71.3965202119567));
#8093=CARTESIAN_POINT('',(94.6890075858867,1.5,60.2732601059783));
#8094=CARTESIAN_POINT('',(94.6890075858867,2.,74.7048426416137));
#8095=CARTESIAN_POINT('',(94.6890075858867,0.,74.7048426416137));
#8096=CARTESIAN_POINT('',(94.6890075858867,2.,71.3965202119567));
#8097=CARTESIAN_POINT('',(94.6890075858867,2.,74.7048426416137));
#8098=CARTESIAN_POINT('',(94.6890075858867,0.,71.3965202119567));
#8099=CARTESIAN_POINT('Origin',(94.6890075858867,0.,74.7048426416137));
#8100=CARTESIAN_POINT('',(91.7285736259257,1.5,73.0609131601073));
#8101=CARTESIAN_POINT('',(72.8182337411917,1.5,62.5599982056559));
#8102=CARTESIAN_POINT('',(91.7285736259257,2.,73.0609131601073));
#8103=CARTESIAN_POINT('',(91.7285736259257,0.,73.0609131601073));
#8104=CARTESIAN_POINT('',(91.7285736259257,2.,73.0609131601073));
#8105=CARTESIAN_POINT('Origin',(92.1787770446574,0.,71.7853332307555));
#8106=CARTESIAN_POINT('',(92.1787770446574,1.5,71.7853332307555));
#8107=CARTESIAN_POINT('',(74.101104735357,1.5,74.5854084541225));
#8108=CARTESIAN_POINT('',(92.1787770446574,2.,71.7853332307555));
#8109=CARTESIAN_POINT('',(94.6890075858867,2.,71.3965202119567));
#8110=CARTESIAN_POINT('',(92.1787770446574,0.,71.7853332307555));
#8111=CARTESIAN_POINT('Ctrl Pts',(89.6890087779796,0.,72.0650065686919));
#8112=CARTESIAN_POINT('Ctrl Pts',(89.6890087779796,2.,72.0650065686919));
#8113=CARTESIAN_POINT('Ctrl Pts',(90.0628965375728,0.,72.0364446327706));
#8114=CARTESIAN_POINT('Ctrl Pts',(90.0628965375728,2.,72.0364446327706));
#8115=CARTESIAN_POINT('Ctrl Pts',(90.8960711377361,0.,71.9727969766743));
#8116=CARTESIAN_POINT('Ctrl Pts',(90.8960711377361,2.,71.9727969766743));
#8117=CARTESIAN_POINT('Ctrl Pts',(91.7229569135468,0.,71.8519500201397));
#8118=CARTESIAN_POINT('Ctrl Pts',(91.7229569135468,2.,71.8519500201397));
#8119=CARTESIAN_POINT('Ctrl Pts',(92.1787770446574,0.,71.7853332307555));
#8120=CARTESIAN_POINT('Ctrl Pts',(92.1787770446574,2.,71.7853332307555));
#8121=CARTESIAN_POINT('',(89.6890087779796,1.5,72.0650065686919));
#8122=CARTESIAN_POINT('Ctrl Pts',(92.1787770446574,1.5,71.7853332307555));
#8123=CARTESIAN_POINT('Ctrl Pts',(91.7229569135468,1.5,71.8519500201397));
#8124=CARTESIAN_POINT('Ctrl Pts',(91.2671367824362,1.5,71.9185668095238));
#8125=CARTESIAN_POINT('Ctrl Pts',(90.8094056304728,1.5,71.9678021218993));
#8126=CARTESIAN_POINT('Ctrl Pts',(90.4367842971659,1.5,72.0078826968492));
#8127=CARTESIAN_POINT('Ctrl Pts',(90.0628965375728,1.5,72.0364446327706));
#8128=CARTESIAN_POINT('Ctrl Pts',(89.6890087779796,1.5,72.0650065686919));
#8129=CARTESIAN_POINT('',(89.6890087779796,2.,72.0650065686919));
#8130=CARTESIAN_POINT('Ctrl Pts',(89.6890087779796,2.,72.0650065686919));
#8131=CARTESIAN_POINT('Ctrl Pts',(90.0628965375728,2.,72.0364446327706));
#8132=CARTESIAN_POINT('Ctrl Pts',(90.8960711377361,2.,71.9727969766743));
#8133=CARTESIAN_POINT('Ctrl Pts',(91.7229569135468,2.,71.8519500201397));
#8134=CARTESIAN_POINT('Ctrl Pts',(92.1787770446574,2.,71.7853332307555));
#8135=CARTESIAN_POINT('',(89.6890087779796,0.,72.0650065686919));
#8136=CARTESIAN_POINT('Ctrl Pts',(91.7285736259257,0.,73.0609131601073));
#8137=CARTESIAN_POINT('Ctrl Pts',(91.7285736259257,2.,73.0609131601073));
#8138=CARTESIAN_POINT('Ctrl Pts',(91.3650271528267,0.,72.8623873976706));
#8139=CARTESIAN_POINT('Ctrl Pts',(91.3650271528267,2.,72.8623873976706));
#8140=CARTESIAN_POINT('Ctrl Pts',(90.7002280931179,0.,72.4993533704914));
#8141=CARTESIAN_POINT('Ctrl Pts',(90.7002280931179,2.,72.4993533704914));
#8142=CARTESIAN_POINT('Ctrl Pts',(90.0043464056065,0.,72.2004528442885));
#8143=CARTESIAN_POINT('Ctrl Pts',(90.0043464056065,2.,72.2004528442885));
#8144=CARTESIAN_POINT('Ctrl Pts',(89.6890087779796,0.,72.0650065686919));
#8145=CARTESIAN_POINT('Ctrl Pts',(89.6890087779796,2.,72.0650065686919));
#8146=CARTESIAN_POINT('Ctrl Pts',(89.6890087779796,1.5,72.0650065686919));
#8147=CARTESIAN_POINT('Ctrl Pts',(90.0043464056065,1.5,72.2004528442885));
#8148=CARTESIAN_POINT('Ctrl Pts',(90.3196840332335,1.5,72.3358991198851));
#8149=CARTESIAN_POINT('Ctrl Pts',(90.6286390479838,1.5,72.4845147874572));
#8150=CARTESIAN_POINT('Ctrl Pts',(91.0014806797278,1.5,72.6638616352339));
#8151=CARTESIAN_POINT('Ctrl Pts',(91.3650271528267,1.5,72.8623873976706));
#8152=CARTESIAN_POINT('Ctrl Pts',(91.7285736259257,1.5,73.0609131601073));
#8153=CARTESIAN_POINT('Ctrl Pts',(91.7285736259257,2.,73.0609131601073));
#8154=CARTESIAN_POINT('Ctrl Pts',(91.3650271528267,2.,72.8623873976706));
#8155=CARTESIAN_POINT('Ctrl Pts',(90.7002280931179,2.,72.4993533704914));
#8156=CARTESIAN_POINT('Ctrl Pts',(90.0043464056065,2.,72.2004528442885));
#8157=CARTESIAN_POINT('Ctrl Pts',(89.6890087779796,2.,72.0650065686919));
#8158=CARTESIAN_POINT('Origin',(98.597603624705,0.,70.7484985139587));
#8159=CARTESIAN_POINT('',(98.597603624705,1.5,70.7484985139587));
#8160=CARTESIAN_POINT('',(98.597603624705,1.5,59.9492492569793));
#8161=CARTESIAN_POINT('',(98.597603624705,2.,70.7484985139587));
#8162=CARTESIAN_POINT('',(98.597603624705,2.,69.4524539258697));
#8163=CARTESIAN_POINT('',(98.597603624705,0.,70.7484985139587));
#8164=CARTESIAN_POINT('Origin',(95.7190235313212,0.,71.2328089025237));
#8165=CARTESIAN_POINT('',(95.7190235313212,1.5,71.2328089025237));
#8166=CARTESIAN_POINT('',(76.0976066996758,1.5,74.5340392666789));
#8167=CARTESIAN_POINT('',(95.7190235313212,2.,71.2328089025237));
#8168=CARTESIAN_POINT('',(98.597603624705,2.,70.7484985139587));
#8169=CARTESIAN_POINT('',(95.7190235313212,0.,71.2328089025237));
#8170=CARTESIAN_POINT('Origin',(95.7190235313212,0.,75.2778304364898));
#8171=CARTESIAN_POINT('',(95.7190235313212,1.5,75.2778304364898));
#8172=CARTESIAN_POINT('',(95.7190235313212,1.5,62.2139152182449));
#8173=CARTESIAN_POINT('',(95.7190235313212,2.,75.2778304364898));
#8174=CARTESIAN_POINT('',(95.7190235313212,2.,71.2328089025237));
#8175=CARTESIAN_POINT('',(95.7190235313212,0.,75.2778304364898));
#8176=CARTESIAN_POINT('Origin',(98.597603624705,0.,76.8808317926147));
#8177=CARTESIAN_POINT('',(74.7865146740562,1.5,63.6210972566782));
#8178=CARTESIAN_POINT('',(95.7190235313212,2.,75.2778304364898));
#8179=CARTESIAN_POINT('Origin',(85.7940568383967,2.,54.6843772936978));
#8180=CARTESIAN_POINT('Origin',(51.65,1.5,49.15));
#8181=CARTESIAN_POINT('Ctrl Pts',(89.2797322925364,0.,59.6877897527434));
#8182=CARTESIAN_POINT('Ctrl Pts',(89.2797322925364,2.,59.6877897527434));
#8183=CARTESIAN_POINT('Ctrl Pts',(89.0312392406297,0.,60.0545619265487));
#8184=CARTESIAN_POINT('Ctrl Pts',(89.0312392406297,2.,60.0545619265487));
#8185=CARTESIAN_POINT('Ctrl Pts',(88.5056727312825,0.,60.8302905420308));
#8186=CARTESIAN_POINT('Ctrl Pts',(88.5056727312825,2.,60.8302905420308));
#8187=CARTESIAN_POINT('Ctrl Pts',(88.4542054124615,0.,61.7683086233524));
#8188=CARTESIAN_POINT('Ctrl Pts',(88.4542054124615,2.,61.7683086233524));
#8189=CARTESIAN_POINT('Ctrl Pts',(88.4270723518168,0.,62.2628224637725));
#8190=CARTESIAN_POINT('Ctrl Pts',(88.4270723518168,2.,62.2628224637725));
#8191=CARTESIAN_POINT('',(88.4270723518168,1.5,62.2628224637725));
#8192=CARTESIAN_POINT('',(89.2797322925364,1.5,59.6877897527434));
#8193=CARTESIAN_POINT('Ctrl Pts',(88.4270723518168,1.5,62.2628224637725));
#8194=CARTESIAN_POINT('Ctrl Pts',(88.4542054124615,1.5,61.7683086233524));
#8195=CARTESIAN_POINT('Ctrl Pts',(88.4813384731062,1.5,61.2737947829322));
#8196=CARTESIAN_POINT('Ctrl Pts',(88.64023763502,1.5,60.8243859555938));
#8197=CARTESIAN_POINT('Ctrl Pts',(88.7827461887231,1.5,60.4213341003539));
#8198=CARTESIAN_POINT('Ctrl Pts',(89.0312392406297,1.5,60.0545619265487));
#8199=CARTESIAN_POINT('Ctrl Pts',(89.2797322925364,1.5,59.6877897527434));
#8200=CARTESIAN_POINT('',(88.4270723518168,2.,62.2628224637725));
#8201=CARTESIAN_POINT('',(88.4270723518168,0.,62.2628224637725));
#8202=CARTESIAN_POINT('',(89.2797322925364,2.,59.6877897527434));
#8203=CARTESIAN_POINT('Ctrl Pts',(89.2797322925364,2.,59.6877897527434));
#8204=CARTESIAN_POINT('Ctrl Pts',(89.0312392406297,2.,60.0545619265487));
#8205=CARTESIAN_POINT('Ctrl Pts',(88.5056727312825,2.,60.8302905420308));
#8206=CARTESIAN_POINT('Ctrl Pts',(88.4542054124615,2.,61.7683086233524));
#8207=CARTESIAN_POINT('Ctrl Pts',(88.4270723518168,2.,62.2628224637725));
#8208=CARTESIAN_POINT('',(89.2797322925364,0.,59.6877897527434));
#8209=CARTESIAN_POINT('Ctrl Pts',(88.4270723518168,0.,62.2628224637725));
#8210=CARTESIAN_POINT('Ctrl Pts',(88.4270723518168,2.,62.2628224637725));
#8211=CARTESIAN_POINT('Ctrl Pts',(88.4923785584581,0.,62.949462359845));
#8212=CARTESIAN_POINT('Ctrl Pts',(88.4923785584581,2.,62.949462359845));
#8213=CARTESIAN_POINT('Ctrl Pts',(88.6228180193061,0.,64.3209237024464));
#8214=CARTESIAN_POINT('Ctrl Pts',(88.6228180193061,2.,64.3209237024464));
#8215=CARTESIAN_POINT('Ctrl Pts',(89.5432047222587,0.,65.3458530225029));
#8216=CARTESIAN_POINT('Ctrl Pts',(89.5432047222587,2.,65.3458530225029));
#8217=CARTESIAN_POINT('Ctrl Pts',(90.0027878936564,0.,65.8576381948211));
#8218=CARTESIAN_POINT('Ctrl Pts',(90.0027878936564,2.,65.8576381948211));
#8219=CARTESIAN_POINT('',(90.0027878936564,1.5,65.8576381948211));
#8220=CARTESIAN_POINT('Ctrl Pts',(90.0027878936564,1.5,65.8576381948211));
#8221=CARTESIAN_POINT('Ctrl Pts',(89.5432047222587,1.5,65.3458530225029));
#8222=CARTESIAN_POINT('Ctrl Pts',(89.0836215508611,1.5,64.8340678501847));
#8223=CARTESIAN_POINT('Ctrl Pts',(88.8210018333232,1.5,64.2358792569854));
#8224=CARTESIAN_POINT('Ctrl Pts',(88.5576847650993,1.5,63.6361022559175));
#8225=CARTESIAN_POINT('Ctrl Pts',(88.4923785584581,1.5,62.949462359845));
#8226=CARTESIAN_POINT('Ctrl Pts',(88.4270723518168,1.5,62.2628224637725));
#8227=CARTESIAN_POINT('',(90.0027878936564,2.,65.8576381948211));
#8228=CARTESIAN_POINT('',(90.0027878936564,0.,65.8576381948211));
#8229=CARTESIAN_POINT('Ctrl Pts',(88.4270723518168,2.,62.2628224637725));
#8230=CARTESIAN_POINT('Ctrl Pts',(88.4923785584581,2.,62.949462359845));
#8231=CARTESIAN_POINT('Ctrl Pts',(88.6228180193061,2.,64.3209237024464));
#8232=CARTESIAN_POINT('Ctrl Pts',(89.5432047222587,2.,65.3458530225029));
#8233=CARTESIAN_POINT('Ctrl Pts',(90.0027878936564,2.,65.8576381948211));
#8234=CARTESIAN_POINT('Ctrl Pts',(90.0027878936564,0.,65.8576381948211));
#8235=CARTESIAN_POINT('Ctrl Pts',(90.0027878936564,2.,65.8576381948211));
#8236=CARTESIAN_POINT('Ctrl Pts',(90.6445519842428,0.,66.3310076461095));
#8237=CARTESIAN_POINT('Ctrl Pts',(90.6445519842428,2.,66.3310076461095));
#8238=CARTESIAN_POINT('Ctrl Pts',(91.971648339353,0.,67.3098827228552));
#8239=CARTESIAN_POINT('Ctrl Pts',(91.971648339353,2.,67.3098827228552));
#8240=CARTESIAN_POINT('Ctrl Pts',(93.6196669442872,0.,67.4227947580295));
#8241=CARTESIAN_POINT('Ctrl Pts',(93.6196669442872,2.,67.4227947580295));
#8242=CARTESIAN_POINT('Ctrl Pts',(94.4707282241618,0.,67.4811042096831));
#8243=CARTESIAN_POINT('Ctrl Pts',(94.4707282241618,2.,67.4811042096831));
#8244=CARTESIAN_POINT('',(94.4707282241618,1.5,67.4811042096831));
#8245=CARTESIAN_POINT('Ctrl Pts',(94.4707282241618,1.5,67.4811042096831));
#8246=CARTESIAN_POINT('Ctrl Pts',(93.6196669442872,1.5,67.4227947580295));
#8247=CARTESIAN_POINT('Ctrl Pts',(92.7686056644127,1.5,67.3644853063759));
#8248=CARTESIAN_POINT('Ctrl Pts',(92.0031293090617,1.5,67.0752371099212));
#8249=CARTESIAN_POINT('Ctrl Pts',(91.2863160748292,1.5,66.8043770973979));
#8250=CARTESIAN_POINT('Ctrl Pts',(90.6445519842428,1.5,66.3310076461095));
#8251=CARTESIAN_POINT('Ctrl Pts',(90.0027878936564,1.5,65.8576381948211));
#8252=CARTESIAN_POINT('',(94.4707282241618,2.,67.4811042096831));
#8253=CARTESIAN_POINT('',(94.4707282241618,0.,67.4811042096831));
#8254=CARTESIAN_POINT('Ctrl Pts',(90.0027878936564,2.,65.8576381948211));
#8255=CARTESIAN_POINT('Ctrl Pts',(90.6445519842428,2.,66.3310076461095));
#8256=CARTESIAN_POINT('Ctrl Pts',(91.971648339353,2.,67.3098827228552));
#8257=CARTESIAN_POINT('Ctrl Pts',(93.6196669442872,2.,67.4227947580295));
#8258=CARTESIAN_POINT('Ctrl Pts',(94.4707282241618,2.,67.4811042096831));
#8259=CARTESIAN_POINT('Ctrl Pts',(94.4707282241618,0.,67.4811042096831));
#8260=CARTESIAN_POINT('Ctrl Pts',(94.4707282241618,2.,67.4811042096831));
#8261=CARTESIAN_POINT('Ctrl Pts',(95.1033628591392,0.,67.4531815537609));
#8262=CARTESIAN_POINT('Ctrl Pts',(95.1033628591392,2.,67.4531815537609));
#8263=CARTESIAN_POINT('Ctrl Pts',(96.2726778755061,0.,67.4015713840651));
#8264=CARTESIAN_POINT('Ctrl Pts',(96.2726778755061,2.,67.4015713840651));
#8265=CARTESIAN_POINT('Ctrl Pts',(97.2210110838994,0.,66.7243824360442));
#8266=CARTESIAN_POINT('Ctrl Pts',(97.2210110838994,2.,66.7243824360442));
#8267=CARTESIAN_POINT('Ctrl Pts',(97.6562674697673,0.,66.4135731008269));
#8268=CARTESIAN_POINT('Ctrl Pts',(97.6562674697673,2.,66.4135731008269));
#8269=CARTESIAN_POINT('',(97.6562674697673,1.5,66.4135731008269));
#8270=CARTESIAN_POINT('Ctrl Pts',(97.6562674697673,1.5,66.4135731008269));
#8271=CARTESIAN_POINT('Ctrl Pts',(97.2210110838994,1.5,66.7243824360442));
#8272=CARTESIAN_POINT('Ctrl Pts',(96.7857546980315,1.5,67.0351917712616));
#8273=CARTESIAN_POINT('Ctrl Pts',(96.3039477523601,1.5,67.2142208364226));
#8274=CARTESIAN_POINT('Ctrl Pts',(95.7359974941165,1.5,67.4252588978387));
#8275=CARTESIAN_POINT('Ctrl Pts',(95.1033628591392,1.5,67.4531815537609));
#8276=CARTESIAN_POINT('Ctrl Pts',(94.4707282241618,1.5,67.4811042096831));
#8277=CARTESIAN_POINT('',(97.6562674697673,2.,66.4135731008269));
#8278=CARTESIAN_POINT('',(97.6562674697673,0.,66.4135731008269));
#8279=CARTESIAN_POINT('Ctrl Pts',(94.4707282241618,2.,67.4811042096831));
#8280=CARTESIAN_POINT('Ctrl Pts',(95.1033628591392,2.,67.4531815537609));
#8281=CARTESIAN_POINT('Ctrl Pts',(96.2726778755061,2.,67.4015713840651));
#8282=CARTESIAN_POINT('Ctrl Pts',(97.2210110838994,2.,66.7243824360442));
#8283=CARTESIAN_POINT('Ctrl Pts',(97.6562674697673,2.,66.4135731008269));
#8284=CARTESIAN_POINT('Ctrl Pts',(97.6562674697673,0.,66.4135731008269));
#8285=CARTESIAN_POINT('Ctrl Pts',(97.6562674697673,2.,66.4135731008269));
#8286=CARTESIAN_POINT('Ctrl Pts',(97.9803662769726,0.,66.0132015998579));
#8287=CARTESIAN_POINT('Ctrl Pts',(97.9803662769726,2.,66.0132015998579));
#8288=CARTESIAN_POINT('Ctrl Pts',(98.6605388458436,0.,65.1729587286636));
#8289=CARTESIAN_POINT('Ctrl Pts',(98.6605388458436,2.,65.1729587286636));
#8290=CARTESIAN_POINT('Ctrl Pts',(98.7311628671426,0.,64.091112188458));
#8291=CARTESIAN_POINT('Ctrl Pts',(98.7311628671426,2.,64.091112188458));
#8292=CARTESIAN_POINT('Ctrl Pts',(98.7681348975932,0.,63.5247600820281));
#8293=CARTESIAN_POINT('Ctrl Pts',(98.7681348975932,2.,63.5247600820281));
#8294=CARTESIAN_POINT('',(98.7681348975932,1.5,63.5247600820281));
#8295=CARTESIAN_POINT('Ctrl Pts',(98.7681348975932,1.5,63.5247600820281));
#8296=CARTESIAN_POINT('Ctrl Pts',(98.7311628671426,1.5,64.091112188458));
#8297=CARTESIAN_POINT('Ctrl Pts',(98.6941908366921,1.5,64.657464294888));
#8298=CARTESIAN_POINT('Ctrl Pts',(98.4901674445902,1.5,65.1576030996062));
#8299=CARTESIAN_POINT('Ctrl Pts',(98.3044650841779,1.5,65.6128300988888));
#8300=CARTESIAN_POINT('Ctrl Pts',(97.9803662769726,1.5,66.0132015998579));
#8301=CARTESIAN_POINT('Ctrl Pts',(97.6562674697673,1.5,66.4135731008269));
#8302=CARTESIAN_POINT('',(98.7681348975932,2.,63.5247600820281));
#8303=CARTESIAN_POINT('',(98.7681348975932,0.,63.5247600820281));
#8304=CARTESIAN_POINT('Ctrl Pts',(97.6562674697673,2.,66.4135731008269));
#8305=CARTESIAN_POINT('Ctrl Pts',(97.9803662769726,2.,66.0132015998579));
#8306=CARTESIAN_POINT('Ctrl Pts',(98.6605388458436,2.,65.1729587286636));
#8307=CARTESIAN_POINT('Ctrl Pts',(98.7311628671426,2.,64.091112188458));
#8308=CARTESIAN_POINT('Ctrl Pts',(98.7681348975932,2.,63.5247600820281));
#8309=CARTESIAN_POINT('Ctrl Pts',(98.7681348975932,0.,63.5247600820281));
#8310=CARTESIAN_POINT('Ctrl Pts',(98.7681348975932,2.,63.5247600820281));
#8311=CARTESIAN_POINT('Ctrl Pts',(98.7312220858595,0.,63.0390752133819));
#8312=CARTESIAN_POINT('Ctrl Pts',(98.7312220858595,2.,63.0390752133819));
#8313=CARTESIAN_POINT('Ctrl Pts',(98.6574141902699,0.,62.0679387328246));
#8314=CARTESIAN_POINT('Ctrl Pts',(98.6574141902699,2.,62.0679387328246));
#8315=CARTESIAN_POINT('Ctrl Pts',(98.1400086296648,0.,61.2428158974279));
#8316=CARTESIAN_POINT('Ctrl Pts',(98.1400086296648,2.,61.2428158974279));
#8317=CARTESIAN_POINT('Ctrl Pts',(97.8813679870402,0.,60.8303535726287));
#8318=CARTESIAN_POINT('Ctrl Pts',(97.8813679870402,2.,60.8303535726287));
#8319=CARTESIAN_POINT('',(97.8813679870402,1.5,60.8303535726287));
#8320=CARTESIAN_POINT('Ctrl Pts',(97.8813679870402,1.5,60.8303535726287));
#8321=CARTESIAN_POINT('Ctrl Pts',(98.1400086296648,1.5,61.2428158974279));
#8322=CARTESIAN_POINT('Ctrl Pts',(98.3986492722894,1.5,61.6552782222272));
#8323=CARTESIAN_POINT('Ctrl Pts',(98.5464437660014,1.5,62.1042264249541));
#8324=CARTESIAN_POINT('Ctrl Pts',(98.6943092741259,1.5,62.5533903447358));
#8325=CARTESIAN_POINT('Ctrl Pts',(98.7312220858595,1.5,63.0390752133819));
#8326=CARTESIAN_POINT('Ctrl Pts',(98.7681348975932,1.5,63.5247600820281));
#8327=CARTESIAN_POINT('',(97.8813679870402,2.,60.8303535726287));
#8328=CARTESIAN_POINT('',(97.8813679870402,0.,60.8303535726287));
#8329=CARTESIAN_POINT('Ctrl Pts',(98.7681348975932,2.,63.5247600820281));
#8330=CARTESIAN_POINT('Ctrl Pts',(98.7312220858595,2.,63.0390752133819));
#8331=CARTESIAN_POINT('Ctrl Pts',(98.6574141902699,2.,62.0679387328246));
#8332=CARTESIAN_POINT('Ctrl Pts',(98.1400086296648,2.,61.2428158974279));
#8333=CARTESIAN_POINT('Ctrl Pts',(97.8813679870402,2.,60.8303535726287));
#8334=CARTESIAN_POINT('Ctrl Pts',(97.8813679870402,0.,60.8303535726287));
#8335=CARTESIAN_POINT('Ctrl Pts',(97.8813679870402,2.,60.8303535726287));
#8336=CARTESIAN_POINT('Ctrl Pts',(97.5358735395946,0.,60.4489529964714));
#8337=CARTESIAN_POINT('Ctrl Pts',(97.5358735395946,2.,60.4489529964714));
#8338=CARTESIAN_POINT('Ctrl Pts',(96.8039015712618,0.,59.6409095314689));
#8339=CARTESIAN_POINT('Ctrl Pts',(96.8039015712618,2.,59.6409095314689));
#8340=CARTESIAN_POINT('Ctrl Pts',(95.794798122654,0.,59.2229375911723));
#8341=CARTESIAN_POINT('Ctrl Pts',(95.794798122654,2.,59.2229375911723));
#8342=CARTESIAN_POINT('Ctrl Pts',(95.2619965728557,0.,59.002250507138));
#8343=CARTESIAN_POINT('Ctrl Pts',(95.2619965728557,2.,59.002250507138));
#8344=CARTESIAN_POINT('',(95.2619965728557,1.5,59.002250507138));
#8345=CARTESIAN_POINT('Ctrl Pts',(95.2619965728557,1.5,59.002250507138));
#8346=CARTESIAN_POINT('Ctrl Pts',(95.794798122654,1.5,59.2229375911723));
#8347=CARTESIAN_POINT('Ctrl Pts',(96.3275996724523,1.5,59.4436246752066));
#8348=CARTESIAN_POINT('Ctrl Pts',(96.7831428703105,1.5,59.7730553891875));
#8349=CARTESIAN_POINT('Ctrl Pts',(97.190379092149,1.5,60.0675524203142));
#8350=CARTESIAN_POINT('Ctrl Pts',(97.5358735395946,1.5,60.4489529964714));
#8351=CARTESIAN_POINT('Ctrl Pts',(97.8813679870402,1.5,60.8303535726287));
#8352=CARTESIAN_POINT('',(95.2619965728557,2.,59.002250507138));
#8353=CARTESIAN_POINT('',(95.2619965728557,0.,59.002250507138));
#8354=CARTESIAN_POINT('Ctrl Pts',(97.8813679870402,2.,60.8303535726287));
#8355=CARTESIAN_POINT('Ctrl Pts',(97.5358735395946,2.,60.4489529964714));
#8356=CARTESIAN_POINT('Ctrl Pts',(96.8039015712618,2.,59.6409095314689));
#8357=CARTESIAN_POINT('Ctrl Pts',(95.794798122654,2.,59.2229375911723));
#8358=CARTESIAN_POINT('Ctrl Pts',(95.2619965728557,2.,59.002250507138));
#8359=CARTESIAN_POINT('Origin',(95.2619965728557,0.,59.002250507138));
#8360=CARTESIAN_POINT('',(95.0778229888713,1.5,60.3255785253264));
#8361=CARTESIAN_POINT('',(95.5202137920412,1.5,57.1469025601926));
#8362=CARTESIAN_POINT('',(95.0778229888713,2.,60.3255785253264));
#8363=CARTESIAN_POINT('',(95.0778229888713,0.,60.3255785253264));
#8364=CARTESIAN_POINT('',(95.0778229888713,2.,60.3255785253264));
#8365=CARTESIAN_POINT('Ctrl Pts',(95.0778229888713,0.,60.3255785253264));
#8366=CARTESIAN_POINT('Ctrl Pts',(95.0778229888713,2.,60.3255785253264));
#8367=CARTESIAN_POINT('Ctrl Pts',(95.4599320644753,0.,60.4645670105894));
#8368=CARTESIAN_POINT('Ctrl Pts',(95.4599320644753,2.,60.4645670105894));
#8369=CARTESIAN_POINT('Ctrl Pts',(96.1887751688764,0.,60.7296766495451));
#8370=CARTESIAN_POINT('Ctrl Pts',(96.1887751688764,2.,60.7296766495451));
#8371=CARTESIAN_POINT('Ctrl Pts',(96.7302062049663,0.,61.2832409346371));
#8372=CARTESIAN_POINT('Ctrl Pts',(96.7302062049663,2.,61.2832409346371));
#8373=CARTESIAN_POINT('Ctrl Pts',(96.9877823051249,0.,61.5465892102935));
#8374=CARTESIAN_POINT('Ctrl Pts',(96.9877823051249,2.,61.5465892102935));
#8375=CARTESIAN_POINT('',(96.9877823051249,1.5,61.5465892102935));
#8376=CARTESIAN_POINT('Ctrl Pts',(96.9877823051249,1.5,61.5465892102935));
#8377=CARTESIAN_POINT('Ctrl Pts',(96.7302062049663,1.5,61.2832409346371));
#8378=CARTESIAN_POINT('Ctrl Pts',(96.4726301048076,1.5,61.0198926589807));
#8379=CARTESIAN_POINT('Ctrl Pts',(96.1726387199198,1.5,60.82182772424));
#8380=CARTESIAN_POINT('Ctrl Pts',(95.8420411400794,1.5,60.6035554958524));
#8381=CARTESIAN_POINT('Ctrl Pts',(95.4599320644753,1.5,60.4645670105894));
#8382=CARTESIAN_POINT('Ctrl Pts',(95.0778229888713,1.5,60.3255785253264));
#8383=CARTESIAN_POINT('',(96.9877823051249,2.,61.5465892102935));
#8384=CARTESIAN_POINT('',(96.9877823051249,0.,61.5465892102935));
#8385=CARTESIAN_POINT('Ctrl Pts',(95.0778229888713,2.,60.3255785253264));
#8386=CARTESIAN_POINT('Ctrl Pts',(95.4599320644753,2.,60.4645670105894));
#8387=CARTESIAN_POINT('Ctrl Pts',(96.1887751688764,2.,60.7296766495451));
#8388=CARTESIAN_POINT('Ctrl Pts',(96.7302062049663,2.,61.2832409346371));
#8389=CARTESIAN_POINT('Ctrl Pts',(96.9877823051249,2.,61.5465892102935));
#8390=CARTESIAN_POINT('Ctrl Pts',(91.5716822799479,0.,58.5452235486724));
#8391=CARTESIAN_POINT('Ctrl Pts',(91.5716822799479,2.,58.5452235486724));
#8392=CARTESIAN_POINT('Ctrl Pts',(91.120802645082,0.,58.6270301831038));
#8393=CARTESIAN_POINT('Ctrl Pts',(91.120802645082,2.,58.6270301831038));
#8394=CARTESIAN_POINT('Ctrl Pts',(90.2446180574945,0.,58.7860032364609));
#8395=CARTESIAN_POINT('Ctrl Pts',(90.2446180574945,2.,58.7860032364609));
#8396=CARTESIAN_POINT('Ctrl Pts',(89.5950407771131,0.,59.3931010443106));
#8397=CARTESIAN_POINT('Ctrl Pts',(89.5950407771131,2.,59.3931010443106));
#8398=CARTESIAN_POINT('Ctrl Pts',(89.2797322925364,0.,59.6877897527434));
#8399=CARTESIAN_POINT('Ctrl Pts',(89.2797322925364,2.,59.6877897527434));
#8400=CARTESIAN_POINT('',(91.5716822799479,1.5,58.5452235486724));
#8401=CARTESIAN_POINT('Ctrl Pts',(89.2797322925364,1.5,59.6877897527434));
#8402=CARTESIAN_POINT('Ctrl Pts',(89.5950407771131,1.5,59.3931010443106));
#8403=CARTESIAN_POINT('Ctrl Pts',(89.9103492616897,1.5,59.0984123358778));
#8404=CARTESIAN_POINT('Ctrl Pts',(90.2790506538188,1.5,58.9093101766326));
#8405=CARTESIAN_POINT('Ctrl Pts',(90.6699230102161,1.5,58.7088368175352));
#8406=CARTESIAN_POINT('Ctrl Pts',(91.120802645082,1.5,58.6270301831038));
#8407=CARTESIAN_POINT('Ctrl Pts',(91.5716822799479,1.5,58.5452235486724));
#8408=CARTESIAN_POINT('',(91.5716822799479,2.,58.5452235486724));
#8409=CARTESIAN_POINT('Ctrl Pts',(91.5716822799479,2.,58.5452235486724));
#8410=CARTESIAN_POINT('Ctrl Pts',(91.120802645082,2.,58.6270301831038));
#8411=CARTESIAN_POINT('Ctrl Pts',(90.2446180574945,2.,58.7860032364609));
#8412=CARTESIAN_POINT('Ctrl Pts',(89.5950407771131,2.,59.3931010443106));
#8413=CARTESIAN_POINT('Ctrl Pts',(89.2797322925364,2.,59.6877897527434));
#8414=CARTESIAN_POINT('',(91.5716822799479,0.,58.5452235486724));
#8415=CARTESIAN_POINT('Origin',(91.6876443084514,0.,59.7935188558318));
#8416=CARTESIAN_POINT('',(91.6876443084514,1.5,59.7935188558318));
#8417=CARTESIAN_POINT('',(91.0262234515257,1.5,52.6735282656939));
#8418=CARTESIAN_POINT('',(91.6876443084514,2.,59.7935188558318));
#8419=CARTESIAN_POINT('',(91.5716822799479,2.,58.5452235486724));
#8420=CARTESIAN_POINT('',(91.6876443084514,0.,59.7935188558318));
#8421=CARTESIAN_POINT('Ctrl Pts',(90.0675900634562,0.,60.6086624410369));
#8422=CARTESIAN_POINT('Ctrl Pts',(90.0675900634562,2.,60.6086624410369));
#8423=CARTESIAN_POINT('Ctrl Pts',(90.2816670095305,0.,60.4183106767055));
#8424=CARTESIAN_POINT('Ctrl Pts',(90.2816670095305,2.,60.4183106767055));
#8425=CARTESIAN_POINT('Ctrl Pts',(90.7474865342959,0.,60.0041158274931));
#8426=CARTESIAN_POINT('Ctrl Pts',(90.7474865342959,2.,60.0041158274931));
#8427=CARTESIAN_POINT('Ctrl Pts',(91.3578084081128,0.,59.867402669449));
#8428=CARTESIAN_POINT('Ctrl Pts',(91.3578084081128,2.,59.867402669449));
#8429=CARTESIAN_POINT('Ctrl Pts',(91.6876443084514,0.,59.7935188558318));
#8430=CARTESIAN_POINT('Ctrl Pts',(91.6876443084514,2.,59.7935188558318));
#8431=CARTESIAN_POINT('',(90.0675900634562,1.5,60.6086624410369));
#8432=CARTESIAN_POINT('Ctrl Pts',(91.6876443084514,1.5,59.7935188558318));
#8433=CARTESIAN_POINT('Ctrl Pts',(91.3578084081128,1.5,59.867402669449));
#8434=CARTESIAN_POINT('Ctrl Pts',(91.0279725077742,1.5,59.9412864830662));
#8435=CARTESIAN_POINT('Ctrl Pts',(90.7403405364787,1.5,60.0962126996734));
#8436=CARTESIAN_POINT('Ctrl Pts',(90.4957439556047,1.5,60.2279589123742));
#8437=CARTESIAN_POINT('Ctrl Pts',(90.2816670095305,1.5,60.4183106767055));
#8438=CARTESIAN_POINT('Ctrl Pts',(90.0675900634562,1.5,60.6086624410369));
#8439=CARTESIAN_POINT('',(90.0675900634562,2.,60.6086624410369));
#8440=CARTESIAN_POINT('Ctrl Pts',(90.0675900634562,2.,60.6086624410369));
#8441=CARTESIAN_POINT('Ctrl Pts',(90.2816670095305,2.,60.4183106767055));
#8442=CARTESIAN_POINT('Ctrl Pts',(90.7474865342959,2.,60.0041158274931));
#8443=CARTESIAN_POINT('Ctrl Pts',(91.3578084081128,2.,59.867402669449));
#8444=CARTESIAN_POINT('Ctrl Pts',(91.6876443084514,2.,59.7935188558318));
#8445=CARTESIAN_POINT('',(90.0675900634562,0.,60.6086624410369));
#8446=CARTESIAN_POINT('Ctrl Pts',(89.5321198161876,0.,62.2014320638396));
#8447=CARTESIAN_POINT('Ctrl Pts',(89.5321198161876,2.,62.2014320638396));
#8448=CARTESIAN_POINT('Ctrl Pts',(89.5497646835021,0.,61.8967860374595));
#8449=CARTESIAN_POINT('Ctrl Pts',(89.5497646835021,2.,61.8967860374595));
#8450=CARTESIAN_POINT('Ctrl Pts',(89.5834198871446,0.,61.3157148469586));
#8451=CARTESIAN_POINT('Ctrl Pts',(89.5834198871446,2.,61.3157148469586));
#8452=CARTESIAN_POINT('Ctrl Pts',(89.9115114752174,0.,60.8365900308109));
#8453=CARTESIAN_POINT('Ctrl Pts',(89.9115114752174,2.,60.8365900308109));
#8454=CARTESIAN_POINT('Ctrl Pts',(90.0675900634562,0.,60.6086624410369));
#8455=CARTESIAN_POINT('Ctrl Pts',(90.0675900634562,2.,60.6086624410369));
#8456=CARTESIAN_POINT('',(89.5321198161876,1.5,62.2014320638396));
#8457=CARTESIAN_POINT('Ctrl Pts',(90.0675900634562,1.5,60.6086624410369));
#8458=CARTESIAN_POINT('Ctrl Pts',(89.9115114752174,1.5,60.8365900308109));
#8459=CARTESIAN_POINT('Ctrl Pts',(89.7554328869785,1.5,61.0645176205848));
#8460=CARTESIAN_POINT('Ctrl Pts',(89.6659870799815,1.5,61.315516307614));
#8461=CARTESIAN_POINT('Ctrl Pts',(89.5674095508166,1.5,61.5921400110793));
#8462=CARTESIAN_POINT('Ctrl Pts',(89.5497646835021,1.5,61.8967860374595));
#8463=CARTESIAN_POINT('Ctrl Pts',(89.5321198161876,1.5,62.2014320638396));
#8464=CARTESIAN_POINT('',(89.5321198161876,2.,62.2014320638396));
#8465=CARTESIAN_POINT('Ctrl Pts',(89.5321198161876,2.,62.2014320638396));
#8466=CARTESIAN_POINT('Ctrl Pts',(89.5497646835021,2.,61.8967860374595));
#8467=CARTESIAN_POINT('Ctrl Pts',(89.5834198871446,2.,61.3157148469586));
#8468=CARTESIAN_POINT('Ctrl Pts',(89.9115114752174,2.,60.8365900308109));
#8469=CARTESIAN_POINT('Ctrl Pts',(90.0675900634562,2.,60.6086624410369));
#8470=CARTESIAN_POINT('',(89.5321198161876,0.,62.2014320638396));
#8471=CARTESIAN_POINT('Ctrl Pts',(91.1624057945048,0.,65.1686895635345));
#8472=CARTESIAN_POINT('Ctrl Pts',(91.1624057945048,2.,65.1686895635345));
#8473=CARTESIAN_POINT('Ctrl Pts',(90.6869820577538,0.,64.769437659008));
#8474=CARTESIAN_POINT('Ctrl Pts',(90.6869820577538,2.,64.769437659008));
#8475=CARTESIAN_POINT('Ctrl Pts',(89.7578779448033,0.,63.9891935148393));
#8476=CARTESIAN_POINT('Ctrl Pts',(89.7578779448033,2.,63.9891935148393));
#8477=CARTESIAN_POINT('Ctrl Pts',(89.6061892272376,0.,62.7879820967684));
#8478=CARTESIAN_POINT('Ctrl Pts',(89.6061892272376,2.,62.7879820967684));
#8479=CARTESIAN_POINT('Ctrl Pts',(89.5321198161876,0.,62.2014320638396));
#8480=CARTESIAN_POINT('Ctrl Pts',(89.5321198161876,2.,62.2014320638396));
#8481=CARTESIAN_POINT('',(91.1624057945048,1.5,65.1686895635345));
#8482=CARTESIAN_POINT('Ctrl Pts',(89.5321198161876,1.5,62.2014320638396));
#8483=CARTESIAN_POINT('Ctrl Pts',(89.6061892272376,1.5,62.7879820967684));
#8484=CARTESIAN_POINT('Ctrl Pts',(89.6802586382877,1.5,63.3745321296972));
#8485=CARTESIAN_POINT('Ctrl Pts',(89.9396916087901,1.5,63.8607085492827));
#8486=CARTESIAN_POINT('Ctrl Pts',(90.2115583210027,1.5,64.3701857544815));
#8487=CARTESIAN_POINT('Ctrl Pts',(90.6869820577538,1.5,64.769437659008));
#8488=CARTESIAN_POINT('Ctrl Pts',(91.1624057945048,1.5,65.1686895635345));
#8489=CARTESIAN_POINT('',(91.1624057945048,2.,65.1686895635345));
#8490=CARTESIAN_POINT('Ctrl Pts',(91.1624057945048,2.,65.1686895635345));
#8491=CARTESIAN_POINT('Ctrl Pts',(90.6869820577538,2.,64.769437659008));
#8492=CARTESIAN_POINT('Ctrl Pts',(89.7578779448033,2.,63.9891935148393));
#8493=CARTESIAN_POINT('Ctrl Pts',(89.6061892272376,2.,62.7879820967684));
#8494=CARTESIAN_POINT('Ctrl Pts',(89.5321198161876,2.,62.2014320638396));
#8495=CARTESIAN_POINT('',(91.1624057945048,0.,65.1686895635345));
#8496=CARTESIAN_POINT('Ctrl Pts',(94.4980128463542,0.,66.1509550359466));
#8497=CARTESIAN_POINT('Ctrl Pts',(94.4980128463542,2.,66.1509550359466));
#8498=CARTESIAN_POINT('Ctrl Pts',(93.8843972255796,0.,66.1154841591837));
#8499=CARTESIAN_POINT('Ctrl Pts',(93.8843972255796,2.,66.1154841591837));
#8500=CARTESIAN_POINT('Ctrl Pts',(92.6949530696383,0.,66.0467267389954));
#8501=CARTESIAN_POINT('Ctrl Pts',(92.6949530696383,2.,66.0467267389954));
#8502=CARTESIAN_POINT('Ctrl Pts',(91.662319749419,0.,65.4551035907351));
#8503=CARTESIAN_POINT('Ctrl Pts',(91.662319749419,2.,65.4551035907351));
#8504=CARTESIAN_POINT('Ctrl Pts',(91.1624057945048,0.,65.1686895635345));
#8505=CARTESIAN_POINT('Ctrl Pts',(91.1624057945048,2.,65.1686895635345));
#8506=CARTESIAN_POINT('',(94.4980128463542,1.5,66.1509550359466));
#8507=CARTESIAN_POINT('Ctrl Pts',(91.1624057945048,1.5,65.1686895635345));
#8508=CARTESIAN_POINT('Ctrl Pts',(91.662319749419,1.5,65.4551035907351));
#8509=CARTESIAN_POINT('Ctrl Pts',(92.1622337043332,1.5,65.7415176179358));
#8510=CARTESIAN_POINT('Ctrl Pts',(92.6988990958964,1.5,65.9053886678436));
#8511=CARTESIAN_POINT('Ctrl Pts',(93.270781604805,1.5,66.0800132824209));
#8512=CARTESIAN_POINT('Ctrl Pts',(93.8843972255796,1.5,66.1154841591837));
#8513=CARTESIAN_POINT('Ctrl Pts',(94.4980128463542,1.5,66.1509550359466));
#8514=CARTESIAN_POINT('',(94.4980128463542,2.,66.1509550359466));
#8515=CARTESIAN_POINT('Ctrl Pts',(94.4980128463542,2.,66.1509550359466));
#8516=CARTESIAN_POINT('Ctrl Pts',(93.8843972255796,2.,66.1154841591837));
#8517=CARTESIAN_POINT('Ctrl Pts',(92.6949530696383,2.,66.0467267389954));
#8518=CARTESIAN_POINT('Ctrl Pts',(91.662319749419,2.,65.4551035907351));
#8519=CARTESIAN_POINT('Ctrl Pts',(91.1624057945048,2.,65.1686895635345));
#8520=CARTESIAN_POINT('',(94.4980128463542,0.,66.1509550359466));
#8521=CARTESIAN_POINT('Ctrl Pts',(96.8513544257914,0.,65.3937924649932));
#8522=CARTESIAN_POINT('Ctrl Pts',(96.8513544257914,2.,65.3937924649932));
#8523=CARTESIAN_POINT('Ctrl Pts',(96.5305525025757,0.,65.6141587981102));
#8524=CARTESIAN_POINT('Ctrl Pts',(96.5305525025757,2.,65.6141587981102));
#8525=CARTESIAN_POINT('Ctrl Pts',(95.8252593417758,0.,66.0986411417944));
#8526=CARTESIAN_POINT('Ctrl Pts',(95.8252593417758,2.,66.0986411417944));
#8527=CARTESIAN_POINT('Ctrl Pts',(94.9662840460159,0.,66.1324979595421));
#8528=CARTESIAN_POINT('Ctrl Pts',(94.9662840460159,2.,66.1324979595421));
#8529=CARTESIAN_POINT('Ctrl Pts',(94.4980128463542,0.,66.1509550359466));
#8530=CARTESIAN_POINT('Ctrl Pts',(94.4980128463542,2.,66.1509550359466));
#8531=CARTESIAN_POINT('',(96.8513544257914,1.5,65.3937924649932));
#8532=CARTESIAN_POINT('Ctrl Pts',(94.4980128463542,1.5,66.1509550359466));
#8533=CARTESIAN_POINT('Ctrl Pts',(94.9662840460159,1.5,66.1324979595421));
#8534=CARTESIAN_POINT('Ctrl Pts',(95.4345552456776,1.5,66.1140408831376));
#8535=CARTESIAN_POINT('Ctrl Pts',(95.8571537193095,1.5,65.9616626050689));
#8536=CARTESIAN_POINT('Ctrl Pts',(96.20975057936,1.5,65.8345251312272));
#8537=CARTESIAN_POINT('Ctrl Pts',(96.5305525025757,1.5,65.6141587981102));
#8538=CARTESIAN_POINT('Ctrl Pts',(96.8513544257914,1.5,65.3937924649932));
#8539=CARTESIAN_POINT('',(96.8513544257914,2.,65.3937924649932));
#8540=CARTESIAN_POINT('Ctrl Pts',(96.8513544257914,2.,65.3937924649932));
#8541=CARTESIAN_POINT('Ctrl Pts',(96.5305525025757,2.,65.6141587981102));
#8542=CARTESIAN_POINT('Ctrl Pts',(95.8252593417758,2.,66.0986411417944));
#8543=CARTESIAN_POINT('Ctrl Pts',(94.9662840460159,2.,66.1324979595421));
#8544=CARTESIAN_POINT('Ctrl Pts',(94.4980128463542,2.,66.1509550359466));
#8545=CARTESIAN_POINT('',(96.8513544257914,0.,65.3937924649932));
#8546=CARTESIAN_POINT('Ctrl Pts',(97.6630886253154,0.,63.4224403646209));
#8547=CARTESIAN_POINT('Ctrl Pts',(97.6630886253154,2.,63.4224403646209));
#8548=CARTESIAN_POINT('Ctrl Pts',(97.6328419817449,0.,63.804725309828));
#8549=CARTESIAN_POINT('Ctrl Pts',(97.6328419817449,2.,63.804725309828));
#8550=CARTESIAN_POINT('Ctrl Pts',(97.5738488691696,0.,64.5503346120921));
#8551=CARTESIAN_POINT('Ctrl Pts',(97.5738488691696,2.,64.5503346120921));
#8552=CARTESIAN_POINT('Ctrl Pts',(97.08806816147,0.,65.1174470050695));
#8553=CARTESIAN_POINT('Ctrl Pts',(97.08806816147,2.,65.1174470050695));
#8554=CARTESIAN_POINT('Ctrl Pts',(96.8513544257914,0.,65.3937924649932));
#8555=CARTESIAN_POINT('Ctrl Pts',(96.8513544257914,2.,65.3937924649932));
#8556=CARTESIAN_POINT('',(97.6630886253154,1.5,63.4224403646209));
#8557=CARTESIAN_POINT('Ctrl Pts',(96.8513544257914,1.5,65.3937924649932));
#8558=CARTESIAN_POINT('Ctrl Pts',(97.08806816147,1.5,65.1174470050695));
#8559=CARTESIAN_POINT('Ctrl Pts',(97.3247818971486,1.5,64.8411015451458));
#8560=CARTESIAN_POINT('Ctrl Pts',(97.4601562675273,1.5,64.522372558377));
#8561=CARTESIAN_POINT('Ctrl Pts',(97.6025953381744,1.5,64.1870102550351));
#8562=CARTESIAN_POINT('Ctrl Pts',(97.6328419817449,1.5,63.804725309828));
#8563=CARTESIAN_POINT('Ctrl Pts',(97.6630886253154,1.5,63.4224403646209));
#8564=CARTESIAN_POINT('',(97.6630886253154,2.,63.4224403646209));
#8565=CARTESIAN_POINT('Ctrl Pts',(97.6630886253154,2.,63.4224403646209));
#8566=CARTESIAN_POINT('Ctrl Pts',(97.6328419817449,2.,63.804725309828));
#8567=CARTESIAN_POINT('Ctrl Pts',(97.5738488691696,2.,64.5503346120921));
#8568=CARTESIAN_POINT('Ctrl Pts',(97.08806816147,2.,65.1174470050695));
#8569=CARTESIAN_POINT('Ctrl Pts',(96.8513544257914,2.,65.3937924649932));
#8570=CARTESIAN_POINT('',(97.6630886253154,0.,63.4224403646209));
#8571=CARTESIAN_POINT('Ctrl Pts',(96.9877823051249,0.,61.5465892102935));
#8572=CARTESIAN_POINT('Ctrl Pts',(96.9877823051249,2.,61.5465892102935));
#8573=CARTESIAN_POINT('Ctrl Pts',(97.1847393384485,0.,61.8326771524929));
#8574=CARTESIAN_POINT('Ctrl Pts',(97.1847393384485,2.,61.8326771524929));
#8575=CARTESIAN_POINT('Ctrl Pts',(97.5746122195479,0.,62.3989830537899));
#8576=CARTESIAN_POINT('Ctrl Pts',(97.5746122195479,2.,62.3989830537899));
#8577=CARTESIAN_POINT('Ctrl Pts',(97.6338009950283,0.,63.0836535538972));
#8578=CARTESIAN_POINT('Ctrl Pts',(97.6338009950283,2.,63.0836535538972));
#8579=CARTESIAN_POINT('Ctrl Pts',(97.6630886253154,0.,63.4224403646209));
#8580=CARTESIAN_POINT('Ctrl Pts',(97.6630886253154,2.,63.4224403646209));
#8581=CARTESIAN_POINT('Ctrl Pts',(97.6630886253154,1.5,63.4224403646209));
#8582=CARTESIAN_POINT('Ctrl Pts',(97.6338009950283,1.5,63.0836535538972));
#8583=CARTESIAN_POINT('Ctrl Pts',(97.6045133647412,1.5,62.7448667431736));
#8584=CARTESIAN_POINT('Ctrl Pts',(97.494259661082,1.5,62.435060813687));
#8585=CARTESIAN_POINT('Ctrl Pts',(97.3816963717721,1.5,62.1187650946923));
#8586=CARTESIAN_POINT('Ctrl Pts',(97.1847393384485,1.5,61.8326771524929));
#8587=CARTESIAN_POINT('Ctrl Pts',(96.9877823051249,1.5,61.5465892102935));
#8588=CARTESIAN_POINT('Ctrl Pts',(96.9877823051249,2.,61.5465892102935));
#8589=CARTESIAN_POINT('Ctrl Pts',(97.1847393384485,2.,61.8326771524929));
#8590=CARTESIAN_POINT('Ctrl Pts',(97.5746122195479,2.,62.3989830537899));
#8591=CARTESIAN_POINT('Ctrl Pts',(97.6338009950283,2.,63.0836535538972));
#8592=CARTESIAN_POINT('Ctrl Pts',(97.6630886253154,2.,63.4224403646209));
#8593=CARTESIAN_POINT('Origin',(85.7940568383967,2.,54.6843772936978));
#8594=CARTESIAN_POINT('Ctrl Pts',(91.0532649215495,0.,39.5957005765655));
#8595=CARTESIAN_POINT('Ctrl Pts',(91.0532649215495,2.,39.5957005765655));
#8596=CARTESIAN_POINT('Ctrl Pts',(90.8111685013192,0.,39.609372546808));
#8597=CARTESIAN_POINT('Ctrl Pts',(90.8111685013192,2.,39.609372546808));
#8598=CARTESIAN_POINT('Ctrl Pts',(90.3356465087947,0.,39.6362268163808));
#8599=CARTESIAN_POINT('Ctrl Pts',(90.3356465087947,2.,39.6362268163808));
#8600=CARTESIAN_POINT('Ctrl Pts',(89.908781303242,0.,39.846960091175));
#8601=CARTESIAN_POINT('Ctrl Pts',(89.908781303242,2.,39.846960091175));
#8602=CARTESIAN_POINT('Ctrl Pts',(89.6992405113017,0.,39.950405433438));
#8603=CARTESIAN_POINT('Ctrl Pts',(89.6992405113017,2.,39.950405433438));
#8604=CARTESIAN_POINT('',(89.6992405113017,1.5,39.950405433438));
#8605=CARTESIAN_POINT('',(91.0532649215495,1.5,39.5957005765655));
#8606=CARTESIAN_POINT('Ctrl Pts',(89.6992405113017,1.5,39.950405433438));
#8607=CARTESIAN_POINT('Ctrl Pts',(89.908781303242,1.5,39.846960091175));
#8608=CARTESIAN_POINT('Ctrl Pts',(90.1183220951824,1.5,39.743514748912));
#8609=CARTESIAN_POINT('Ctrl Pts',(90.3395875152385,1.5,39.6843779828765));
#8610=CARTESIAN_POINT('Ctrl Pts',(90.5690720810889,1.5,39.6230445170506));
#8611=CARTESIAN_POINT('Ctrl Pts',(90.8111685013192,1.5,39.609372546808));
#8612=CARTESIAN_POINT('Ctrl Pts',(91.0532649215495,1.5,39.5957005765655));
#8613=CARTESIAN_POINT('',(89.6992405113017,2.,39.950405433438));
#8614=CARTESIAN_POINT('',(89.6992405113017,0.,39.950405433438));
#8615=CARTESIAN_POINT('',(91.0532649215495,2.,39.5957005765655));
#8616=CARTESIAN_POINT('Ctrl Pts',(91.0532649215495,2.,39.5957005765655));
#8617=CARTESIAN_POINT('Ctrl Pts',(90.8111685013192,2.,39.609372546808));
#8618=CARTESIAN_POINT('Ctrl Pts',(90.3356465087947,2.,39.6362268163808));
#8619=CARTESIAN_POINT('Ctrl Pts',(89.908781303242,2.,39.846960091175));
#8620=CARTESIAN_POINT('Ctrl Pts',(89.6992405113017,2.,39.950405433438));
#8621=CARTESIAN_POINT('',(91.0532649215495,0.,39.5957005765655));
#8622=CARTESIAN_POINT('Ctrl Pts',(89.6992405113017,0.,39.950405433438));
#8623=CARTESIAN_POINT('Ctrl Pts',(89.6992405113017,2.,39.950405433438));
#8624=CARTESIAN_POINT('Ctrl Pts',(89.5147814153279,0.,40.0722764980167));
#8625=CARTESIAN_POINT('Ctrl Pts',(89.5147814153279,2.,40.0722764980167));
#8626=CARTESIAN_POINT('Ctrl Pts',(89.1609909276195,0.,40.3060238399258));
#8627=CARTESIAN_POINT('Ctrl Pts',(89.1609909276195,2.,40.3060238399258));
#8628=CARTESIAN_POINT('Ctrl Pts',(88.9483533035245,0.,40.6721617592072));
#8629=CARTESIAN_POINT('Ctrl Pts',(88.9483533035245,2.,40.6721617592072));
#8630=CARTESIAN_POINT('Ctrl Pts',(88.8465805705821,0.,40.8474028852202));
#8631=CARTESIAN_POINT('Ctrl Pts',(88.8465805705821,2.,40.8474028852202));
#8632=CARTESIAN_POINT('',(88.8465805705821,1.5,40.8474028852202));
#8633=CARTESIAN_POINT('Ctrl Pts',(88.8465805705821,1.5,40.8474028852202));
#8634=CARTESIAN_POINT('Ctrl Pts',(88.9483533035245,1.5,40.6721617592072));
#8635=CARTESIAN_POINT('Ctrl Pts',(89.050126036467,1.5,40.4969206331942));
#8636=CARTESIAN_POINT('Ctrl Pts',(89.1842337306773,1.5,40.3520072248199));
#8637=CARTESIAN_POINT('Ctrl Pts',(89.330322319354,1.5,40.1941475625954));
#8638=CARTESIAN_POINT('Ctrl Pts',(89.5147814153279,1.5,40.0722764980167));
#8639=CARTESIAN_POINT('Ctrl Pts',(89.6992405113017,1.5,39.950405433438));
#8640=CARTESIAN_POINT('',(88.8465805705821,2.,40.8474028852202));
#8641=CARTESIAN_POINT('',(88.8465805705821,0.,40.8474028852202));
#8642=CARTESIAN_POINT('Ctrl Pts',(89.6992405113017,2.,39.950405433438));
#8643=CARTESIAN_POINT('Ctrl Pts',(89.5147814153279,2.,40.0722764980167));
#8644=CARTESIAN_POINT('Ctrl Pts',(89.1609909276195,2.,40.3060238399258));
#8645=CARTESIAN_POINT('Ctrl Pts',(88.9483533035245,2.,40.6721617592072));
#8646=CARTESIAN_POINT('Ctrl Pts',(88.8465805705821,2.,40.8474028852202));
#8647=CARTESIAN_POINT('Ctrl Pts',(88.8465805705821,0.,40.8474028852202));
#8648=CARTESIAN_POINT('Ctrl Pts',(88.8465805705821,2.,40.8474028852202));
#8649=CARTESIAN_POINT('Ctrl Pts',(88.7743675421163,0.,41.0716749786593));
#8650=CARTESIAN_POINT('Ctrl Pts',(88.7743675421163,2.,41.0716749786593));
#8651=CARTESIAN_POINT('Ctrl Pts',(88.6044765518626,0.,41.5993056410223));
#8652=CARTESIAN_POINT('Ctrl Pts',(88.6044765518626,2.,41.5993056410223));
#8653=CARTESIAN_POINT('Ctrl Pts',(88.6001126359754,0.,42.1548647706501));
#8654=CARTESIAN_POINT('Ctrl Pts',(88.6001126359754,2.,42.1548647706501));
#8655=CARTESIAN_POINT('Ctrl Pts',(88.597603624705,0.,42.4742806699492));
#8656=CARTESIAN_POINT('Ctrl Pts',(88.597603624705,2.,42.4742806699492));
#8657=CARTESIAN_POINT('',(88.597603624705,1.5,42.4742806699492));
#8658=CARTESIAN_POINT('Ctrl Pts',(88.597603624705,1.5,42.4742806699492));
#8659=CARTESIAN_POINT('Ctrl Pts',(88.6001126359754,1.5,42.1548647706501));
#8660=CARTESIAN_POINT('Ctrl Pts',(88.6026216472457,1.5,41.8354488713509));
#8661=CARTESIAN_POINT('Ctrl Pts',(88.6598475631511,1.5,41.5252650525786));
#8662=CARTESIAN_POINT('Ctrl Pts',(88.7021545136505,1.5,41.2959470720984));
#8663=CARTESIAN_POINT('Ctrl Pts',(88.7743675421163,1.5,41.0716749786593));
#8664=CARTESIAN_POINT('Ctrl Pts',(88.8465805705821,1.5,40.8474028852202));
#8665=CARTESIAN_POINT('',(88.597603624705,2.,42.4742806699492));
#8666=CARTESIAN_POINT('',(88.597603624705,0.,42.4742806699492));
#8667=CARTESIAN_POINT('Ctrl Pts',(88.8465805705821,2.,40.8474028852202));
#8668=CARTESIAN_POINT('Ctrl Pts',(88.7743675421163,2.,41.0716749786593));
#8669=CARTESIAN_POINT('Ctrl Pts',(88.6044765518626,2.,41.5993056410223));
#8670=CARTESIAN_POINT('Ctrl Pts',(88.6001126359754,2.,42.1548647706501));
#8671=CARTESIAN_POINT('Ctrl Pts',(88.597603624705,2.,42.4742806699492));
#8672=CARTESIAN_POINT('Origin',(88.597603624705,0.,42.4742806699492));
#8673=CARTESIAN_POINT('',(88.597603624705,1.5,46.6489041593291));
#8674=CARTESIAN_POINT('',(88.597603624705,1.5,45.8121403349746));
#8675=CARTESIAN_POINT('',(88.597603624705,2.,46.6489041593291));
#8676=CARTESIAN_POINT('',(88.597603624705,0.,46.6489041593291));
#8677=CARTESIAN_POINT('',(88.597603624705,2.,46.6489041593291));
#8678=CARTESIAN_POINT('Origin',(88.597603624705,0.,46.6489041593291));
#8679=CARTESIAN_POINT('',(98.597603624705,1.5,48.743039443753));
#8680=CARTESIAN_POINT('',(71.1507962090232,1.5,42.9953066583565));
#8681=CARTESIAN_POINT('',(98.597603624705,2.,48.743039443753));
#8682=CARTESIAN_POINT('',(98.597603624705,0.,48.743039443753));
#8683=CARTESIAN_POINT('',(98.597603624705,2.,48.743039443753));
#8684=CARTESIAN_POINT('Origin',(98.597603624705,0.,48.743039443753));
#8685=CARTESIAN_POINT('',(98.597603624705,1.5,47.4060691144683));
#8686=CARTESIAN_POINT('',(98.597603624705,1.5,48.9465197218765));
#8687=CARTESIAN_POINT('',(98.597603624705,2.,47.4060691144683));
#8688=CARTESIAN_POINT('',(98.597603624705,0.,47.4060691144683));
#8689=CARTESIAN_POINT('',(98.597603624705,2.,47.4060691144683));
#8690=CARTESIAN_POINT('Ctrl Pts',(90.2858718093669,0.,41.1032021787383));
#8691=CARTESIAN_POINT('Ctrl Pts',(90.2858718093669,2.,41.1032021787383));
#8692=CARTESIAN_POINT('Ctrl Pts',(90.4024256637898,0.,41.0475858250989));
#8693=CARTESIAN_POINT('Ctrl Pts',(90.4024256637898,2.,41.0475858250989));
#8694=CARTESIAN_POINT('Ctrl Pts',(90.6553458274019,0.,40.9268991491271));
#8695=CARTESIAN_POINT('Ctrl Pts',(90.6553458274019,2.,40.9268991491271));
#8696=CARTESIAN_POINT('Ctrl Pts',(90.9360332103878,0.,40.9173523681693));
#8697=CARTESIAN_POINT('Ctrl Pts',(90.9360332103878,2.,40.9173523681693));
#8698=CARTESIAN_POINT('Ctrl Pts',(91.08737069929,0.,40.91220505502));
#8699=CARTESIAN_POINT('Ctrl Pts',(91.08737069929,2.,40.91220505502));
#8700=CARTESIAN_POINT('',(91.08737069929,1.5,40.91220505502));
#8701=CARTESIAN_POINT('',(90.2858718093669,1.5,41.1032021787383));
#8702=CARTESIAN_POINT('Ctrl Pts',(91.08737069929,1.5,40.91220505502));
#8703=CARTESIAN_POINT('Ctrl Pts',(90.9360332103878,1.5,40.9173523681693));
#8704=CARTESIAN_POINT('Ctrl Pts',(90.7846957214857,1.5,40.9224996813185));
#8705=CARTESIAN_POINT('Ctrl Pts',(90.6414302047526,1.5,40.9599555280425));
#8706=CARTESIAN_POINT('Ctrl Pts',(90.5189795182127,1.5,40.9919694714594));
#8707=CARTESIAN_POINT('Ctrl Pts',(90.4024256637898,1.5,41.0475858250989));
#8708=CARTESIAN_POINT('Ctrl Pts',(90.2858718093669,1.5,41.1032021787383));
#8709=CARTESIAN_POINT('',(91.08737069929,2.,40.91220505502));
#8710=CARTESIAN_POINT('',(91.08737069929,0.,40.91220505502));
#8711=CARTESIAN_POINT('',(90.2858718093669,2.,41.1032021787383));
#8712=CARTESIAN_POINT('Ctrl Pts',(90.2858718093669,2.,41.1032021787383));
#8713=CARTESIAN_POINT('Ctrl Pts',(90.4024256637898,2.,41.0475858250989));
#8714=CARTESIAN_POINT('Ctrl Pts',(90.6553458274019,2.,40.9268991491271));
#8715=CARTESIAN_POINT('Ctrl Pts',(90.9360332103878,2.,40.9173523681693));
#8716=CARTESIAN_POINT('Ctrl Pts',(91.08737069929,2.,40.91220505502));
#8717=CARTESIAN_POINT('',(90.2858718093669,0.,41.1032021787383));
#8718=CARTESIAN_POINT('Ctrl Pts',(91.08737069929,0.,40.91220505502));
#8719=CARTESIAN_POINT('Ctrl Pts',(91.08737069929,2.,40.91220505502));
#8720=CARTESIAN_POINT('Ctrl Pts',(91.2973790552488,0.,40.9281629060954));
#8721=CARTESIAN_POINT('Ctrl Pts',(91.2973790552488,2.,40.9281629060954));
#8722=CARTESIAN_POINT('Ctrl Pts',(91.723878900922,0.,40.9605712404678));
#8723=CARTESIAN_POINT('Ctrl Pts',(91.723878900922,2.,40.9605712404678));
#8724=CARTESIAN_POINT('Ctrl Pts',(92.0980092201545,0.,41.1682935337229));
#8725=CARTESIAN_POINT('Ctrl Pts',(92.0980092201545,2.,41.1682935337229));
#8726=CARTESIAN_POINT('Ctrl Pts',(92.2879179176127,0.,41.2737334516265));
#8727=CARTESIAN_POINT('Ctrl Pts',(92.2879179176127,2.,41.2737334516265));
#8728=CARTESIAN_POINT('',(92.2879179176127,1.5,41.2737334516265));
#8729=CARTESIAN_POINT('Ctrl Pts',(92.2879179176127,1.5,41.2737334516265));
#8730=CARTESIAN_POINT('Ctrl Pts',(92.1008527579965,1.5,41.169872304999));
#8731=CARTESIAN_POINT('Ctrl Pts',(91.9137875983802,1.5,41.0660111583714));
#8732=CARTESIAN_POINT('Ctrl Pts',(91.5137749038613,1.5,40.9446061219366));
#8733=CARTESIAN_POINT('Ctrl Pts',(91.3066311524472,1.5,40.928865942832));
#8734=CARTESIAN_POINT('Ctrl Pts',(91.08737069929,1.5,40.91220505502));
#8735=CARTESIAN_POINT('',(92.2879179176127,2.,41.2737334516265));
#8736=CARTESIAN_POINT('',(92.2879179176127,0.,41.2737334516265));
#8737=CARTESIAN_POINT('Ctrl Pts',(91.08737069929,2.,40.91220505502));
#8738=CARTESIAN_POINT('Ctrl Pts',(91.2973790552488,2.,40.9281629060954));
#8739=CARTESIAN_POINT('Ctrl Pts',(91.723878900922,2.,40.9605712404678));
#8740=CARTESIAN_POINT('Ctrl Pts',(92.0980092201545,2.,41.1682935337229));
#8741=CARTESIAN_POINT('Ctrl Pts',(92.2879179176127,2.,41.2737334516265));
#8742=CARTESIAN_POINT('Ctrl Pts',(92.2879179176127,0.,41.2737334516265));
#8743=CARTESIAN_POINT('Ctrl Pts',(92.2879179176127,2.,41.2737334516265));
#8744=CARTESIAN_POINT('Ctrl Pts',(92.4643563054796,0.,41.4037516313749));
#8745=CARTESIAN_POINT('Ctrl Pts',(92.4643563054796,2.,41.4037516313749));
#8746=CARTESIAN_POINT('Ctrl Pts',(92.8156968987373,0.,41.6626559716343));
#8747=CARTESIAN_POINT('Ctrl Pts',(92.8156968987373,2.,41.6626559716343));
#8748=CARTESIAN_POINT('Ctrl Pts',(93.025769219177,0.,42.0451346612624));
#8749=CARTESIAN_POINT('Ctrl Pts',(93.025769219177,2.,42.0451346612624));
#8750=CARTESIAN_POINT('Ctrl Pts',(93.1303461250102,0.,42.2355378415801));
#8751=CARTESIAN_POINT('Ctrl Pts',(93.1303461250102,2.,42.2355378415801));
#8752=CARTESIAN_POINT('',(93.1303461250102,1.5,42.2355378415801));
#8753=CARTESIAN_POINT('Ctrl Pts',(93.1303461250102,1.5,42.2355378415801));
#8754=CARTESIAN_POINT('Ctrl Pts',(93.025769219177,1.5,42.0451346612624));
#8755=CARTESIAN_POINT('Ctrl Pts',(92.9211923133438,1.5,41.8547314809447));
#8756=CARTESIAN_POINT('Ctrl Pts',(92.7816065009867,1.5,41.6949523236968));
#8757=CARTESIAN_POINT('Ctrl Pts',(92.6407946933464,1.5,41.5337698111233));
#8758=CARTESIAN_POINT('Ctrl Pts',(92.4643563054796,1.5,41.4037516313749));
#8759=CARTESIAN_POINT('Ctrl Pts',(92.2879179176127,1.5,41.2737334516265));
#8760=CARTESIAN_POINT('',(93.1303461250102,2.,42.2355378415801));
#8761=CARTESIAN_POINT('',(93.1303461250102,0.,42.2355378415801));
#8762=CARTESIAN_POINT('Ctrl Pts',(92.2879179176127,2.,41.2737334516265));
#8763=CARTESIAN_POINT('Ctrl Pts',(92.4643563054796,2.,41.4037516313749));
#8764=CARTESIAN_POINT('Ctrl Pts',(92.8156968987373,2.,41.6626559716343));
#8765=CARTESIAN_POINT('Ctrl Pts',(93.025769219177,2.,42.0451346612624));
#8766=CARTESIAN_POINT('Ctrl Pts',(93.1303461250102,2.,42.2355378415801));
#8767=CARTESIAN_POINT('Ctrl Pts',(93.1303461250102,0.,42.2355378415801));
#8768=CARTESIAN_POINT('Ctrl Pts',(93.1303461250102,2.,42.2355378415801));
#8769=CARTESIAN_POINT('Ctrl Pts',(93.210382996449,0.,42.4906752955611));
#8770=CARTESIAN_POINT('Ctrl Pts',(93.210382996449,2.,42.4906752955611));
#8771=CARTESIAN_POINT('Ctrl Pts',(93.4021288087239,0.,43.1019128099203));
#8772=CARTESIAN_POINT('Ctrl Pts',(93.4021288087239,2.,43.1019128099203));
#8773=CARTESIAN_POINT('Ctrl Pts',(93.4049581555417,0.,43.7440868318056));
#8774=CARTESIAN_POINT('Ctrl Pts',(93.4049581555417,2.,43.7440868318056));
#8775=CARTESIAN_POINT('Ctrl Pts',(93.4066065009868,0.,44.1182101514556));
#8776=CARTESIAN_POINT('Ctrl Pts',(93.4066065009868,2.,44.1182101514556));
#8777=CARTESIAN_POINT('',(93.4066065009868,1.5,44.1182101514556));
#8778=CARTESIAN_POINT('Ctrl Pts',(93.4066065009868,1.5,44.1182101514556));
#8779=CARTESIAN_POINT('Ctrl Pts',(93.4049581555417,1.5,43.7440868318056));
#8780=CARTESIAN_POINT('Ctrl Pts',(93.4033098100966,1.5,43.3699635121557));
#8781=CARTESIAN_POINT('Ctrl Pts',(93.3375414069926,1.5,43.0063403394439));
#8782=CARTESIAN_POINT('Ctrl Pts',(93.2904198678878,1.5,42.7458127495421));
#8783=CARTESIAN_POINT('Ctrl Pts',(93.210382996449,1.5,42.4906752955611));
#8784=CARTESIAN_POINT('Ctrl Pts',(93.1303461250102,1.5,42.2355378415801));
#8785=CARTESIAN_POINT('',(93.4066065009868,2.,44.1182101514556));
#8786=CARTESIAN_POINT('',(93.4066065009868,0.,44.1182101514556));
#8787=CARTESIAN_POINT('Ctrl Pts',(93.1303461250102,2.,42.2355378415801));
#8788=CARTESIAN_POINT('Ctrl Pts',(93.210382996449,2.,42.4906752955611));
#8789=CARTESIAN_POINT('Ctrl Pts',(93.4021288087239,2.,43.1019128099203));
#8790=CARTESIAN_POINT('Ctrl Pts',(93.4049581555417,2.,43.7440868318056));
#8791=CARTESIAN_POINT('Ctrl Pts',(93.4066065009868,2.,44.1182101514556));
#8792=CARTESIAN_POINT('Origin',(93.4066065009868,0.,44.1182101514556));
#8793=CARTESIAN_POINT('',(93.4066065009868,1.5,46.321483924649));
#8794=CARTESIAN_POINT('',(93.4066065009868,1.5,46.6341050757278));
#8795=CARTESIAN_POINT('',(93.4066065009868,2.,46.321483924649));
#8796=CARTESIAN_POINT('',(93.4066065009868,0.,46.321483924649));
#8797=CARTESIAN_POINT('',(93.4066065009868,2.,46.321483924649));
#8798=CARTESIAN_POINT('Ctrl Pts',(89.8288448509013,0.,41.6420853879668));
#8799=CARTESIAN_POINT('Ctrl Pts',(89.8288448509013,2.,41.6420853879668));
#8800=CARTESIAN_POINT('Ctrl Pts',(89.884053394171,0.,41.5329707240517));
#8801=CARTESIAN_POINT('Ctrl Pts',(89.884053394171,2.,41.5329707240517));
#8802=CARTESIAN_POINT('Ctrl Pts',(89.9934322988617,0.,41.3167932682109));
#8803=CARTESIAN_POINT('Ctrl Pts',(89.9934322988617,2.,41.3167932682109));
#8804=CARTESIAN_POINT('Ctrl Pts',(90.1890107573153,0.,41.1739472623948));
#8805=CARTESIAN_POINT('Ctrl Pts',(90.1890107573153,2.,41.1739472623948));
#8806=CARTESIAN_POINT('Ctrl Pts',(90.2858718093669,0.,41.1032021787383));
#8807=CARTESIAN_POINT('Ctrl Pts',(90.2858718093669,2.,41.1032021787383));
#8808=CARTESIAN_POINT('',(89.8288448509013,1.5,41.6420853879668));
#8809=CARTESIAN_POINT('Ctrl Pts',(90.2858718093669,1.5,41.1032021787383));
#8810=CARTESIAN_POINT('Ctrl Pts',(90.1890107573153,1.5,41.1739472623948));
#8811=CARTESIAN_POINT('Ctrl Pts',(90.0921497052638,1.5,41.2446923460513));
#8812=CARTESIAN_POINT('Ctrl Pts',(90.0164313968455,1.5,41.3334239270904));
#8813=CARTESIAN_POINT('Ctrl Pts',(89.9392619374407,1.5,41.4238560601366));
#8814=CARTESIAN_POINT('Ctrl Pts',(89.884053394171,1.5,41.5329707240517));
#8815=CARTESIAN_POINT('Ctrl Pts',(89.8288448509013,1.5,41.6420853879668));
#8816=CARTESIAN_POINT('',(89.8288448509013,2.,41.6420853879668));
#8817=CARTESIAN_POINT('Ctrl Pts',(89.8288448509013,2.,41.6420853879668));
#8818=CARTESIAN_POINT('Ctrl Pts',(89.884053394171,2.,41.5329707240517));
#8819=CARTESIAN_POINT('Ctrl Pts',(89.9934322988617,2.,41.3167932682109));
#8820=CARTESIAN_POINT('Ctrl Pts',(90.1890107573153,2.,41.1739472623948));
#8821=CARTESIAN_POINT('Ctrl Pts',(90.2858718093669,2.,41.1032021787383));
#8822=CARTESIAN_POINT('',(89.8288448509013,0.,41.6420853879668));
#8823=CARTESIAN_POINT('Ctrl Pts',(89.6821876224315,0.,42.9790557172515));
#8824=CARTESIAN_POINT('Ctrl Pts',(89.6821876224315,2.,42.9790557172515));
#8825=CARTESIAN_POINT('Ctrl Pts',(89.6801853651333,0.,42.7009548565535));
#8826=CARTESIAN_POINT('Ctrl Pts',(89.6801853651333,2.,42.7009548565535));
#8827=CARTESIAN_POINT('Ctrl Pts',(89.6769281691668,0.,42.2485509609057));
#8828=CARTESIAN_POINT('Ctrl Pts',(89.6769281691668,2.,42.2485509609057));
#8829=CARTESIAN_POINT('Ctrl Pts',(89.7865929826148,0.,41.8107587898311));
#8830=CARTESIAN_POINT('Ctrl Pts',(89.7865929826148,2.,41.8107587898311));
#8831=CARTESIAN_POINT('Ctrl Pts',(89.8288448509013,0.,41.6420853879668));
#8832=CARTESIAN_POINT('Ctrl Pts',(89.8288448509013,2.,41.6420853879668));
#8833=CARTESIAN_POINT('',(89.6821876224315,1.5,42.9790557172515));
#8834=CARTESIAN_POINT('Ctrl Pts',(89.8288448509013,1.5,41.6420853879668));
#8835=CARTESIAN_POINT('Ctrl Pts',(89.7865929826148,1.5,41.8107587898311));
#8836=CARTESIAN_POINT('Ctrl Pts',(89.7443411143284,1.5,41.9794321916953));
#8837=CARTESIAN_POINT('Ctrl Pts',(89.7188516315257,1.5,42.1502745893218));
#8838=CARTESIAN_POINT('Ctrl Pts',(89.6781831078352,1.5,42.4228539958555));
#8839=CARTESIAN_POINT('Ctrl Pts',(89.6801853651333,1.5,42.7009548565535));
#8840=CARTESIAN_POINT('Ctrl Pts',(89.6821876224315,1.5,42.9790557172515));
#8841=CARTESIAN_POINT('',(89.6821876224315,2.,42.9790557172515));
#8842=CARTESIAN_POINT('Ctrl Pts',(89.6821876224315,2.,42.9790557172515));
#8843=CARTESIAN_POINT('Ctrl Pts',(89.6801853651333,2.,42.7009548565535));
#8844=CARTESIAN_POINT('Ctrl Pts',(89.6769281691668,2.,42.2485509609057));
#8845=CARTESIAN_POINT('Ctrl Pts',(89.7865929826148,2.,41.8107587898311));
#8846=CARTESIAN_POINT('Ctrl Pts',(89.8288448509013,2.,41.6420853879668));
#8847=CARTESIAN_POINT('',(89.6821876224315,0.,42.9790557172515));
#8848=CARTESIAN_POINT('Origin',(89.6821876224315,0.,45.5438578870513));
#8849=CARTESIAN_POINT('',(89.6821876224315,1.5,45.5438578870513));
#8850=CARTESIAN_POINT('',(89.6821876224315,1.5,47.3469289435256));
#8851=CARTESIAN_POINT('',(89.6821876224315,2.,45.5438578870513));
#8852=CARTESIAN_POINT('',(89.6821876224315,2.,42.9790557172515));
#8853=CARTESIAN_POINT('',(89.6821876224315,0.,45.5438578870513));
#8854=CARTESIAN_POINT('Origin',(93.4066065009868,0.,46.321483924649));
#8855=CARTESIAN_POINT('',(73.6833972276188,1.5,42.2034505948674));
#8856=CARTESIAN_POINT('',(89.6821876224315,2.,45.5438578870513));
#8857=CARTESIAN_POINT('Ctrl Pts',(92.3152025398051,0.,39.8480857160308));
#8858=CARTESIAN_POINT('Ctrl Pts',(92.3152025398051,2.,39.8480857160308));
#8859=CARTESIAN_POINT('Ctrl Pts',(92.1052468043986,0.,39.774490708782));
#8860=CARTESIAN_POINT('Ctrl Pts',(92.1052468043986,2.,39.774490708782));
#8861=CARTESIAN_POINT('Ctrl Pts',(91.6962891504595,0.,39.6311402951922));
#8862=CARTESIAN_POINT('Ctrl Pts',(91.6962891504595,2.,39.6311402951922));
#8863=CARTESIAN_POINT('Ctrl Pts',(91.2637444682335,0.,39.6073009729048));
#8864=CARTESIAN_POINT('Ctrl Pts',(91.2637444682335,2.,39.6073009729048));
#8865=CARTESIAN_POINT('Ctrl Pts',(91.0532649215495,0.,39.5957005765655));
#8866=CARTESIAN_POINT('Ctrl Pts',(91.0532649215495,2.,39.5957005765655));
#8867=CARTESIAN_POINT('',(92.3152025398051,1.5,39.8480857160308));
#8868=CARTESIAN_POINT('Ctrl Pts',(91.0532649215495,1.5,39.5957005765655));
#8869=CARTESIAN_POINT('Ctrl Pts',(91.2637444682335,1.5,39.6073009729048));
#8870=CARTESIAN_POINT('Ctrl Pts',(91.4742240149175,1.5,39.6189013692442));
#8871=CARTESIAN_POINT('Ctrl Pts',(91.6791184600627,1.5,39.6588004377105));
#8872=CARTESIAN_POINT('Ctrl Pts',(91.8952910689921,1.5,39.7008957015333));
#8873=CARTESIAN_POINT('Ctrl Pts',(92.1052468043986,1.5,39.774490708782));
#8874=CARTESIAN_POINT('Ctrl Pts',(92.3152025398051,1.5,39.8480857160308));
#8875=CARTESIAN_POINT('',(92.3152025398051,2.,39.8480857160308));
#8876=CARTESIAN_POINT('Ctrl Pts',(92.3152025398051,2.,39.8480857160308));
#8877=CARTESIAN_POINT('Ctrl Pts',(92.1052468043986,2.,39.774490708782));
#8878=CARTESIAN_POINT('Ctrl Pts',(91.6962891504595,2.,39.6311402951922));
#8879=CARTESIAN_POINT('Ctrl Pts',(91.2637444682335,2.,39.6073009729048));
#8880=CARTESIAN_POINT('Ctrl Pts',(91.0532649215495,2.,39.5957005765655));
#8881=CARTESIAN_POINT('',(92.3152025398051,0.,39.8480857160308));
#8882=CARTESIAN_POINT('Ctrl Pts',(93.3725007232463,0.,40.4858744886138));
#8883=CARTESIAN_POINT('Ctrl Pts',(93.3725007232463,2.,40.4858744886138));
#8884=CARTESIAN_POINT('Ctrl Pts',(93.2195607201909,0.,40.361081545242));
#8885=CARTESIAN_POINT('Ctrl Pts',(93.2195607201909,2.,40.361081545242));
#8886=CARTESIAN_POINT('Ctrl Pts',(92.8976500860022,0.,40.098415305275));
#8887=CARTESIAN_POINT('Ctrl Pts',(92.8976500860022,2.,40.098415305275));
#8888=CARTESIAN_POINT('Ctrl Pts',(92.5156920195135,0.,39.9342539030734));
#8889=CARTESIAN_POINT('Ctrl Pts',(92.5156920195135,2.,39.9342539030734));
#8890=CARTESIAN_POINT('Ctrl Pts',(92.3152025398051,0.,39.8480857160308));
#8891=CARTESIAN_POINT('Ctrl Pts',(92.3152025398051,2.,39.8480857160308));
#8892=CARTESIAN_POINT('',(93.3725007232463,1.5,40.4858744886138));
#8893=CARTESIAN_POINT('Ctrl Pts',(92.3152025398051,1.5,39.8480857160308));
#8894=CARTESIAN_POINT('Ctrl Pts',(92.5156920195135,1.5,39.9342539030734));
#8895=CARTESIAN_POINT('Ctrl Pts',(92.7161814992218,1.5,40.0204220901159));
#8896=CARTESIAN_POINT('Ctrl Pts',(92.9001267608439,1.5,40.1337302472808));
#8897=CARTESIAN_POINT('Ctrl Pts',(93.0666207171356,1.5,40.2362886018703));
#8898=CARTESIAN_POINT('Ctrl Pts',(93.2195607201909,1.5,40.361081545242));
#8899=CARTESIAN_POINT('Ctrl Pts',(93.3725007232463,1.5,40.4858744886138));
#8900=CARTESIAN_POINT('',(93.3725007232463,2.,40.4858744886138));
#8901=CARTESIAN_POINT('Ctrl Pts',(93.3725007232463,2.,40.4858744886138));
#8902=CARTESIAN_POINT('Ctrl Pts',(93.2195607201909,2.,40.361081545242));
#8903=CARTESIAN_POINT('Ctrl Pts',(92.8976500860022,2.,40.098415305275));
#8904=CARTESIAN_POINT('Ctrl Pts',(92.5156920195135,2.,39.9342539030734));
#8905=CARTESIAN_POINT('Ctrl Pts',(92.3152025398051,2.,39.8480857160308));
#8906=CARTESIAN_POINT('',(93.3725007232463,0.,40.4858744886138));
#8907=CARTESIAN_POINT('Ctrl Pts',(94.0000589546,0.,41.2669146802642));
#8908=CARTESIAN_POINT('Ctrl Pts',(94.0000589546,2.,41.2669146802642));
#8909=CARTESIAN_POINT('Ctrl Pts',(93.9173221222335,0.,41.1320695604067));
#8910=CARTESIAN_POINT('Ctrl Pts',(93.9173221222335,2.,41.1320695604067));
#8911=CARTESIAN_POINT('Ctrl Pts',(93.7413650223455,0.,40.8452933381908));
#8912=CARTESIAN_POINT('Ctrl Pts',(93.7413650223455,2.,40.8452933381908));
#8913=CARTESIAN_POINT('Ctrl Pts',(93.5002441103374,0.,40.6103467710805));
#8914=CARTESIAN_POINT('Ctrl Pts',(93.5002441103374,2.,40.6103467710805));
#8915=CARTESIAN_POINT('Ctrl Pts',(93.3725007232463,0.,40.4858744886138));
#8916=CARTESIAN_POINT('Ctrl Pts',(93.3725007232463,2.,40.4858744886138));
#8917=CARTESIAN_POINT('',(94.0000589546,1.5,41.2669146802642));
#8918=CARTESIAN_POINT('Ctrl Pts',(93.3725007232463,1.5,40.4858744886138));
#8919=CARTESIAN_POINT('Ctrl Pts',(93.5002441103374,1.5,40.6103467710805));
#8920=CARTESIAN_POINT('Ctrl Pts',(93.6279874974285,1.5,40.7348190535471));
#8921=CARTESIAN_POINT('Ctrl Pts',(93.7374408897197,1.5,40.873838737271));
#8922=CARTESIAN_POINT('Ctrl Pts',(93.834585289867,1.5,40.9972244405491));
#8923=CARTESIAN_POINT('Ctrl Pts',(93.9173221222335,1.5,41.1320695604067));
#8924=CARTESIAN_POINT('Ctrl Pts',(94.0000589546,1.5,41.2669146802642));
#8925=CARTESIAN_POINT('',(94.0000589546,2.,41.2669146802642));
#8926=CARTESIAN_POINT('Ctrl Pts',(94.0000589546,2.,41.2669146802642));
#8927=CARTESIAN_POINT('Ctrl Pts',(93.9173221222335,2.,41.1320695604067));
#8928=CARTESIAN_POINT('Ctrl Pts',(93.7413650223455,2.,40.8452933381908));
#8929=CARTESIAN_POINT('Ctrl Pts',(93.5002441103374,2.,40.6103467710805));
#8930=CARTESIAN_POINT('Ctrl Pts',(93.3725007232463,2.,40.4858744886138));
#8931=CARTESIAN_POINT('',(94.0000589546,0.,41.2669146802642));
#8932=CARTESIAN_POINT('Ctrl Pts',(94.3138392623698,0.,42.1127522733428));
#8933=CARTESIAN_POINT('Ctrl Pts',(94.3138392623698,2.,42.1127522733428));
#8934=CARTESIAN_POINT('Ctrl Pts',(94.275445608559,0.,41.9654448820749));
#8935=CARTESIAN_POINT('Ctrl Pts',(94.275445608559,2.,41.9654448820749));
#8936=CARTESIAN_POINT('Ctrl Pts',(94.199213912667,0.,41.6729618506573));
#8937=CARTESIAN_POINT('Ctrl Pts',(94.199213912667,2.,41.6729618506573));
#8938=CARTESIAN_POINT('Ctrl Pts',(94.0661205921378,0.,41.4016044778677));
#8939=CARTESIAN_POINT('Ctrl Pts',(94.0661205921378,2.,41.4016044778677));
#8940=CARTESIAN_POINT('Ctrl Pts',(94.0000589546,0.,41.2669146802642));
#8941=CARTESIAN_POINT('Ctrl Pts',(94.0000589546,2.,41.2669146802642));
#8942=CARTESIAN_POINT('',(94.3138392623698,1.5,42.1127522733428));
#8943=CARTESIAN_POINT('Ctrl Pts',(94.0000589546,1.5,41.2669146802642));
#8944=CARTESIAN_POINT('Ctrl Pts',(94.0661205921378,1.5,41.4016044778677));
#8945=CARTESIAN_POINT('Ctrl Pts',(94.1321822296756,1.5,41.5362942754712));
#8946=CARTESIAN_POINT('Ctrl Pts',(94.1842349227702,1.5,41.6761887815215));
#8947=CARTESIAN_POINT('Ctrl Pts',(94.2370519547482,1.5,41.8181374908071));
#8948=CARTESIAN_POINT('Ctrl Pts',(94.275445608559,1.5,41.9654448820749));
#8949=CARTESIAN_POINT('Ctrl Pts',(94.3138392623698,1.5,42.1127522733428));
#8950=CARTESIAN_POINT('',(94.3138392623698,2.,42.1127522733428));
#8951=CARTESIAN_POINT('Ctrl Pts',(94.3138392623698,2.,42.1127522733428));
#8952=CARTESIAN_POINT('Ctrl Pts',(94.275445608559,2.,41.9654448820749));
#8953=CARTESIAN_POINT('Ctrl Pts',(94.199213912667,2.,41.6729618506573));
#8954=CARTESIAN_POINT('Ctrl Pts',(94.0661205921378,2.,41.4016044778677));
#8955=CARTESIAN_POINT('Ctrl Pts',(94.0000589546,2.,41.2669146802642));
#8956=CARTESIAN_POINT('',(94.3138392623698,0.,42.1127522733428));
#8957=CARTESIAN_POINT('Ctrl Pts',(94.5389397796428,0.,44.0568173673369));
#8958=CARTESIAN_POINT('Ctrl Pts',(94.5389397796428,2.,44.0568173673369));
#8959=CARTESIAN_POINT('Ctrl Pts',(94.5295081686123,0.,43.7300219166743));
#8960=CARTESIAN_POINT('Ctrl Pts',(94.5295081686123,2.,43.7300219166743));
#8961=CARTESIAN_POINT('Ctrl Pts',(94.5106181946832,0.,43.0755040911141));
#8962=CARTESIAN_POINT('Ctrl Pts',(94.5106181946832,2.,43.0755040911141));
#8963=CARTESIAN_POINT('Ctrl Pts',(94.3794941388425,0.,42.4339723903874));
#8964=CARTESIAN_POINT('Ctrl Pts',(94.3794941388425,2.,42.4339723903874));
#8965=CARTESIAN_POINT('Ctrl Pts',(94.3138392623698,0.,42.1127522733428));
#8966=CARTESIAN_POINT('Ctrl Pts',(94.3138392623698,2.,42.1127522733428));
#8967=CARTESIAN_POINT('',(94.5389397796428,1.5,44.0568173673369));
#8968=CARTESIAN_POINT('Ctrl Pts',(94.3138392623698,1.5,42.1127522733428));
#8969=CARTESIAN_POINT('Ctrl Pts',(94.3794941388425,1.5,42.4339723903874));
#8970=CARTESIAN_POINT('Ctrl Pts',(94.4451490153152,1.5,42.7551925074319));
#8971=CARTESIAN_POINT('Ctrl Pts',(94.4826658424174,1.5,43.0796683576324));
#8972=CARTESIAN_POINT('Ctrl Pts',(94.5200765575819,1.5,43.4032264660116));
#8973=CARTESIAN_POINT('Ctrl Pts',(94.5295081686123,1.5,43.7300219166743));
#8974=CARTESIAN_POINT('Ctrl Pts',(94.5389397796428,1.5,44.0568173673369));
#8975=CARTESIAN_POINT('',(94.5389397796428,2.,44.0568173673369));
#8976=CARTESIAN_POINT('Ctrl Pts',(94.5389397796428,2.,44.0568173673369));
#8977=CARTESIAN_POINT('Ctrl Pts',(94.5295081686123,2.,43.7300219166743));
#8978=CARTESIAN_POINT('Ctrl Pts',(94.5106181946832,2.,43.0755040911141));
#8979=CARTESIAN_POINT('Ctrl Pts',(94.3794941388425,2.,42.4339723903874));
#8980=CARTESIAN_POINT('Ctrl Pts',(94.3138392623698,2.,42.1127522733428));
#8981=CARTESIAN_POINT('',(94.5389397796428,0.,44.0568173673369));
#8982=CARTESIAN_POINT('Origin',(94.5389397796428,0.,46.5602267530181));
#8983=CARTESIAN_POINT('',(94.5389397796428,1.5,46.5602267530181));
#8984=CARTESIAN_POINT('',(94.5389397796428,1.5,47.855113376509));
#8985=CARTESIAN_POINT('',(94.5389397796428,2.,46.5602267530181));
#8986=CARTESIAN_POINT('',(94.5389397796428,2.,44.0568173673369));
#8987=CARTESIAN_POINT('',(94.5389397796428,0.,46.5602267530181));
#8988=CARTESIAN_POINT('Origin',(98.597603624705,0.,47.4060691144683));
#8989=CARTESIAN_POINT('',(76.2750428864539,1.5,42.7539549682256));
#8990=CARTESIAN_POINT('',(94.5389397796428,2.,46.5602267530181));
#8991=CARTESIAN_POINT('Origin',(85.7940568383967,2.,54.6843772936978));
#8992=CARTESIAN_POINT('Origin',(51.65,1.5,49.15));
#8993=CARTESIAN_POINT('Origin',(88.597603624705,0.,34.0977490689971));
#8994=CARTESIAN_POINT('',(88.597603624705,1.5,35.6734622266509));
#8995=CARTESIAN_POINT('',(88.597603624705,1.5,34.0977490689971));
#8996=CARTESIAN_POINT('',(88.597603624705,1.5,41.6238745344985));
#8997=CARTESIAN_POINT('',(88.597603624705,2.,35.6734622266509));
#8998=CARTESIAN_POINT('',(88.597603624705,0.,35.6734622266509));
#8999=CARTESIAN_POINT('',(88.597603624705,2.,34.0977490689971));
#9000=CARTESIAN_POINT('',(88.597603624705,2.,35.6734622266509));
#9001=CARTESIAN_POINT('',(88.597603624705,0.,34.0977490689971));
#9002=CARTESIAN_POINT('Origin',(88.597603624705,0.,35.6734622266509));
#9003=CARTESIAN_POINT('',(98.597603624705,1.5,41.341949775479));
#9004=CARTESIAN_POINT('',(77.5069896255318,1.5,29.3867614903337));
#9005=CARTESIAN_POINT('',(98.597603624705,2.,41.341949775479));
#9006=CARTESIAN_POINT('',(98.597603624705,0.,41.341949775479));
#9007=CARTESIAN_POINT('',(98.597603624705,2.,41.341949775479));
#9008=CARTESIAN_POINT('Origin',(98.597603624705,0.,41.341949775479));
#9009=CARTESIAN_POINT('',(98.597603624705,1.5,39.8753751065948));
#9010=CARTESIAN_POINT('',(98.597603624705,1.5,45.2459748877395));
#9011=CARTESIAN_POINT('',(98.597603624705,2.,39.8753751065948));
#9012=CARTESIAN_POINT('',(98.597603624705,0.,39.8753751065948));
#9013=CARTESIAN_POINT('',(98.597603624705,2.,39.8753751065948));
#9014=CARTESIAN_POINT('Origin',(94.6890075858867,0.,34.391061141751));
#9015=CARTESIAN_POINT('',(94.6890075858867,1.5,37.6993859555938));
#9016=CARTESIAN_POINT('',(94.6890075858867,1.5,34.391061141751));
#9017=CARTESIAN_POINT('',(94.6890075858867,1.5,41.7705305708755));
#9018=CARTESIAN_POINT('',(94.6890075858867,2.,37.6993859555938));
#9019=CARTESIAN_POINT('',(94.6890075858867,0.,37.6993859555938));
#9020=CARTESIAN_POINT('',(94.6890075858867,2.,34.391061141751));
#9021=CARTESIAN_POINT('',(94.6890075858867,2.,37.6993859555938));
#9022=CARTESIAN_POINT('',(94.6890075858867,0.,34.391061141751));
#9023=CARTESIAN_POINT('Origin',(94.6890075858867,0.,37.6993859555938));
#9024=CARTESIAN_POINT('',(91.7285736259257,1.5,36.0554564740874));
#9025=CARTESIAN_POINT('',(80.6712571535743,1.5,29.9153267562524));
#9026=CARTESIAN_POINT('',(91.7285736259257,2.,36.0554564740874));
#9027=CARTESIAN_POINT('',(91.7285736259257,0.,36.0554564740874));
#9028=CARTESIAN_POINT('',(91.7285736259257,2.,36.0554564740874));
#9029=CARTESIAN_POINT('Origin',(92.1787770446574,0.,34.7798741605498));
#9030=CARTESIAN_POINT('',(92.1787770446574,1.5,34.7798741605498));
#9031=CARTESIAN_POINT('',(71.30233796624,1.5,38.0134541710434));
#9032=CARTESIAN_POINT('',(92.1787770446574,2.,34.7798741605498));
#9033=CARTESIAN_POINT('',(94.6890075858867,2.,34.391061141751));
#9034=CARTESIAN_POINT('',(92.1787770446574,0.,34.7798741605498));
#9035=CARTESIAN_POINT('Ctrl Pts',(89.6890087779796,0.,35.0595486905791));
#9036=CARTESIAN_POINT('Ctrl Pts',(89.6890087779796,2.,35.0595486905791));
#9037=CARTESIAN_POINT('Ctrl Pts',(90.0628965641426,0.,35.0309873821154));
#9038=CARTESIAN_POINT('Ctrl Pts',(90.0628965641426,2.,35.0309873821154));
#9039=CARTESIAN_POINT('Ctrl Pts',(90.8960713702906,0.,34.9673411130389));
#9040=CARTESIAN_POINT('Ctrl Pts',(90.8960713702906,2.,34.9673411130389));
#9041=CARTESIAN_POINT('Ctrl Pts',(91.7229569540476,0.,34.8464920955739));
#9042=CARTESIAN_POINT('Ctrl Pts',(91.7229569540476,2.,34.8464920955739));
#9043=CARTESIAN_POINT('Ctrl Pts',(92.1787770446574,0.,34.7798741605498));
#9044=CARTESIAN_POINT('Ctrl Pts',(92.1787770446574,2.,34.7798741605498));
#9045=CARTESIAN_POINT('',(89.6890087779796,1.5,35.0595486905791));
#9046=CARTESIAN_POINT('Ctrl Pts',(92.1787770446574,1.5,34.7798741605498));
#9047=CARTESIAN_POINT('Ctrl Pts',(91.7229569540476,1.5,34.8464920955739));
#9048=CARTESIAN_POINT('Ctrl Pts',(91.2671368634377,1.5,34.9131100305979));
#9049=CARTESIAN_POINT('Ctrl Pts',(90.8094056304728,1.5,34.9623454358794));
#9050=CARTESIAN_POINT('Ctrl Pts',(90.4367843503057,1.5,35.0024260736517));
#9051=CARTESIAN_POINT('Ctrl Pts',(90.0628965641426,1.5,35.0309873821154));
#9052=CARTESIAN_POINT('Ctrl Pts',(89.6890087779796,1.5,35.0595486905791));
#9053=CARTESIAN_POINT('',(89.6890087779796,2.,35.0595486905791));
#9054=CARTESIAN_POINT('Ctrl Pts',(89.6890087779796,2.,35.0595486905791));
#9055=CARTESIAN_POINT('Ctrl Pts',(90.0628965641426,2.,35.0309873821154));
#9056=CARTESIAN_POINT('Ctrl Pts',(90.8960713702906,2.,34.9673411130389));
#9057=CARTESIAN_POINT('Ctrl Pts',(91.7229569540476,2.,34.8464920955739));
#9058=CARTESIAN_POINT('Ctrl Pts',(92.1787770446574,2.,34.7798741605498));
#9059=CARTESIAN_POINT('',(89.6890087779796,0.,35.0595486905791));
#9060=CARTESIAN_POINT('Ctrl Pts',(91.7285736259257,0.,36.0554564740874));
#9061=CARTESIAN_POINT('Ctrl Pts',(91.7285736259257,2.,36.0554564740874));
#9062=CARTESIAN_POINT('Ctrl Pts',(91.3650272956502,0.,35.8569296274664));
#9063=CARTESIAN_POINT('Ctrl Pts',(91.3650272956502,2.,35.8569296274664));
#9064=CARTESIAN_POINT('Ctrl Pts',(90.7002289078528,0.,35.4938938419915));
#9065=CARTESIAN_POINT('Ctrl Pts',(90.7002289078528,2.,35.4938938419915));
#9066=CARTESIAN_POINT('Ctrl Pts',(90.0043464978759,0.,35.1949943820247));
#9067=CARTESIAN_POINT('Ctrl Pts',(90.0043464978759,2.,35.1949943820247));
#9068=CARTESIAN_POINT('Ctrl Pts',(89.6890087779796,0.,35.0595486905791));
#9069=CARTESIAN_POINT('Ctrl Pts',(89.6890087779796,2.,35.0595486905791));
#9070=CARTESIAN_POINT('Ctrl Pts',(89.6890087779796,1.5,35.0595486905791));
#9071=CARTESIAN_POINT('Ctrl Pts',(90.0043464978759,1.5,35.1949943820247));
#9072=CARTESIAN_POINT('Ctrl Pts',(90.3196842177722,1.5,35.3304400734703));
#9073=CARTESIAN_POINT('Ctrl Pts',(90.6286390479838,1.5,35.4790557172515));
#9074=CARTESIAN_POINT('Ctrl Pts',(91.0014809653746,1.5,35.6584027808454));
#9075=CARTESIAN_POINT('Ctrl Pts',(91.3650272956502,1.5,35.8569296274664));
#9076=CARTESIAN_POINT('Ctrl Pts',(91.7285736259257,1.5,36.0554564740874));
#9077=CARTESIAN_POINT('Ctrl Pts',(91.7285736259257,2.,36.0554564740874));
#9078=CARTESIAN_POINT('Ctrl Pts',(91.3650272956502,2.,35.8569296274664));
#9079=CARTESIAN_POINT('Ctrl Pts',(90.7002289078528,2.,35.4938938419915));
#9080=CARTESIAN_POINT('Ctrl Pts',(90.0043464978759,2.,35.1949943820247));
#9081=CARTESIAN_POINT('Ctrl Pts',(89.6890087779796,2.,35.0595486905791));
#9082=CARTESIAN_POINT('Origin',(98.597603624705,0.,32.4469960477569));
#9083=CARTESIAN_POINT('',(92.816975130883,0.,33.4012350428413));
#9084=CARTESIAN_POINT('',(92.816975130883,1.5,33.4012350428413));
#9085=CARTESIAN_POINT('',(92.816975130883,1.5,33.4012350428413));
#9086=CARTESIAN_POINT('',(91.901,0.,33.5524399143099));
#9087=CARTESIAN_POINT('',(88.597603624705,0.,34.0977490689971));
#9088=CARTESIAN_POINT('',(91.901,1.5,33.5524399143099));
#9089=CARTESIAN_POINT('',(91.901,0.75,33.5524399143099));
#9090=CARTESIAN_POINT('',(74.4044354346094,1.5,36.4406905960742));
#9091=CARTESIAN_POINT('',(98.597603624705,2.,32.4469960477569));
#9092=CARTESIAN_POINT('',(88.597603624705,2.,34.0977490689971));
#9093=CARTESIAN_POINT('',(98.597603624705,1.5,32.4469960477569));
#9094=CARTESIAN_POINT('',(98.597603624705,0.,32.4469960477569));
#9095=CARTESIAN_POINT('',(74.4044354346094,1.5,36.4406905960742));
#9096=CARTESIAN_POINT('Origin',(98.597603624705,0.,33.743039443753));
#9097=CARTESIAN_POINT('',(98.597603624705,1.5,33.743039443753));
#9098=CARTESIAN_POINT('',(98.597603624705,1.5,41.4465197218765));
#9099=CARTESIAN_POINT('',(98.597603624705,2.,33.743039443753));
#9100=CARTESIAN_POINT('',(98.597603624705,2.,32.4469960477569));
#9101=CARTESIAN_POINT('',(98.597603624705,0.,33.743039443753));
#9102=CARTESIAN_POINT('Origin',(95.7190235313212,0.,34.2273534085967));
#9103=CARTESIAN_POINT('',(95.7190235313212,1.5,34.2273534085967));
#9104=CARTESIAN_POINT('',(73.0702856132531,1.5,38.0379474181288));
#9105=CARTESIAN_POINT('',(95.7190235313212,2.,34.2273534085967));
#9106=CARTESIAN_POINT('',(98.597603624705,2.,33.743039443753));
#9107=CARTESIAN_POINT('',(95.7190235313212,0.,34.2273534085967));
#9108=CARTESIAN_POINT('Origin',(95.7190235313212,0.,38.272372558377));
#9109=CARTESIAN_POINT('',(95.7190235313212,1.5,38.272372558377));
#9110=CARTESIAN_POINT('',(95.7190235313212,1.5,43.7111862791885));
#9111=CARTESIAN_POINT('',(95.7190235313212,2.,38.272372558377));
#9112=CARTESIAN_POINT('',(95.7190235313212,2.,34.2273534085967));
#9113=CARTESIAN_POINT('',(95.7190235313212,0.,38.272372558377));
#9114=CARTESIAN_POINT('Origin',(98.597603624705,0.,39.8753751065948));
#9115=CARTESIAN_POINT('',(82.6512673374758,1.5,30.9952964310288));
#9116=CARTESIAN_POINT('',(95.7190235313212,2.,38.272372558377));
#9117=CARTESIAN_POINT('Origin',(85.7940568383967,2.,54.6843772936978));
#9118=CARTESIAN_POINT('Origin',(51.65,1.5,49.15));
#9119=CARTESIAN_POINT('Origin',(88.597603624705,0.,48.3064783361175));
#9120=CARTESIAN_POINT('',(88.597603624705,1.5,50.1891530301787));
#9121=CARTESIAN_POINT('',(88.597603624705,1.5,48.3064783361175));
#9122=CARTESIAN_POINT('',(88.597603624705,1.5,48.7282391680587));
#9123=CARTESIAN_POINT('',(88.597603624705,2.,50.1891530301787));
#9124=CARTESIAN_POINT('',(88.597603624705,0.,50.1891530301787));
#9125=CARTESIAN_POINT('',(88.597603624705,2.,48.3064783361175));
#9126=CARTESIAN_POINT('',(88.597603624705,2.,50.1891530301787));
#9127=CARTESIAN_POINT('',(88.597603624705,0.,48.3064783361175));
#9128=CARTESIAN_POINT('Origin',(88.597603624705,0.,50.1891530301787));
#9129=CARTESIAN_POINT('',(93.4134300407206,1.5,55.6188929822661));
#9130=CARTESIAN_POINT('',(80.2057618669566,1.5,40.7275332524998));
#9131=CARTESIAN_POINT('',(93.4134300407206,2.,55.6188929822661));
#9132=CARTESIAN_POINT('',(93.4134300407206,0.,55.6188929822661));
#9133=CARTESIAN_POINT('',(93.4134300407206,2.,55.6188929822661));
#9134=CARTESIAN_POINT('Origin',(93.4134300407206,0.,55.6188929822661));
#9135=CARTESIAN_POINT('',(88.597603624705,1.5,54.6161640432097));
#9136=CARTESIAN_POINT('',(72.7539184267503,1.5,51.317265728176));
#9137=CARTESIAN_POINT('',(88.597603624705,2.,54.6161640432097));
#9138=CARTESIAN_POINT('',(88.597603624705,0.,54.6161640432097));
#9139=CARTESIAN_POINT('',(88.597603624705,2.,54.6161640432097));
#9140=CARTESIAN_POINT('Origin',(88.597603624705,0.,54.6161640432097));
#9141=CARTESIAN_POINT('',(88.597603624705,1.5,55.9531367566802));
#9142=CARTESIAN_POINT('',(88.597603624705,1.5,51.8830820216049));
#9143=CARTESIAN_POINT('',(88.597603624705,2.,55.9531367566802));
#9144=CARTESIAN_POINT('',(88.597603624705,0.,55.9531367566802));
#9145=CARTESIAN_POINT('',(88.597603624705,2.,55.9531367566802));
#9146=CARTESIAN_POINT('Origin',(88.597603624705,0.,55.9531367566802));
#9147=CARTESIAN_POINT('',(98.597603624705,1.5,58.0404485013701));
#9148=CARTESIAN_POINT('',(70.2147073992214,1.5,52.1160532373934));
#9149=CARTESIAN_POINT('',(98.597603624705,2.,58.0404485013701));
#9150=CARTESIAN_POINT('',(98.597603624705,0.,58.0404485013701));
#9151=CARTESIAN_POINT('',(98.597603624705,2.,58.0404485013701));
#9152=CARTESIAN_POINT('Origin',(98.597603624705,0.,58.0404485013701));
#9153=CARTESIAN_POINT('',(98.597603624705,1.5,56.7034781720855));
#9154=CARTESIAN_POINT('',(98.597603624705,1.5,53.5952242506851));
#9155=CARTESIAN_POINT('',(98.597603624705,2.,56.7034781720855));
#9156=CARTESIAN_POINT('',(98.597603624705,0.,56.7034781720855));
#9157=CARTESIAN_POINT('',(98.597603624705,2.,56.7034781720855));
#9158=CARTESIAN_POINT('Origin',(92.6699097808635,0.,52.9517710950591));
#9159=CARTESIAN_POINT('',(92.6699097808635,1.5,52.9517710950591));
#9160=CARTESIAN_POINT('',(82.8149370358472,1.5,41.710171918445));
#9161=CARTESIAN_POINT('',(92.6699097808635,2.,52.9517710950591));
#9162=CARTESIAN_POINT('',(88.597603624705,2.,48.3064783361175));
#9163=CARTESIAN_POINT('',(92.6699097808635,0.,52.9517710950591));
#9164=CARTESIAN_POINT('Origin',(98.597603624705,0.,49.5479524877288));
#9165=CARTESIAN_POINT('',(98.597603624705,1.5,49.5479524877288));
#9166=CARTESIAN_POINT('',(81.0304979720195,1.5,59.6353899756942));
#9167=CARTESIAN_POINT('',(98.597603624705,2.,49.5479524877288));
#9168=CARTESIAN_POINT('',(92.6699097808635,2.,52.9517710950591));
#9169=CARTESIAN_POINT('',(98.597603624705,0.,49.5479524877288));
#9170=CARTESIAN_POINT('Origin',(98.597603624705,0.,51.0418141629912));
#9171=CARTESIAN_POINT('',(98.597603624705,1.5,51.0418141629912));
#9172=CARTESIAN_POINT('',(98.597603624705,1.5,50.0959070814956));
#9173=CARTESIAN_POINT('',(98.597603624705,2.,51.0418141629912));
#9174=CARTESIAN_POINT('',(98.597603624705,2.,49.5479524877288));
#9175=CARTESIAN_POINT('',(98.597603624705,0.,51.0418141629912));
#9176=CARTESIAN_POINT('Origin',(93.5293920692241,0.,53.9272154119231));
#9177=CARTESIAN_POINT('',(93.5293920692241,1.5,53.9272154119231));
#9178=CARTESIAN_POINT('',(78.7423175695872,1.5,62.3456965195556));
#9179=CARTESIAN_POINT('',(93.5293920692241,2.,53.9272154119231));
#9180=CARTESIAN_POINT('',(98.597603624705,2.,51.0418141629912));
#9181=CARTESIAN_POINT('',(93.5293920692241,0.,53.9272154119231));
#9182=CARTESIAN_POINT('Origin',(95.3506739791667,0.,56.0213483121612));
#9183=CARTESIAN_POINT('',(95.3506739791667,1.5,56.0213483121612));
#9184=CARTESIAN_POINT('',(84.2395837791657,1.5,43.245676727048));
#9185=CARTESIAN_POINT('',(95.3506739791667,2.,56.0213483121612));
#9186=CARTESIAN_POINT('',(93.5293920692241,2.,53.9272154119231));
#9187=CARTESIAN_POINT('',(95.3506739791667,0.,56.0213483121612));
#9188=CARTESIAN_POINT('Origin',(98.597603624705,0.,56.7034781720855));
#9189=CARTESIAN_POINT('',(75.356141452836,1.5,51.8208052883295));
#9190=CARTESIAN_POINT('',(95.3506739791667,2.,56.0213483121612));
#9191=CARTESIAN_POINT('Origin',(85.7940568383967,2.,54.6843772936978));
#9192=CARTESIAN_POINT('Ctrl Pts',(90.862270182017,0.,22.0922911908843));
#9193=CARTESIAN_POINT('Ctrl Pts',(90.862270182017,2.,22.0922911908843));
#9194=CARTESIAN_POINT('Ctrl Pts',(90.6049853136407,0.,22.1998111525652));
#9195=CARTESIAN_POINT('Ctrl Pts',(90.6049853136407,2.,22.1998111525652));
#9196=CARTESIAN_POINT('Ctrl Pts',(90.1013815478055,0.,22.4102683704602));
#9197=CARTESIAN_POINT('Ctrl Pts',(90.1013815478055,2.,22.4102683704602));
#9198=CARTESIAN_POINT('Ctrl Pts',(89.7030657941599,0.,22.7830709863096));
#9199=CARTESIAN_POINT('Ctrl Pts',(89.7030657941599,2.,22.7830709863096));
#9200=CARTESIAN_POINT('Ctrl Pts',(89.5082445796763,0.,22.9654134061553));
#9201=CARTESIAN_POINT('Ctrl Pts',(89.5082445796763,2.,22.9654134061553));
#9202=CARTESIAN_POINT('',(89.5082445796763,1.5,22.9654134061553));
#9203=CARTESIAN_POINT('',(90.862270182017,1.5,22.0922911908843));
#9204=CARTESIAN_POINT('Ctrl Pts',(89.5082445796763,1.5,22.9654134061553));
#9205=CARTESIAN_POINT('Ctrl Pts',(89.7151858293363,1.5,22.7717272702335));
#9206=CARTESIAN_POINT('Ctrl Pts',(89.9063793533718,1.5,22.5927801780297));
#9207=CARTESIAN_POINT('Ctrl Pts',(90.3586664161817,1.5,22.3027484087793));
#9208=CARTESIAN_POINT('Ctrl Pts',(90.6104682990993,1.5,22.1975197998319));
#9209=CARTESIAN_POINT('Ctrl Pts',(90.862270182017,1.5,22.0922911908843));
#9210=CARTESIAN_POINT('',(89.5082445796763,2.,22.9654134061553));
#9211=CARTESIAN_POINT('',(89.5082445796763,0.,22.9654134061553));
#9212=CARTESIAN_POINT('',(90.862270182017,2.,22.0922911908843));
#9213=CARTESIAN_POINT('Ctrl Pts',(90.862270182017,2.,22.0922911908843));
#9214=CARTESIAN_POINT('Ctrl Pts',(90.6049853136407,2.,22.1998111525652));
#9215=CARTESIAN_POINT('Ctrl Pts',(90.1013815478055,2.,22.4102683704602));
#9216=CARTESIAN_POINT('Ctrl Pts',(89.7030657941599,2.,22.7830709863096));
#9217=CARTESIAN_POINT('Ctrl Pts',(89.5082445796763,2.,22.9654134061553));
#9218=CARTESIAN_POINT('',(90.862270182017,0.,22.0922911908843));
#9219=CARTESIAN_POINT('Ctrl Pts',(89.5082445796763,0.,22.9654134061553));
#9220=CARTESIAN_POINT('Ctrl Pts',(89.5082445796763,2.,22.9654134061553));
#9221=CARTESIAN_POINT('Ctrl Pts',(89.3407108945065,0.,23.170810744064));
#9222=CARTESIAN_POINT('Ctrl Pts',(89.3407108945065,2.,23.170810744064));
#9223=CARTESIAN_POINT('Ctrl Pts',(89.0000318773034,0.,23.5884853337679));
#9224=CARTESIAN_POINT('Ctrl Pts',(89.0000318773034,2.,23.5884853337679));
#9225=CARTESIAN_POINT('Ctrl Pts',(88.8372328888923,0.,24.10252371987));
#9226=CARTESIAN_POINT('Ctrl Pts',(88.8372328888923,2.,24.10252371987));
#9227=CARTESIAN_POINT('Ctrl Pts',(88.754492586497,0.,24.3637765195586));
#9228=CARTESIAN_POINT('Ctrl Pts',(88.754492586497,2.,24.3637765195586));
#9229=CARTESIAN_POINT('',(88.754492586497,1.5,24.3637765195586));
#9230=CARTESIAN_POINT('Ctrl Pts',(88.754492586497,1.5,24.3637765195586));
#9231=CARTESIAN_POINT('Ctrl Pts',(88.8372328888923,1.5,24.10252371987));
#9232=CARTESIAN_POINT('Ctrl Pts',(88.9199731912876,1.5,23.8412709201813));
#9233=CARTESIAN_POINT('Ctrl Pts',(89.0486605819499,1.5,23.6049092557647));
#9234=CARTESIAN_POINT('Ctrl Pts',(89.1731772093366,1.5,23.3762080819728));
#9235=CARTESIAN_POINT('Ctrl Pts',(89.3407108945065,1.5,23.170810744064));
#9236=CARTESIAN_POINT('Ctrl Pts',(89.5082445796763,1.5,22.9654134061553));
#9237=CARTESIAN_POINT('',(88.754492586497,2.,24.3637765195586));
#9238=CARTESIAN_POINT('',(88.754492586497,0.,24.3637765195586));
#9239=CARTESIAN_POINT('Ctrl Pts',(89.5082445796763,2.,22.9654134061553));
#9240=CARTESIAN_POINT('Ctrl Pts',(89.3407108945065,2.,23.170810744064));
#9241=CARTESIAN_POINT('Ctrl Pts',(89.0000318773034,2.,23.5884853337679));
#9242=CARTESIAN_POINT('Ctrl Pts',(88.8372328888923,2.,24.10252371987));
#9243=CARTESIAN_POINT('Ctrl Pts',(88.754492586497,2.,24.3637765195586));
#9244=CARTESIAN_POINT('Ctrl Pts',(88.754492586497,0.,24.3637765195586));
#9245=CARTESIAN_POINT('Ctrl Pts',(88.754492586497,2.,24.3637765195586));
#9246=CARTESIAN_POINT('Ctrl Pts',(88.7089825694758,0.,24.5967519720202));
#9247=CARTESIAN_POINT('Ctrl Pts',(88.7089825694758,2.,24.5967519720202));
#9248=CARTESIAN_POINT('Ctrl Pts',(88.6021591688968,0.,25.1436036700043));
#9249=CARTESIAN_POINT('Ctrl Pts',(88.6021591688968,2.,25.1436036700043));
#9250=CARTESIAN_POINT('Ctrl Pts',(88.5992648663529,0.,25.7012666941701));
#9251=CARTESIAN_POINT('Ctrl Pts',(88.5992648663529,2.,25.7012666941701));
#9252=CARTESIAN_POINT('Ctrl Pts',(88.597603624705,0.,26.0213483121612));
#9253=CARTESIAN_POINT('Ctrl Pts',(88.597603624705,2.,26.0213483121612));
#9254=CARTESIAN_POINT('',(88.597603624705,1.5,26.0213483121612));
#9255=CARTESIAN_POINT('Ctrl Pts',(88.597603624705,1.5,26.0213483121612));
#9256=CARTESIAN_POINT('Ctrl Pts',(88.5992648663529,1.5,25.7012666941701));
#9257=CARTESIAN_POINT('Ctrl Pts',(88.6009261080007,1.5,25.381185076179));
#9258=CARTESIAN_POINT('Ctrl Pts',(88.636825865153,1.5,25.0646651532867));
#9259=CARTESIAN_POINT('Ctrl Pts',(88.6634725524545,1.5,24.8297274244817));
#9260=CARTESIAN_POINT('Ctrl Pts',(88.7089825694758,1.5,24.5967519720202));
#9261=CARTESIAN_POINT('Ctrl Pts',(88.754492586497,1.5,24.3637765195586));
#9262=CARTESIAN_POINT('',(88.597603624705,2.,26.0213483121612));
#9263=CARTESIAN_POINT('',(88.597603624705,0.,26.0213483121612));
#9264=CARTESIAN_POINT('Ctrl Pts',(88.754492586497,2.,24.3637765195586));
#9265=CARTESIAN_POINT('Ctrl Pts',(88.7089825694758,2.,24.5967519720202));
#9266=CARTESIAN_POINT('Ctrl Pts',(88.6021591688968,2.,25.1436036700043));
#9267=CARTESIAN_POINT('Ctrl Pts',(88.5992648663529,2.,25.7012666941701));
#9268=CARTESIAN_POINT('Ctrl Pts',(88.597603624705,2.,26.0213483121612));
#9269=CARTESIAN_POINT('Origin',(88.597603624705,0.,26.0213483121612));
#9270=CARTESIAN_POINT('',(88.597603624705,1.5,29.0363562848784));
#9271=CARTESIAN_POINT('',(88.597603624705,1.5,37.5856741560806));
#9272=CARTESIAN_POINT('',(88.597603624705,2.,29.0363562848784));
#9273=CARTESIAN_POINT('',(88.597603624705,0.,29.0363562848784));
#9274=CARTESIAN_POINT('',(88.597603624705,2.,29.0363562848784));
#9275=CARTESIAN_POINT('Origin',(88.597603624705,0.,29.0363562848784));
#9276=CARTESIAN_POINT('',(98.597603624705,1.5,31.1236680295684));
#9277=CARTESIAN_POINT('',(72.9066102818974,1.5,25.761156815849));
#9278=CARTESIAN_POINT('',(98.597603624705,2.,31.1236680295684));
#9279=CARTESIAN_POINT('',(98.597603624705,0.,31.1236680295684));
#9280=CARTESIAN_POINT('',(98.597603624705,2.,31.1236680295684));
#9281=CARTESIAN_POINT('Origin',(98.597603624705,0.,31.1236680295684));
#9282=CARTESIAN_POINT('',(98.597603624705,1.5,27.5220311429717));
#9283=CARTESIAN_POINT('',(98.597603624705,1.5,40.1368340147842));
#9284=CARTESIAN_POINT('',(98.597603624705,2.,27.5220311429717));
#9285=CARTESIAN_POINT('',(98.597603624705,0.,27.5220311429717));
#9286=CARTESIAN_POINT('',(98.597603624705,2.,27.5220311429717));
#9287=CARTESIAN_POINT('Ctrl Pts',(92.6221616920268,0.,23.1564105298736));
#9288=CARTESIAN_POINT('Ctrl Pts',(92.6221616920268,2.,23.1564105298736));
#9289=CARTESIAN_POINT('Ctrl Pts',(92.9688858314593,0.,23.1667791392783));
#9290=CARTESIAN_POINT('Ctrl Pts',(92.9688858314593,2.,23.1667791392783));
#9291=CARTESIAN_POINT('Ctrl Pts',(93.631718788366,0.,23.1866008224237));
#9292=CARTESIAN_POINT('Ctrl Pts',(93.631718788366,2.,23.1866008224237));
#9293=CARTESIAN_POINT('Ctrl Pts',(94.2667744870811,0.,23.3763070743053));
#9294=CARTESIAN_POINT('Ctrl Pts',(94.2667744870811,2.,23.3763070743053));
#9295=CARTESIAN_POINT('Ctrl Pts',(94.5696361717021,0.,23.4667790677764));
#9296=CARTESIAN_POINT('Ctrl Pts',(94.5696361717021,2.,23.4667790677764));
#9297=CARTESIAN_POINT('',(94.5696361717021,1.5,23.4667790677764));
#9298=CARTESIAN_POINT('',(92.6221616920268,1.5,23.1564105298736));
#9299=CARTESIAN_POINT('Ctrl Pts',(94.5696361717021,1.5,23.4667790677764));
#9300=CARTESIAN_POINT('Ctrl Pts',(94.2667744870811,1.5,23.3763070743053));
#9301=CARTESIAN_POINT('Ctrl Pts',(93.9639128024601,1.5,23.2858350808341));
#9302=CARTESIAN_POINT('Ctrl Pts',(93.6547334846293,1.5,23.2340014722564));
#9303=CARTESIAN_POINT('Ctrl Pts',(93.3156099708918,1.5,23.1771477486829));
#9304=CARTESIAN_POINT('Ctrl Pts',(92.9688858314593,1.5,23.1667791392783));
#9305=CARTESIAN_POINT('Ctrl Pts',(92.6221616920268,1.5,23.1564105298736));
#9306=CARTESIAN_POINT('',(94.5696361717021,2.,23.4667790677764));
#9307=CARTESIAN_POINT('',(94.5696361717021,0.,23.4667790677764));
#9308=CARTESIAN_POINT('',(92.6221616920268,2.,23.1564105298736));
#9309=CARTESIAN_POINT('Ctrl Pts',(92.6221616920268,2.,23.1564105298736));
#9310=CARTESIAN_POINT('Ctrl Pts',(92.9688858314593,2.,23.1667791392783));
#9311=CARTESIAN_POINT('Ctrl Pts',(93.631718788366,2.,23.1866008224237));
#9312=CARTESIAN_POINT('Ctrl Pts',(94.2667744870811,2.,23.3763070743053));
#9313=CARTESIAN_POINT('Ctrl Pts',(94.5696361717021,2.,23.4667790677764));
#9314=CARTESIAN_POINT('',(92.6221616920268,0.,23.1564105298736));
#9315=CARTESIAN_POINT('Ctrl Pts',(94.5696361717021,0.,23.4667790677764));
#9316=CARTESIAN_POINT('Ctrl Pts',(94.5696361717021,2.,23.4667790677764));
#9317=CARTESIAN_POINT('Ctrl Pts',(94.8450032745017,0.,23.5772297793406));
#9318=CARTESIAN_POINT('Ctrl Pts',(94.8450032745017,2.,23.5772297793406));
#9319=CARTESIAN_POINT('Ctrl Pts',(95.385606914702,0.,23.7940677971257));
#9320=CARTESIAN_POINT('Ctrl Pts',(95.385606914702,2.,23.7940677971257));
#9321=CARTESIAN_POINT('Ctrl Pts',(95.8609677834893,0.,24.1305007543548));
#9322=CARTESIAN_POINT('Ctrl Pts',(95.8609677834893,2.,24.1305007543548));
#9323=CARTESIAN_POINT('Ctrl Pts',(96.0941942390239,0.,24.2955649640777));
#9324=CARTESIAN_POINT('Ctrl Pts',(96.0941942390239,2.,24.2955649640777));
#9325=CARTESIAN_POINT('',(96.0941942390239,1.5,24.2955649640777));
#9326=CARTESIAN_POINT('Ctrl Pts',(96.0941942390239,1.5,24.2955649640777));
#9327=CARTESIAN_POINT('Ctrl Pts',(95.8609677834893,1.5,24.1305007543548));
#9328=CARTESIAN_POINT('Ctrl Pts',(95.6277413279549,1.5,23.965436544632));
#9329=CARTESIAN_POINT('Ctrl Pts',(95.3788097556864,1.5,23.829161002896));
#9330=CARTESIAN_POINT('Ctrl Pts',(95.1203703773012,1.5,23.6876804909047));
#9331=CARTESIAN_POINT('Ctrl Pts',(94.8450032745017,1.5,23.5772297793406));
#9332=CARTESIAN_POINT('Ctrl Pts',(94.5696361717021,1.5,23.4667790677764));
#9333=CARTESIAN_POINT('',(96.0941942390239,2.,24.2955649640777));
#9334=CARTESIAN_POINT('',(96.0941942390239,0.,24.2955649640777));
#9335=CARTESIAN_POINT('Ctrl Pts',(94.5696361717021,2.,23.4667790677764));
#9336=CARTESIAN_POINT('Ctrl Pts',(94.8450032745017,2.,23.5772297793406));
#9337=CARTESIAN_POINT('Ctrl Pts',(95.385606914702,2.,23.7940677971257));
#9338=CARTESIAN_POINT('Ctrl Pts',(95.8609677834893,2.,24.1305007543548));
#9339=CARTESIAN_POINT('Ctrl Pts',(96.0941942390239,2.,24.2955649640777));
#9340=CARTESIAN_POINT('Ctrl Pts',(96.0941942390239,0.,24.2955649640777));
#9341=CARTESIAN_POINT('Ctrl Pts',(96.0941942390239,2.,24.2955649640777));
#9342=CARTESIAN_POINT('Ctrl Pts',(96.2526474235497,0.,24.4287014379119));
#9343=CARTESIAN_POINT('Ctrl Pts',(96.2526474235497,2.,24.4287014379119));
#9344=CARTESIAN_POINT('Ctrl Pts',(96.5607462182628,0.,24.6875740332683));
#9345=CARTESIAN_POINT('Ctrl Pts',(96.5607462182628,2.,24.6875740332683));
#9346=CARTESIAN_POINT('Ctrl Pts',(96.793080006121,0.,25.0159946609948));
#9347=CARTESIAN_POINT('Ctrl Pts',(96.793080006121,2.,25.0159946609948));
#9348=CARTESIAN_POINT('Ctrl Pts',(96.905926054362,0.,25.1755107190825));
#9349=CARTESIAN_POINT('Ctrl Pts',(96.905926054362,2.,25.1755107190825));
#9350=CARTESIAN_POINT('',(96.905926054362,1.5,25.1755107190825));
#9351=CARTESIAN_POINT('Ctrl Pts',(96.905926054362,1.5,25.1755107190825));
#9352=CARTESIAN_POINT('Ctrl Pts',(96.793080006121,1.5,25.0159946609948));
#9353=CARTESIAN_POINT('Ctrl Pts',(96.6802339578801,1.5,24.856478602907));
#9354=CARTESIAN_POINT('Ctrl Pts',(96.549514120463,1.5,24.7133696820952));
#9355=CARTESIAN_POINT('Ctrl Pts',(96.4111006080755,1.5,24.5618379117461));
#9356=CARTESIAN_POINT('Ctrl Pts',(96.2526474235497,1.5,24.4287014379119));
#9357=CARTESIAN_POINT('Ctrl Pts',(96.0941942390239,1.5,24.2955649640777));
#9358=CARTESIAN_POINT('',(96.905926054362,2.,25.1755107190825));
#9359=CARTESIAN_POINT('',(96.905926054362,0.,25.1755107190825));
#9360=CARTESIAN_POINT('Ctrl Pts',(96.0941942390239,2.,24.2955649640777));
#9361=CARTESIAN_POINT('Ctrl Pts',(96.2526474235497,2.,24.4287014379119));
#9362=CARTESIAN_POINT('Ctrl Pts',(96.5607462182628,2.,24.6875740332683));
#9363=CARTESIAN_POINT('Ctrl Pts',(96.793080006121,2.,25.0159946609948));
#9364=CARTESIAN_POINT('Ctrl Pts',(96.905926054362,2.,25.1755107190825));
#9365=CARTESIAN_POINT('Ctrl Pts',(96.905926054362,0.,25.1755107190825));
#9366=CARTESIAN_POINT('Ctrl Pts',(96.905926054362,2.,25.1755107190825));
#9367=CARTESIAN_POINT('Ctrl Pts',(96.9815677355371,0.,25.308437058002));
#9368=CARTESIAN_POINT('Ctrl Pts',(96.9815677355371,2.,25.308437058002));
#9369=CARTESIAN_POINT('Ctrl Pts',(97.1407023491419,0.,25.5880868655315));
#9370=CARTESIAN_POINT('Ctrl Pts',(97.1407023491419,2.,25.5880868655315));
#9371=CARTESIAN_POINT('Ctrl Pts',(97.2238365483597,0.,25.8990976548978));
#9372=CARTESIAN_POINT('Ctrl Pts',(97.2238365483597,2.,25.8990976548978));
#9373=CARTESIAN_POINT('Ctrl Pts',(97.2674544509684,0.,26.0622752454497));
#9374=CARTESIAN_POINT('Ctrl Pts',(97.2674544509684,2.,26.0622752454497));
#9375=CARTESIAN_POINT('',(97.2674544509684,1.5,26.0622752454497));
#9376=CARTESIAN_POINT('Ctrl Pts',(97.2674544509684,1.5,26.0622752454497));
#9377=CARTESIAN_POINT('Ctrl Pts',(97.2238365483597,1.5,25.8990976548978));
#9378=CARTESIAN_POINT('Ctrl Pts',(97.180218645751,1.5,25.7359200643459));
#9379=CARTESIAN_POINT('Ctrl Pts',(97.1156795676982,1.5,25.5813754346587));
#9380=CARTESIAN_POINT('Ctrl Pts',(97.0572094167123,1.5,25.4413633969214));
#9381=CARTESIAN_POINT('Ctrl Pts',(96.9815677355371,1.5,25.308437058002));
#9382=CARTESIAN_POINT('Ctrl Pts',(96.905926054362,1.5,25.1755107190825));
#9383=CARTESIAN_POINT('',(97.2674544509684,2.,26.0622752454497));
#9384=CARTESIAN_POINT('',(97.2674544509684,0.,26.0622752454497));
#9385=CARTESIAN_POINT('Ctrl Pts',(96.905926054362,2.,25.1755107190825));
#9386=CARTESIAN_POINT('Ctrl Pts',(96.9815677355371,2.,25.308437058002));
#9387=CARTESIAN_POINT('Ctrl Pts',(97.1407023491419,2.,25.5880868655315));
#9388=CARTESIAN_POINT('Ctrl Pts',(97.2238365483597,2.,25.8990976548978));
#9389=CARTESIAN_POINT('Ctrl Pts',(97.2674544509684,2.,26.0622752454497));
#9390=CARTESIAN_POINT('Ctrl Pts',(97.2674544509684,0.,26.0622752454497));
#9391=CARTESIAN_POINT('Ctrl Pts',(97.2674544509684,2.,26.0622752454497));
#9392=CARTESIAN_POINT('Ctrl Pts',(97.3251003329514,0.,26.3586902047507));
#9393=CARTESIAN_POINT('Ctrl Pts',(97.3251003329514,2.,26.3586902047507));
#9394=CARTESIAN_POINT('Ctrl Pts',(97.4472989545728,0.,26.9870351655451));
#9395=CARTESIAN_POINT('Ctrl Pts',(97.4472989545728,2.,26.9870351655451));
#9396=CARTESIAN_POINT('Ctrl Pts',(97.459058329456,0.,27.6272257998752));
#9397=CARTESIAN_POINT('Ctrl Pts',(97.459058329456,2.,27.6272257998752));
#9398=CARTESIAN_POINT('Ctrl Pts',(97.465270346049,0.,27.9654134061553));
#9399=CARTESIAN_POINT('Ctrl Pts',(97.465270346049,2.,27.9654134061553));
#9400=CARTESIAN_POINT('',(97.465270346049,1.5,27.9654134061553));
#9401=CARTESIAN_POINT('Ctrl Pts',(97.465270346049,1.5,27.9654134061553));
#9402=CARTESIAN_POINT('Ctrl Pts',(97.459058329456,1.5,27.6272257998752));
#9403=CARTESIAN_POINT('Ctrl Pts',(97.4528463128631,1.5,27.2890381935951));
#9404=CARTESIAN_POINT('Ctrl Pts',(97.415815180186,1.5,26.9541562345245));
#9405=CARTESIAN_POINT('Ctrl Pts',(97.3827462149343,1.5,26.6551051640518));
#9406=CARTESIAN_POINT('Ctrl Pts',(97.3251003329514,1.5,26.3586902047507));
#9407=CARTESIAN_POINT('Ctrl Pts',(97.2674544509684,1.5,26.0622752454497));
#9408=CARTESIAN_POINT('',(97.465270346049,2.,27.9654134061553));
#9409=CARTESIAN_POINT('',(97.465270346049,0.,27.9654134061553));
#9410=CARTESIAN_POINT('Ctrl Pts',(97.2674544509684,2.,26.0622752454497));
#9411=CARTESIAN_POINT('Ctrl Pts',(97.3251003329514,2.,26.3586902047507));
#9412=CARTESIAN_POINT('Ctrl Pts',(97.4472989545728,2.,26.9870351655451));
#9413=CARTESIAN_POINT('Ctrl Pts',(97.459058329456,2.,27.6272257998752));
#9414=CARTESIAN_POINT('Ctrl Pts',(97.465270346049,2.,27.9654134061553));
#9415=CARTESIAN_POINT('Origin',(97.465270346049,0.,27.9654134061553));
#9416=CARTESIAN_POINT('',(97.465270346049,1.5,29.547950103543));
#9417=CARTESIAN_POINT('',(97.465270346049,1.5,38.5577067030776));
#9418=CARTESIAN_POINT('',(97.465270346049,2.,29.547950103543));
#9419=CARTESIAN_POINT('',(97.465270346049,0.,29.547950103543));
#9420=CARTESIAN_POINT('',(97.465270346049,2.,29.547950103543));
#9421=CARTESIAN_POINT('Ctrl Pts',(90.7565386947429,0.,23.5793317105987));
#9422=CARTESIAN_POINT('Ctrl Pts',(90.7565386947429,2.,23.5793317105987));
#9423=CARTESIAN_POINT('Ctrl Pts',(91.0163807345184,0.,23.4564088390165));
#9424=CARTESIAN_POINT('Ctrl Pts',(91.0163807345184,2.,23.4564088390165));
#9425=CARTESIAN_POINT('Ctrl Pts',(91.6047128179221,0.,23.178087943759));
#9426=CARTESIAN_POINT('Ctrl Pts',(91.6047128179221,2.,23.178087943759));
#9427=CARTESIAN_POINT('Ctrl Pts',(92.257617888829,0.,23.1641773740879));
#9428=CARTESIAN_POINT('Ctrl Pts',(92.257617888829,2.,23.1641773740879));
#9429=CARTESIAN_POINT('Ctrl Pts',(92.6221616920268,0.,23.1564105298736));
#9430=CARTESIAN_POINT('Ctrl Pts',(92.6221616920268,2.,23.1564105298736));
#9431=CARTESIAN_POINT('',(90.7565386947429,1.5,23.5793317105987));
#9432=CARTESIAN_POINT('Ctrl Pts',(92.6221616920268,1.5,23.1564105298736));
#9433=CARTESIAN_POINT('Ctrl Pts',(92.257617888829,1.5,23.1641773740879));
#9434=CARTESIAN_POINT('Ctrl Pts',(91.8930740856313,1.5,23.1719442183023));
#9435=CARTESIAN_POINT('Ctrl Pts',(91.5486605819499,1.5,23.2621396329619));
#9436=CARTESIAN_POINT('Ctrl Pts',(91.276222774294,1.5,23.3334859674344));
#9437=CARTESIAN_POINT('Ctrl Pts',(91.0163807345184,1.5,23.4564088390165));
#9438=CARTESIAN_POINT('Ctrl Pts',(90.7565386947429,1.5,23.5793317105987));
#9439=CARTESIAN_POINT('',(90.7565386947429,2.,23.5793317105987));
#9440=CARTESIAN_POINT('Ctrl Pts',(90.7565386947429,2.,23.5793317105987));
#9441=CARTESIAN_POINT('Ctrl Pts',(91.0163807345184,2.,23.4564088390165));
#9442=CARTESIAN_POINT('Ctrl Pts',(91.6047128179221,2.,23.178087943759));
#9443=CARTESIAN_POINT('Ctrl Pts',(92.257617888829,2.,23.1641773740879));
#9444=CARTESIAN_POINT('Ctrl Pts',(92.6221616920268,2.,23.1564105298736));
#9445=CARTESIAN_POINT('',(90.7565386947429,0.,23.5793317105987));
#9446=CARTESIAN_POINT('Ctrl Pts',(89.8936470207011,0.,24.6570933606841));
#9447=CARTESIAN_POINT('Ctrl Pts',(89.8936470207011,2.,24.6570933606841));
#9448=CARTESIAN_POINT('Ctrl Pts',(89.98585739428,0.,24.4463197760673));
#9449=CARTESIAN_POINT('Ctrl Pts',(89.98585739428,2.,24.4463197760673));
#9450=CARTESIAN_POINT('Ctrl Pts',(90.1765686856641,0.,24.0103937413729));
#9451=CARTESIAN_POINT('Ctrl Pts',(90.1765686856641,2.,24.0103937413729));
#9452=CARTESIAN_POINT('Ctrl Pts',(90.5590104563815,0.,23.7261443426838));
#9453=CARTESIAN_POINT('Ctrl Pts',(90.5590104563815,2.,23.7261443426838));
#9454=CARTESIAN_POINT('Ctrl Pts',(90.7565386947429,0.,23.5793317105987));
#9455=CARTESIAN_POINT('Ctrl Pts',(90.7565386947429,2.,23.5793317105987));
#9456=CARTESIAN_POINT('',(89.8936470207011,1.5,24.6570933606841));
#9457=CARTESIAN_POINT('Ctrl Pts',(90.7565386947429,1.5,23.5793317105987));
#9458=CARTESIAN_POINT('Ctrl Pts',(90.5590104563815,1.5,23.7261443426838));
#9459=CARTESIAN_POINT('Ctrl Pts',(90.3614822180202,1.5,23.872956974769));
#9460=CARTESIAN_POINT('Ctrl Pts',(90.2151008304392,1.5,24.0602315213897));
#9461=CARTESIAN_POINT('Ctrl Pts',(90.0780677678589,1.5,24.2355461914505));
#9462=CARTESIAN_POINT('Ctrl Pts',(89.98585739428,1.5,24.4463197760673));
#9463=CARTESIAN_POINT('Ctrl Pts',(89.8936470207011,1.5,24.6570933606841));
#9464=CARTESIAN_POINT('',(89.8936470207011,2.,24.6570933606841));
#9465=CARTESIAN_POINT('Ctrl Pts',(89.8936470207011,2.,24.6570933606841));
#9466=CARTESIAN_POINT('Ctrl Pts',(89.98585739428,2.,24.4463197760673));
#9467=CARTESIAN_POINT('Ctrl Pts',(90.1765686856641,2.,24.0103937413729));
#9468=CARTESIAN_POINT('Ctrl Pts',(90.5590104563815,2.,23.7261443426838));
#9469=CARTESIAN_POINT('Ctrl Pts',(90.7565386947429,2.,23.5793317105987));
#9470=CARTESIAN_POINT('',(89.8936470207011,0.,24.6570933606841));
#9471=CARTESIAN_POINT('Ctrl Pts',(89.7367580589091,0.,26.164594962857));
#9472=CARTESIAN_POINT('Ctrl Pts',(89.7367580589091,2.,26.164594962857));
#9473=CARTESIAN_POINT('Ctrl Pts',(89.7374577460814,0.,25.8669961185711));
#9474=CARTESIAN_POINT('Ctrl Pts',(89.7374577460814,2.,25.8669961185711));
#9475=CARTESIAN_POINT('Ctrl Pts',(89.7386531763597,0.,25.3585422218827));
#9476=CARTESIAN_POINT('Ctrl Pts',(89.7386531763597,2.,25.3585422218827));
#9477=CARTESIAN_POINT('Ctrl Pts',(89.8482128088621,0.,24.8627129857042));
#9478=CARTESIAN_POINT('Ctrl Pts',(89.8482128088621,2.,24.8627129857042));
#9479=CARTESIAN_POINT('Ctrl Pts',(89.8936470207011,0.,24.6570933606841));
#9480=CARTESIAN_POINT('Ctrl Pts',(89.8936470207011,2.,24.6570933606841));
#9481=CARTESIAN_POINT('',(89.7367580589091,1.5,26.164594962857));
#9482=CARTESIAN_POINT('Ctrl Pts',(89.8936470207011,1.5,24.6570933606841));
#9483=CARTESIAN_POINT('Ctrl Pts',(89.8482128088621,1.5,24.8627129857042));
#9484=CARTESIAN_POINT('Ctrl Pts',(89.8027785970231,1.5,25.0683326107244));
#9485=CARTESIAN_POINT('Ctrl Pts',(89.7759802993571,1.5,25.2761233594634));
#9486=CARTESIAN_POINT('Ctrl Pts',(89.7381574332538,1.5,25.5693972742852));
#9487=CARTESIAN_POINT('Ctrl Pts',(89.7374577460814,1.5,25.8669961185711));
#9488=CARTESIAN_POINT('Ctrl Pts',(89.7367580589091,1.5,26.164594962857));
#9489=CARTESIAN_POINT('',(89.7367580589091,2.,26.164594962857));
#9490=CARTESIAN_POINT('Ctrl Pts',(89.7367580589091,2.,26.164594962857));
#9491=CARTESIAN_POINT('Ctrl Pts',(89.7374577460814,2.,25.8669961185711));
#9492=CARTESIAN_POINT('Ctrl Pts',(89.7386531763597,2.,25.3585422218827));
#9493=CARTESIAN_POINT('Ctrl Pts',(89.8482128088621,2.,24.8627129857042));
#9494=CARTESIAN_POINT('Ctrl Pts',(89.8936470207011,2.,24.6570933606841));
#9495=CARTESIAN_POINT('',(89.7367580589091,0.,26.164594962857));
#9496=CARTESIAN_POINT('Origin',(89.7367580589091,0.,27.9313100126006));
#9497=CARTESIAN_POINT('',(89.7367580589091,1.5,27.9313100126006));
#9498=CARTESIAN_POINT('',(89.7367580589091,1.5,38.5406550063003));
#9499=CARTESIAN_POINT('',(89.7367580589091,2.,27.9313100126006));
#9500=CARTESIAN_POINT('',(89.7367580589091,2.,26.164594962857));
#9501=CARTESIAN_POINT('',(89.7367580589091,0.,27.9313100126006));
#9502=CARTESIAN_POINT('Origin',(97.465270346049,0.,29.547950103543));
#9503=CARTESIAN_POINT('',(77.482175555099,1.5,25.3679124740619));
#9504=CARTESIAN_POINT('',(89.7367580589091,2.,27.9313100126006));
#9505=CARTESIAN_POINT('Ctrl Pts',(92.6835520919597,0.,21.7989743497588));
#9506=CARTESIAN_POINT('Ctrl Pts',(92.6835520919597,2.,21.7989743497588));
#9507=CARTESIAN_POINT('Ctrl Pts',(92.3611664674483,0.,21.8091181784195));
#9508=CARTESIAN_POINT('Ctrl Pts',(92.3611664674483,2.,21.8091181784195));
#9509=CARTESIAN_POINT('Ctrl Pts',(91.7411879789363,0.,21.8286257342241));
#9510=CARTESIAN_POINT('Ctrl Pts',(91.7411879789363,2.,21.8286257342241));
#9511=CARTESIAN_POINT('Ctrl Pts',(91.1473266669324,0.,22.0067774505407));
#9512=CARTESIAN_POINT('Ctrl Pts',(91.1473266669324,2.,22.0067774505407));
#9513=CARTESIAN_POINT('Ctrl Pts',(90.862270182017,0.,22.0922911908843));
#9514=CARTESIAN_POINT('Ctrl Pts',(90.862270182017,2.,22.0922911908843));
#9515=CARTESIAN_POINT('',(92.6835520919597,1.5,21.7989743497588));
#9516=CARTESIAN_POINT('Ctrl Pts',(90.862270182017,1.5,22.0922911908843));
#9517=CARTESIAN_POINT('Ctrl Pts',(91.1473266669324,1.5,22.0067774505407));
#9518=CARTESIAN_POINT('Ctrl Pts',(91.4323831518478,1.5,21.921263710197));
#9519=CARTESIAN_POINT('Ctrl Pts',(91.7234571632182,1.5,21.8723023679473));
#9520=CARTESIAN_POINT('Ctrl Pts',(92.0387808429369,1.5,21.8192620070801));
#9521=CARTESIAN_POINT('Ctrl Pts',(92.3611664674483,1.5,21.8091181784195));
#9522=CARTESIAN_POINT('Ctrl Pts',(92.6835520919597,1.5,21.7989743497588));
#9523=CARTESIAN_POINT('',(92.6835520919597,2.,21.7989743497588));
#9524=CARTESIAN_POINT('Ctrl Pts',(92.6835520919597,2.,21.7989743497588));
#9525=CARTESIAN_POINT('Ctrl Pts',(92.3611664674483,2.,21.8091181784195));
#9526=CARTESIAN_POINT('Ctrl Pts',(91.7411879789363,2.,21.8286257342241));
#9527=CARTESIAN_POINT('Ctrl Pts',(91.1473266669324,2.,22.0067774505407));
#9528=CARTESIAN_POINT('Ctrl Pts',(90.862270182017,2.,22.0922911908843));
#9529=CARTESIAN_POINT('',(92.6835520919597,0.,21.7989743497588));
#9530=CARTESIAN_POINT('Ctrl Pts',(94.8834140952861,0.,22.1639121320464));
#9531=CARTESIAN_POINT('Ctrl Pts',(94.8834140952861,2.,22.1639121320464));
#9532=CARTESIAN_POINT('Ctrl Pts',(94.5372398588523,0.,22.0575051084747));
#9533=CARTESIAN_POINT('Ctrl Pts',(94.5372398588523,2.,22.0575051084747));
#9534=CARTESIAN_POINT('Ctrl Pts',(93.8206188732811,0.,21.8372301773036));
#9535=CARTESIAN_POINT('Ctrl Pts',(93.8206188732811,2.,21.8372301773036));
#9536=CARTESIAN_POINT('Ctrl Pts',(93.0710373233244,0.,21.812011023093));
#9537=CARTESIAN_POINT('Ctrl Pts',(93.0710373233244,2.,21.812011023093));
#9538=CARTESIAN_POINT('Ctrl Pts',(92.6835520919597,0.,21.7989743497588));
#9539=CARTESIAN_POINT('Ctrl Pts',(92.6835520919597,2.,21.7989743497588));
#9540=CARTESIAN_POINT('',(94.8834140952861,1.5,22.1639121320464));
#9541=CARTESIAN_POINT('Ctrl Pts',(92.6835520919597,1.5,21.7989743497588));
#9542=CARTESIAN_POINT('Ctrl Pts',(93.0710373233244,1.5,21.812011023093));
#9543=CARTESIAN_POINT('Ctrl Pts',(93.4585225546892,1.5,21.8250476964272));
#9544=CARTESIAN_POINT('Ctrl Pts',(93.8371999915873,1.5,21.8902076032378));
#9545=CARTESIAN_POINT('Ctrl Pts',(94.1910656224186,1.5,21.951098084903));
#9546=CARTESIAN_POINT('Ctrl Pts',(94.5372398588523,1.5,22.0575051084747));
#9547=CARTESIAN_POINT('Ctrl Pts',(94.8834140952861,1.5,22.1639121320464));
#9548=CARTESIAN_POINT('',(94.8834140952861,2.,22.1639121320464));
#9549=CARTESIAN_POINT('Ctrl Pts',(94.8834140952861,2.,22.1639121320464));
#9550=CARTESIAN_POINT('Ctrl Pts',(94.5372398588523,2.,22.0575051084747));
#9551=CARTESIAN_POINT('Ctrl Pts',(93.8206188732811,2.,21.8372301773036));
#9552=CARTESIAN_POINT('Ctrl Pts',(93.0710373233244,2.,21.812011023093));
#9553=CARTESIAN_POINT('Ctrl Pts',(92.6835520919597,2.,21.7989743497588));
#9554=CARTESIAN_POINT('',(94.8834140952861,0.,22.1639121320464));
#9555=CARTESIAN_POINT('Ctrl Pts',(96.6296632941996,0.,23.1188929822661));
#9556=CARTESIAN_POINT('Ctrl Pts',(96.6296632941996,2.,23.1188929822661));
#9557=CARTESIAN_POINT('Ctrl Pts',(96.3644697577939,0.,22.9301383399922));
#9558=CARTESIAN_POINT('Ctrl Pts',(96.3644697577939,2.,22.9301383399922));
#9559=CARTESIAN_POINT('Ctrl Pts',(95.8202965567041,0.,22.5428166152665));
#9560=CARTESIAN_POINT('Ctrl Pts',(95.8202965567041,2.,22.5428166152665));
#9561=CARTESIAN_POINT('Ctrl Pts',(95.2009385379533,0.,22.2923289183704));
#9562=CARTESIAN_POINT('Ctrl Pts',(95.2009385379533,2.,22.2923289183704));
#9563=CARTESIAN_POINT('Ctrl Pts',(94.8834140952861,0.,22.1639121320464));
#9564=CARTESIAN_POINT('Ctrl Pts',(94.8834140952861,2.,22.1639121320464));
#9565=CARTESIAN_POINT('',(96.6296632941996,1.5,23.1188929822661));
#9566=CARTESIAN_POINT('Ctrl Pts',(94.8834140952861,1.5,22.1639121320464));
#9567=CARTESIAN_POINT('Ctrl Pts',(95.2009385379533,1.5,22.2923289183704));
#9568=CARTESIAN_POINT('Ctrl Pts',(95.5184629806205,1.5,22.4207457046943));
#9569=CARTESIAN_POINT('Ctrl Pts',(95.8162267860209,1.5,22.5851262357451));
#9570=CARTESIAN_POINT('Ctrl Pts',(96.0992762213882,1.5,22.7413836977182));
#9571=CARTESIAN_POINT('Ctrl Pts',(96.3644697577939,1.5,22.9301383399922));
#9572=CARTESIAN_POINT('Ctrl Pts',(96.6296632941996,1.5,23.1188929822661));
#9573=CARTESIAN_POINT('',(96.6296632941996,2.,23.1188929822661));
#9574=CARTESIAN_POINT('Ctrl Pts',(96.6296632941996,2.,23.1188929822661));
#9575=CARTESIAN_POINT('Ctrl Pts',(96.3644697577939,2.,22.9301383399922));
#9576=CARTESIAN_POINT('Ctrl Pts',(95.8202965567041,2.,22.5428166152665));
#9577=CARTESIAN_POINT('Ctrl Pts',(95.2009385379533,2.,22.2923289183704));
#9578=CARTESIAN_POINT('Ctrl Pts',(94.8834140952861,2.,22.1639121320464));
#9579=CARTESIAN_POINT('',(96.6296632941996,0.,23.1188929822661));
#9580=CARTESIAN_POINT('Ctrl Pts',(97.8097446616923,0.,24.3535435941436));
#9581=CARTESIAN_POINT('Ctrl Pts',(97.8097446616923,2.,24.3535435941436));
#9582=CARTESIAN_POINT('Ctrl Pts',(97.6477940263548,0.,24.1361687914162));
#9583=CARTESIAN_POINT('Ctrl Pts',(97.6477940263548,2.,24.1361687914162));
#9584=CARTESIAN_POINT('Ctrl Pts',(97.3052830664382,0.,23.676440725585));
#9585=CARTESIAN_POINT('Ctrl Pts',(97.3052830664382,2.,23.676440725585));
#9586=CARTESIAN_POINT('Ctrl Pts',(96.8628822243595,0.,23.3113543245076));
#9587=CARTESIAN_POINT('Ctrl Pts',(96.8628822243595,2.,23.3113543245076));
#9588=CARTESIAN_POINT('Ctrl Pts',(96.6296632941996,0.,23.1188929822661));
#9589=CARTESIAN_POINT('Ctrl Pts',(96.6296632941996,2.,23.1188929822661));
#9590=CARTESIAN_POINT('',(97.8097446616923,1.5,24.3535435941436));
#9591=CARTESIAN_POINT('Ctrl Pts',(96.6296632941996,1.5,23.1188929822661));
#9592=CARTESIAN_POINT('Ctrl Pts',(96.8628822243595,1.5,23.3113543245076));
#9593=CARTESIAN_POINT('Ctrl Pts',(97.0961011545194,1.5,23.503815666749));
#9594=CARTESIAN_POINT('Ctrl Pts',(97.3015602287089,1.5,23.7225783612945));
#9595=CARTESIAN_POINT('Ctrl Pts',(97.4858433910173,1.5,23.9187939886887));
#9596=CARTESIAN_POINT('Ctrl Pts',(97.6477940263548,1.5,24.1361687914162));
#9597=CARTESIAN_POINT('Ctrl Pts',(97.8097446616923,1.5,24.3535435941436));
#9598=CARTESIAN_POINT('',(97.8097446616923,2.,24.3535435941436));
#9599=CARTESIAN_POINT('Ctrl Pts',(97.8097446616923,2.,24.3535435941436));
#9600=CARTESIAN_POINT('Ctrl Pts',(97.6477940263548,2.,24.1361687914162));
#9601=CARTESIAN_POINT('Ctrl Pts',(97.3052830664382,2.,23.676440725585));
#9602=CARTESIAN_POINT('Ctrl Pts',(96.8628822243595,2.,23.3113543245076));
#9603=CARTESIAN_POINT('Ctrl Pts',(96.6296632941996,2.,23.1188929822661));
#9604=CARTESIAN_POINT('',(97.8097446616923,0.,24.3535435941436));
#9605=CARTESIAN_POINT('Ctrl Pts',(98.440714662913,0.,25.8781016614654));
#9606=CARTESIAN_POINT('Ctrl Pts',(98.440714662913,2.,25.8781016614654));
#9607=CARTESIAN_POINT('Ctrl Pts',(98.366303332551,0.,25.5992650247672));
#9608=CARTESIAN_POINT('Ctrl Pts',(98.366303332551,2.,25.5992650247672));
#9609=CARTESIAN_POINT('Ctrl Pts',(98.2231888971287,0.,25.0629818049671));
#9610=CARTESIAN_POINT('Ctrl Pts',(98.2231888971287,2.,25.0629818049671));
#9611=CARTESIAN_POINT('Ctrl Pts',(97.9438454669375,0.,24.5836501652093));
#9612=CARTESIAN_POINT('Ctrl Pts',(97.9438454669375,2.,24.5836501652093));
#9613=CARTESIAN_POINT('Ctrl Pts',(97.8097446616923,0.,24.3535435941436));
#9614=CARTESIAN_POINT('Ctrl Pts',(97.8097446616923,2.,24.3535435941436));
#9615=CARTESIAN_POINT('',(98.440714662913,1.5,25.8781016614654));
#9616=CARTESIAN_POINT('Ctrl Pts',(97.8097446616923,1.5,24.3535435941436));
#9617=CARTESIAN_POINT('Ctrl Pts',(97.9438454669375,1.5,24.5836501652093));
#9618=CARTESIAN_POINT('Ctrl Pts',(98.0779462721827,1.5,24.813756736275));
#9619=CARTESIAN_POINT('Ctrl Pts',(98.1806524452006,1.5,25.0569880750396));
#9620=CARTESIAN_POINT('Ctrl Pts',(98.2918920021891,1.5,25.320428388069));
#9621=CARTESIAN_POINT('Ctrl Pts',(98.366303332551,1.5,25.5992650247672));
#9622=CARTESIAN_POINT('Ctrl Pts',(98.440714662913,1.5,25.8781016614654));
#9623=CARTESIAN_POINT('',(98.440714662913,2.,25.8781016614654));
#9624=CARTESIAN_POINT('Ctrl Pts',(98.440714662913,2.,25.8781016614654));
#9625=CARTESIAN_POINT('Ctrl Pts',(98.366303332551,2.,25.5992650247672));
#9626=CARTESIAN_POINT('Ctrl Pts',(98.2231888971287,2.,25.0629818049671));
#9627=CARTESIAN_POINT('Ctrl Pts',(97.9438454669375,2.,24.5836501652093));
#9628=CARTESIAN_POINT('Ctrl Pts',(97.8097446616923,2.,24.3535435941436));
#9629=CARTESIAN_POINT('',(98.440714662913,0.,25.8781016614654));
#9630=CARTESIAN_POINT('Ctrl Pts',(98.597603624705,0.,27.5220311429717));
#9631=CARTESIAN_POINT('Ctrl Pts',(98.597603624705,2.,27.5220311429717));
#9632=CARTESIAN_POINT('Ctrl Pts',(98.5936901258653,0.,27.2215427621588));
#9633=CARTESIAN_POINT('Ctrl Pts',(98.5936901258653,2.,27.2215427621588));
#9634=CARTESIAN_POINT('Ctrl Pts',(98.5864943939376,0.,26.6690361882972));
#9635=CARTESIAN_POINT('Ctrl Pts',(98.5864943939376,2.,26.6690361882972));
#9636=CARTESIAN_POINT('Ctrl Pts',(98.4863803103946,0.,26.1258626981299));
#9637=CARTESIAN_POINT('Ctrl Pts',(98.4863803103946,2.,26.1258626981299));
#9638=CARTESIAN_POINT('Ctrl Pts',(98.440714662913,0.,25.8781016614654));
#9639=CARTESIAN_POINT('Ctrl Pts',(98.440714662913,2.,25.8781016614654));
#9640=CARTESIAN_POINT('Ctrl Pts',(98.440714662913,1.5,25.8781016614654));
#9641=CARTESIAN_POINT('Ctrl Pts',(98.4863803103946,1.5,26.1258626981299));
#9642=CARTESIAN_POINT('Ctrl Pts',(98.5320459578762,1.5,26.3736237347944));
#9643=CARTESIAN_POINT('Ctrl Pts',(98.5583790000712,1.5,26.6233266141631));
#9644=CARTESIAN_POINT('Ctrl Pts',(98.5897766270256,1.5,26.9210543813459));
#9645=CARTESIAN_POINT('Ctrl Pts',(98.5936901258653,1.5,27.2215427621588));
#9646=CARTESIAN_POINT('Ctrl Pts',(98.597603624705,1.5,27.5220311429717));
#9647=CARTESIAN_POINT('Ctrl Pts',(98.597603624705,2.,27.5220311429717));
#9648=CARTESIAN_POINT('Ctrl Pts',(98.5936901258653,2.,27.2215427621588));
#9649=CARTESIAN_POINT('Ctrl Pts',(98.5864943939376,2.,26.6690361882972));
#9650=CARTESIAN_POINT('Ctrl Pts',(98.4863803103946,2.,26.1258626981299));
#9651=CARTESIAN_POINT('Ctrl Pts',(98.440714662913,2.,25.8781016614654));
#9652=CARTESIAN_POINT('Origin',(85.7940568383967,2.,54.6843772936978));
#9653=CARTESIAN_POINT('Origin',(51.65,1.5,49.15));
#9654=CARTESIAN_POINT('Origin',(88.597603624705,0.,78.9613217857101));
#9655=CARTESIAN_POINT('',(92.7517660316264,1.5,79.8276246335723));
#9656=CARTESIAN_POINT('',(88.597603624705,1.5,78.9613217857101));
#9657=CARTESIAN_POINT('',(67.9148552609088,1.5,74.6481722132904));
#9658=CARTESIAN_POINT('',(92.7517660316264,2.,79.8276246335723));
#9659=CARTESIAN_POINT('',(92.7517660316264,0.,79.8276246335723));
#9660=CARTESIAN_POINT('',(88.597603624705,2.,78.9613217857101));
#9661=CARTESIAN_POINT('',(92.7517660316264,2.,79.8276246335723));
#9662=CARTESIAN_POINT('',(88.597603624705,0.,78.9613217857101));
#9663=CARTESIAN_POINT('Origin',(92.7517660316264,0.,79.8276246335723));
#9664=CARTESIAN_POINT('',(92.7517660316264,1.5,85.0117991116263));
#9665=CARTESIAN_POINT('',(92.7517660316264,1.5,64.4888123167861));
#9666=CARTESIAN_POINT('',(92.7517660316264,2.,85.0117991116263));
#9667=CARTESIAN_POINT('',(92.7517660316264,0.,85.0117991116263));
#9668=CARTESIAN_POINT('',(92.7517660316264,2.,85.0117991116263));
#9669=CARTESIAN_POINT('Origin',(92.7517660316264,0.,85.0117991116263));
#9670=CARTESIAN_POINT('',(88.597603624705,1.5,84.1454962637641));
#9671=CARTESIAN_POINT('',(69.4739143546501,1.5,80.1574705552173));
#9672=CARTESIAN_POINT('',(88.597603624705,2.,84.1454962637641));
#9673=CARTESIAN_POINT('',(88.597603624705,0.,84.1454962637641));
#9674=CARTESIAN_POINT('',(88.597603624705,2.,84.1454962637641));
#9675=CARTESIAN_POINT('Origin',(88.597603624705,0.,84.1454962637641));
#9676=CARTESIAN_POINT('',(88.597603624705,1.5,85.4756466295936));
#9677=CARTESIAN_POINT('',(88.597603624705,1.5,66.647748131882));
#9678=CARTESIAN_POINT('',(88.597603624705,2.,85.4756466295936));
#9679=CARTESIAN_POINT('',(88.597603624705,0.,85.4756466295936));
#9680=CARTESIAN_POINT('',(88.597603624705,2.,85.4756466295936));
#9681=CARTESIAN_POINT('Origin',(88.597603624705,0.,85.4756466295936));
#9682=CARTESIAN_POINT('',(98.597603624705,1.5,87.5697802376368));
#9683=CARTESIAN_POINT('',(67.2561702152629,1.5,81.0064653349407));
#9684=CARTESIAN_POINT('',(98.597603624705,2.,87.5697802376368));
#9685=CARTESIAN_POINT('',(98.597603624705,0.,87.5697802376368));
#9686=CARTESIAN_POINT('',(98.597603624705,2.,87.5697802376368));
#9687=CARTESIAN_POINT('Origin',(98.597603624705,0.,87.5697802376368));
#9688=CARTESIAN_POINT('',(98.597603624705,1.5,86.2328089025237));
#9689=CARTESIAN_POINT('',(98.597603624705,1.5,68.3598901188184));
#9690=CARTESIAN_POINT('',(98.597603624705,2.,86.2328089025237));
#9691=CARTESIAN_POINT('',(98.597603624705,0.,86.2328089025237));
#9692=CARTESIAN_POINT('',(98.597603624705,2.,86.2328089025237));
#9693=CARTESIAN_POINT('Origin',(88.597603624705,0.,77.6243508603789));
#9694=CARTESIAN_POINT('',(88.597603624705,1.5,77.6243508603789));
#9695=CARTESIAN_POINT('',(88.597603624705,1.5,63.3871754301895));
#9696=CARTESIAN_POINT('',(88.597603624705,2.,77.6243508603789));
#9697=CARTESIAN_POINT('',(88.597603624705,2.,78.9613217857101));
#9698=CARTESIAN_POINT('',(88.597603624705,0.,77.6243508603789));
#9699=CARTESIAN_POINT('Origin',(98.597603624705,0.,79.7116632011153));
#9700=CARTESIAN_POINT('',(98.597603624705,1.5,79.7116632011153));
#9701=CARTESIAN_POINT('',(73.0474046463222,1.5,74.3785386375304));
#9702=CARTESIAN_POINT('',(98.597603624705,2.,79.7116632011153));
#9703=CARTESIAN_POINT('',(88.597603624705,2.,77.6243508603789));
#9704=CARTESIAN_POINT('',(98.597603624705,0.,79.7116632011153));
#9705=CARTESIAN_POINT('Origin',(98.597603624705,0.,81.0486341264464));
#9706=CARTESIAN_POINT('',(98.597603624705,1.5,81.0486341264464));
#9707=CARTESIAN_POINT('',(98.597603624705,1.5,65.0993170632232));
#9708=CARTESIAN_POINT('',(98.597603624705,2.,81.0486341264464));
#9709=CARTESIAN_POINT('',(98.597603624705,2.,79.7116632011153));
#9710=CARTESIAN_POINT('',(98.597603624705,0.,81.0486341264464));
#9711=CARTESIAN_POINT('Origin',(93.8840969260966,0.,80.0663698461272));
#9712=CARTESIAN_POINT('',(93.8840969260966,1.5,80.0663698461272));
#9713=CARTESIAN_POINT('',(70.5586376221372,1.5,75.2054951383257));
#9714=CARTESIAN_POINT('',(93.8840969260966,2.,80.0663698461272));
#9715=CARTESIAN_POINT('',(98.597603624705,2.,81.0486341264464));
#9716=CARTESIAN_POINT('',(93.8840969260966,0.,80.0663698461272));
#9717=CARTESIAN_POINT('Origin',(93.8840969260966,0.,85.24372287061));
#9718=CARTESIAN_POINT('',(93.8840969260966,1.5,85.24372287061));
#9719=CARTESIAN_POINT('',(93.8840969260966,1.5,67.196861435305));
#9720=CARTESIAN_POINT('',(93.8840969260966,2.,85.24372287061));
#9721=CARTESIAN_POINT('',(93.8840969260966,2.,80.0663698461272));
#9722=CARTESIAN_POINT('',(93.8840969260966,0.,85.24372287061));
#9723=CARTESIAN_POINT('Origin',(98.597603624705,0.,86.2328089025237));
#9724=CARTESIAN_POINT('',(72.387186184477,1.5,80.7327938524948));
#9725=CARTESIAN_POINT('',(93.8840969260966,2.,85.24372287061));
#9726=CARTESIAN_POINT('Origin',(85.7940568383967,2.,54.6843772936978));
#9727=CARTESIAN_POINT('Ctrl Pts',(73.205381220225,0.,70.0800121572234));
#9728=CARTESIAN_POINT('Ctrl Pts',(73.205381220225,2.,70.0800121572234));
#9729=CARTESIAN_POINT('Ctrl Pts',(73.0930100531092,0.,70.3768527951225));
#9730=CARTESIAN_POINT('Ctrl Pts',(73.0930100531092,2.,70.3768527951225));
#9731=CARTESIAN_POINT('Ctrl Pts',(72.8601316596111,0.,70.9920263547929));
#9732=CARTESIAN_POINT('Ctrl Pts',(72.8601316596111,2.,70.9920263547929));
#9733=CARTESIAN_POINT('Ctrl Pts',(72.8336712216126,0.,71.6496644785996));
#9734=CARTESIAN_POINT('Ctrl Pts',(72.8336712216126,2.,71.6496644785996));
#9735=CARTESIAN_POINT('Ctrl Pts',(72.8199787792003,0.,71.9899714734771));
#9736=CARTESIAN_POINT('Ctrl Pts',(72.8199787792003,2.,71.9899714734771));
#9737=CARTESIAN_POINT('',(72.8199787792003,1.5,71.9899714734771));
#9738=CARTESIAN_POINT('',(73.205381220225,1.5,70.0800121572234));
#9739=CARTESIAN_POINT('Ctrl Pts',(72.8199787792003,1.5,71.9899714734771));
#9740=CARTESIAN_POINT('Ctrl Pts',(72.8336712216126,1.5,71.6496644785996));
#9741=CARTESIAN_POINT('Ctrl Pts',(72.847363664025,1.5,71.3093574837221));
#9742=CARTESIAN_POINT('Ctrl Pts',(72.9163293894565,1.5,70.9804213788726));
#9743=CARTESIAN_POINT('Ctrl Pts',(72.9806388859935,1.5,70.6736934330217));
#9744=CARTESIAN_POINT('Ctrl Pts',(73.0930100531092,1.5,70.3768527951225));
#9745=CARTESIAN_POINT('Ctrl Pts',(73.205381220225,1.5,70.0800121572234));
#9746=CARTESIAN_POINT('',(72.8199787792003,2.,71.9899714734771));
#9747=CARTESIAN_POINT('',(72.8199787792003,0.,71.9899714734771));
#9748=CARTESIAN_POINT('',(73.205381220225,2.,70.0800121572234));
#9749=CARTESIAN_POINT('Ctrl Pts',(73.205381220225,2.,70.0800121572234));
#9750=CARTESIAN_POINT('Ctrl Pts',(73.0930100531092,2.,70.3768527951225));
#9751=CARTESIAN_POINT('Ctrl Pts',(72.8601316596111,2.,70.9920263547929));
#9752=CARTESIAN_POINT('Ctrl Pts',(72.8336712216126,2.,71.6496644785996));
#9753=CARTESIAN_POINT('Ctrl Pts',(72.8199787792003,2.,71.9899714734771));
#9754=CARTESIAN_POINT('',(73.205381220225,0.,70.0800121572234));
#9755=CARTESIAN_POINT('Ctrl Pts',(72.8199787792003,0.,71.9899714734771));
#9756=CARTESIAN_POINT('Ctrl Pts',(72.8199787792003,2.,71.9899714734771));
#9757=CARTESIAN_POINT('Ctrl Pts',(72.847666825813,0.,72.4691595935621));
#9758=CARTESIAN_POINT('Ctrl Pts',(72.847666825813,2.,72.4691595935621));
#9759=CARTESIAN_POINT('Ctrl Pts',(72.9022580528003,0.,73.4139524061092));
#9760=CARTESIAN_POINT('Ctrl Pts',(72.9022580528003,2.,73.4139524061092));
#9761=CARTESIAN_POINT('Ctrl Pts',(73.3200760223872,0.,74.2626957808712));
#9762=CARTESIAN_POINT('Ctrl Pts',(73.3200760223872,2.,74.2626957808712));
#9763=CARTESIAN_POINT('Ctrl Pts',(73.52598149145,0.,74.6809662130096));
#9764=CARTESIAN_POINT('Ctrl Pts',(73.52598149145,2.,74.6809662130096));
#9765=CARTESIAN_POINT('',(73.52598149145,1.5,74.6809662130096));
#9766=CARTESIAN_POINT('Ctrl Pts',(73.52598149145,1.5,74.6809662130096));
#9767=CARTESIAN_POINT('Ctrl Pts',(73.3200760223872,1.5,74.2626957808712));
#9768=CARTESIAN_POINT('Ctrl Pts',(73.1141705533245,1.5,73.8444253487329));
#9769=CARTESIAN_POINT('Ctrl Pts',(72.9964794572627,1.5,73.402828052304));
#9770=CARTESIAN_POINT('Ctrl Pts',(72.8753548724258,1.5,72.9483477136471));
#9771=CARTESIAN_POINT('Ctrl Pts',(72.847666825813,1.5,72.4691595935621));
#9772=CARTESIAN_POINT('Ctrl Pts',(72.8199787792003,1.5,71.9899714734771));
#9773=CARTESIAN_POINT('',(73.52598149145,2.,74.6809662130096));
#9774=CARTESIAN_POINT('',(73.52598149145,0.,74.6809662130096));
#9775=CARTESIAN_POINT('Ctrl Pts',(72.8199787792003,2.,71.9899714734771));
#9776=CARTESIAN_POINT('Ctrl Pts',(72.847666825813,2.,72.4691595935621));
#9777=CARTESIAN_POINT('Ctrl Pts',(72.9022580528003,2.,73.4139524061092));
#9778=CARTESIAN_POINT('Ctrl Pts',(73.3200760223872,2.,74.2626957808712));
#9779=CARTESIAN_POINT('Ctrl Pts',(73.52598149145,2.,74.6809662130096));
#9780=CARTESIAN_POINT('Ctrl Pts',(73.52598149145,0.,74.6809662130096));
#9781=CARTESIAN_POINT('Ctrl Pts',(73.52598149145,2.,74.6809662130096));
#9782=CARTESIAN_POINT('Ctrl Pts',(73.8041672742332,0.,75.0728497357076));
#9783=CARTESIAN_POINT('Ctrl Pts',(73.8041672742332,2.,75.0728497357076));
#9784=CARTESIAN_POINT('Ctrl Pts',(74.3881823745234,0.,75.8955585474983));
#9785=CARTESIAN_POINT('Ctrl Pts',(74.3881823745234,2.,75.8955585474983));
#9786=CARTESIAN_POINT('Ctrl Pts',(75.2549130988723,0.,76.4146126771168));
#9787=CARTESIAN_POINT('Ctrl Pts',(75.2549130988723,2.,76.4146126771168));
#9788=CARTESIAN_POINT('Ctrl Pts',(75.7087912019526,0.,76.6864240911223));
#9789=CARTESIAN_POINT('Ctrl Pts',(75.7087912019526,2.,76.6864240911223));
#9790=CARTESIAN_POINT('',(75.7087912019526,1.5,76.6864240911223));
#9791=CARTESIAN_POINT('Ctrl Pts',(75.7087912019526,1.5,76.6864240911223));
#9792=CARTESIAN_POINT('Ctrl Pts',(75.2549130988723,1.5,76.4146126771168));
#9793=CARTESIAN_POINT('Ctrl Pts',(74.8010349957919,1.5,76.1428012631113));
#9794=CARTESIAN_POINT('Ctrl Pts',(74.4246851261889,1.5,75.7877195623138));
#9795=CARTESIAN_POINT('Ctrl Pts',(74.0823530570163,1.5,75.4647332584057));
#9796=CARTESIAN_POINT('Ctrl Pts',(73.8041672742332,1.5,75.0728497357076));
#9797=CARTESIAN_POINT('Ctrl Pts',(73.52598149145,1.5,74.6809662130096));
#9798=CARTESIAN_POINT('',(75.7087912019526,2.,76.6864240911223));
#9799=CARTESIAN_POINT('',(75.7087912019526,0.,76.6864240911223));
#9800=CARTESIAN_POINT('Ctrl Pts',(73.52598149145,2.,74.6809662130096));
#9801=CARTESIAN_POINT('Ctrl Pts',(73.8041672742332,2.,75.0728497357076));
#9802=CARTESIAN_POINT('Ctrl Pts',(74.3881823745234,2.,75.8955585474983));
#9803=CARTESIAN_POINT('Ctrl Pts',(75.2549130988723,2.,76.4146126771168));
#9804=CARTESIAN_POINT('Ctrl Pts',(75.7087912019526,2.,76.6864240911223));
#9805=CARTESIAN_POINT('Ctrl Pts',(75.7087912019526,0.,76.6864240911223));
#9806=CARTESIAN_POINT('Ctrl Pts',(75.7087912019526,2.,76.6864240911223));
#9807=CARTESIAN_POINT('Ctrl Pts',(76.2199565250466,0.,76.9181824431211));
#9808=CARTESIAN_POINT('Ctrl Pts',(76.2199565250466,2.,76.9181824431211));
#9809=CARTESIAN_POINT('Ctrl Pts',(77.2616928890481,0.,77.390497547512));
#9810=CARTESIAN_POINT('Ctrl Pts',(77.2616928890481,2.,77.390497547512));
#9811=CARTESIAN_POINT('Ctrl Pts',(78.4044138920216,0.,77.4505284375678));
#9812=CARTESIAN_POINT('Ctrl Pts',(78.4044138920216,2.,77.4505284375678));
#9813=CARTESIAN_POINT('Ctrl Pts',(78.9864178355967,0.,77.4811030175902));
#9814=CARTESIAN_POINT('Ctrl Pts',(78.9864178355967,2.,77.4811030175902));
#9815=CARTESIAN_POINT('',(78.9864178355967,1.5,77.4811030175902));
#9816=CARTESIAN_POINT('Ctrl Pts',(78.9864178355967,1.5,77.4811030175902));
#9817=CARTESIAN_POINT('Ctrl Pts',(78.4044138920216,1.5,77.4505284375678));
#9818=CARTESIAN_POINT('Ctrl Pts',(77.8224099484464,1.5,77.4199538575453));
#9819=CARTESIAN_POINT('Ctrl Pts',(77.2666015085017,1.5,77.2824323919036));
#9820=CARTESIAN_POINT('Ctrl Pts',(76.7311218481405,1.5,77.1499407951198));
#9821=CARTESIAN_POINT('Ctrl Pts',(76.2199565250466,1.5,76.9181824431211));
#9822=CARTESIAN_POINT('Ctrl Pts',(75.7087912019526,1.5,76.6864240911223));
#9823=CARTESIAN_POINT('',(78.9864178355967,2.,77.4811030175902));
#9824=CARTESIAN_POINT('',(78.9864178355967,0.,77.4811030175902));
#9825=CARTESIAN_POINT('Ctrl Pts',(75.7087912019526,2.,76.6864240911223));
#9826=CARTESIAN_POINT('Ctrl Pts',(76.2199565250466,2.,76.9181824431211));
#9827=CARTESIAN_POINT('Ctrl Pts',(77.2616928890481,2.,77.390497547512));
#9828=CARTESIAN_POINT('Ctrl Pts',(78.4044138920216,2.,77.4505284375678));
#9829=CARTESIAN_POINT('Ctrl Pts',(78.9864178355967,2.,77.4811030175902));
#9830=CARTESIAN_POINT('Ctrl Pts',(78.9864178355967,0.,77.4811030175902));
#9831=CARTESIAN_POINT('Ctrl Pts',(78.9864178355967,2.,77.4811030175902));
#9832=CARTESIAN_POINT('Ctrl Pts',(79.5308988184661,0.,77.4520577195038));
#9833=CARTESIAN_POINT('Ctrl Pts',(79.5308988184661,2.,77.4520577195038));
#9834=CARTESIAN_POINT('Ctrl Pts',(80.5646670155272,0.,77.3969114308718));
#9835=CARTESIAN_POINT('Ctrl Pts',(80.5646670155272,2.,77.3969114308718));
#9836=CARTESIAN_POINT('Ctrl Pts',(81.4333722859918,0.,76.8382769122204));
#9837=CARTESIAN_POINT('Ctrl Pts',(81.4333722859918,2.,76.8382769122204));
#9838=CARTESIAN_POINT('Ctrl Pts',(81.8445344623362,0.,76.573872640393));
#9839=CARTESIAN_POINT('Ctrl Pts',(81.8445344623362,2.,76.573872640393));
#9840=CARTESIAN_POINT('',(81.8445344623362,1.5,76.573872640393));
#9841=CARTESIAN_POINT('Ctrl Pts',(81.8445344623362,1.5,76.573872640393));
#9842=CARTESIAN_POINT('Ctrl Pts',(81.4333722859918,1.5,76.8382769122204));
#9843=CARTESIAN_POINT('Ctrl Pts',(81.0222101096473,1.5,77.1026811840478));
#9844=CARTESIAN_POINT('Ctrl Pts',(80.574070995692,1.5,77.2542954232909));
#9845=CARTESIAN_POINT('Ctrl Pts',(80.0753798013355,1.5,77.4230124214173));
#9846=CARTESIAN_POINT('Ctrl Pts',(79.5308988184661,1.5,77.4520577195038));
#9847=CARTESIAN_POINT('Ctrl Pts',(78.9864178355967,1.5,77.4811030175902));
#9848=CARTESIAN_POINT('',(81.8445344623362,2.,76.573872640393));
#9849=CARTESIAN_POINT('',(81.8445344623362,0.,76.573872640393));
#9850=CARTESIAN_POINT('Ctrl Pts',(78.9864178355967,2.,77.4811030175902));
#9851=CARTESIAN_POINT('Ctrl Pts',(79.5308988184661,2.,77.4520577195038));
#9852=CARTESIAN_POINT('Ctrl Pts',(80.5646670155272,2.,77.3969114308718));
#9853=CARTESIAN_POINT('Ctrl Pts',(81.4333722859918,2.,76.8382769122204));
#9854=CARTESIAN_POINT('Ctrl Pts',(81.8445344623362,2.,76.573872640393));
#9855=CARTESIAN_POINT('Ctrl Pts',(81.8445344623362,0.,76.573872640393));
#9856=CARTESIAN_POINT('Ctrl Pts',(81.8445344623362,2.,76.573872640393));
#9857=CARTESIAN_POINT('Ctrl Pts',(82.2279892792208,0.,76.1455330929897));
#9858=CARTESIAN_POINT('Ctrl Pts',(82.2279892792208,2.,76.1455330929897));
#9859=CARTESIAN_POINT('Ctrl Pts',(83.0541515274062,0.,75.2226656575394));
#9860=CARTESIAN_POINT('Ctrl Pts',(83.0541515274062,2.,75.2226656575394));
#9861=CARTESIAN_POINT('Ctrl Pts',(83.1237483518545,0.,73.979475541399));
#9862=CARTESIAN_POINT('Ctrl Pts',(83.1237483518545,2.,73.979475541399));
#9863=CARTESIAN_POINT('Ctrl Pts',(83.1610425170695,0.,73.3132994916656));
#9864=CARTESIAN_POINT('Ctrl Pts',(83.1610425170695,2.,73.3132994916656));
#9865=CARTESIAN_POINT('',(83.1610425170695,1.5,73.3132994916656));
#9866=CARTESIAN_POINT('Ctrl Pts',(83.1610425170695,1.5,73.3132994916656));
#9867=CARTESIAN_POINT('Ctrl Pts',(83.1237483518545,1.5,73.979475541399));
#9868=CARTESIAN_POINT('Ctrl Pts',(83.0864541866395,1.5,74.6456515911323));
#9869=CARTESIAN_POINT('Ctrl Pts',(82.831915205363,1.5,75.2198482301452));
#9870=CARTESIAN_POINT('Ctrl Pts',(82.6114440961055,1.5,75.7171935455864));
#9871=CARTESIAN_POINT('Ctrl Pts',(82.2279892792208,1.5,76.1455330929897));
#9872=CARTESIAN_POINT('Ctrl Pts',(81.8445344623362,1.5,76.573872640393));
#9873=CARTESIAN_POINT('',(83.1610425170695,2.,73.3132994916656));
#9874=CARTESIAN_POINT('',(83.1610425170695,0.,73.3132994916656));
#9875=CARTESIAN_POINT('Ctrl Pts',(81.8445344623362,2.,76.573872640393));
#9876=CARTESIAN_POINT('Ctrl Pts',(82.2279892792208,2.,76.1455330929897));
#9877=CARTESIAN_POINT('Ctrl Pts',(83.0541515274062,2.,75.2226656575394));
#9878=CARTESIAN_POINT('Ctrl Pts',(83.1237483518545,2.,73.979475541399));
#9879=CARTESIAN_POINT('Ctrl Pts',(83.1610425170695,2.,73.3132994916656));
#9880=CARTESIAN_POINT('Ctrl Pts',(83.1610425170695,0.,73.3132994916656));
#9881=CARTESIAN_POINT('Ctrl Pts',(83.1610425170695,2.,73.3132994916656));
#9882=CARTESIAN_POINT('Ctrl Pts',(83.1463417844398,0.,72.9674323206206));
#9883=CARTESIAN_POINT('Ctrl Pts',(83.1463417844398,2.,72.9674323206206));
#9884=CARTESIAN_POINT('Ctrl Pts',(83.1163412260157,0.,72.2616029899817));
#9885=CARTESIAN_POINT('Ctrl Pts',(83.1163412260157,2.,72.2616029899817));
#9886=CARTESIAN_POINT('Ctrl Pts',(82.9291074509466,0.,71.5802754988445));
#9887=CARTESIAN_POINT('Ctrl Pts',(82.9291074509466,2.,71.5802754988445));
#9888=CARTESIAN_POINT('Ctrl Pts',(82.8336210902964,0.,71.2328089025237));
#9889=CARTESIAN_POINT('Ctrl Pts',(82.8336210902964,2.,71.2328089025237));
#9890=CARTESIAN_POINT('',(82.8336210902964,1.5,71.2328089025237));
#9891=CARTESIAN_POINT('Ctrl Pts',(82.8336210902964,1.5,71.2328089025237));
#9892=CARTESIAN_POINT('Ctrl Pts',(82.9291074509466,1.5,71.5802754988445));
#9893=CARTESIAN_POINT('Ctrl Pts',(83.0245938115967,1.5,71.9277420951654));
#9894=CARTESIAN_POINT('Ctrl Pts',(83.0791862663066,1.5,72.2815812375762));
#9895=CARTESIAN_POINT('Ctrl Pts',(83.1316410518101,1.5,72.6215651495758));
#9896=CARTESIAN_POINT('Ctrl Pts',(83.1463417844398,1.5,72.9674323206206));
#9897=CARTESIAN_POINT('Ctrl Pts',(83.1610425170695,1.5,73.3132994916656));
#9898=CARTESIAN_POINT('',(82.8336210902964,2.,71.2328089025237));
#9899=CARTESIAN_POINT('',(82.8336210902964,0.,71.2328089025237));
#9900=CARTESIAN_POINT('Ctrl Pts',(83.1610425170695,2.,73.3132994916656));
#9901=CARTESIAN_POINT('Ctrl Pts',(83.1463417844398,2.,72.9674323206206));
#9902=CARTESIAN_POINT('Ctrl Pts',(83.1163412260157,2.,72.2616029899817));
#9903=CARTESIAN_POINT('Ctrl Pts',(82.9291074509466,2.,71.5802754988445));
#9904=CARTESIAN_POINT('Ctrl Pts',(82.8336210902964,2.,71.2328089025237));
#9905=CARTESIAN_POINT('Ctrl Pts',(82.8336210902964,0.,71.2328089025237));
#9906=CARTESIAN_POINT('Ctrl Pts',(82.8336210902964,2.,71.2328089025237));
#9907=CARTESIAN_POINT('Ctrl Pts',(82.7194672116131,0.,70.8947770014233));
#9908=CARTESIAN_POINT('Ctrl Pts',(82.7194672116131,2.,70.8947770014233));
#9909=CARTESIAN_POINT('Ctrl Pts',(82.4982709343479,0.,70.2397716789348));
#9910=CARTESIAN_POINT('Ctrl Pts',(82.4982709343479,2.,70.2397716789348));
#9911=CARTESIAN_POINT('Ctrl Pts',(82.1542577013995,0.,69.6402551957651));
#9912=CARTESIAN_POINT('Ctrl Pts',(82.1542577013995,2.,69.6402551957651));
#9913=CARTESIAN_POINT('Ctrl Pts',(81.987781113032,0.,69.3501342084624));
#9914=CARTESIAN_POINT('Ctrl Pts',(81.987781113032,2.,69.3501342084624));
#9915=CARTESIAN_POINT('',(81.987781113032,1.5,69.3501342084624));
#9916=CARTESIAN_POINT('Ctrl Pts',(81.987781113032,1.5,69.3501342084624));
#9917=CARTESIAN_POINT('Ctrl Pts',(82.1542577013995,1.5,69.6402551957651));
#9918=CARTESIAN_POINT('Ctrl Pts',(82.320734289767,1.5,69.9303761830678));
#9919=CARTESIAN_POINT('Ctrl Pts',(82.4584491905009,1.5,70.2334917333343));
#9920=CARTESIAN_POINT('Ctrl Pts',(82.6053133329298,1.5,70.556745100323));
#9921=CARTESIAN_POINT('Ctrl Pts',(82.7194672116131,1.5,70.8947770014233));
#9922=CARTESIAN_POINT('Ctrl Pts',(82.8336210902964,1.5,71.2328089025237));
#9923=CARTESIAN_POINT('',(81.987781113032,2.,69.3501342084624));
#9924=CARTESIAN_POINT('',(81.987781113032,0.,69.3501342084624));
#9925=CARTESIAN_POINT('Ctrl Pts',(82.8336210902964,2.,71.2328089025237));
#9926=CARTESIAN_POINT('Ctrl Pts',(82.7194672116131,2.,70.8947770014233));
#9927=CARTESIAN_POINT('Ctrl Pts',(82.4982709343479,2.,70.2397716789348));
#9928=CARTESIAN_POINT('Ctrl Pts',(82.1542577013995,2.,69.6402551957651));
#9929=CARTESIAN_POINT('Ctrl Pts',(81.987781113032,2.,69.3501342084624));
#9930=CARTESIAN_POINT('Origin',(81.987781113032,0.,69.3501342084624));
#9931=CARTESIAN_POINT('',(77.9154761489665,1.5,68.4974742677428));
#9932=CARTESIAN_POINT('',(65.4300295125641,1.5,65.8832692210205));
#9933=CARTESIAN_POINT('',(77.9154761489665,2.,68.4974742677428));
#9934=CARTESIAN_POINT('',(77.9154761489665,0.,68.4974742677428));
#9935=CARTESIAN_POINT('',(77.9154761489665,2.,68.4974742677428));
#9936=CARTESIAN_POINT('Origin',(77.9154761489665,0.,68.4974742677428));
#9937=CARTESIAN_POINT('',(77.9154761489665,1.5,72.8767371919372));
#9938=CARTESIAN_POINT('',(77.9154761489665,1.5,58.8237371338714));
#9939=CARTESIAN_POINT('',(77.9154761489665,2.,72.8767371919372));
#9940=CARTESIAN_POINT('',(77.9154761489665,0.,72.8767371919372));
#9941=CARTESIAN_POINT('',(77.9154761489665,2.,72.8767371919372));
#9942=CARTESIAN_POINT('Origin',(77.9154761489665,0.,72.8767371919372));
#9943=CARTESIAN_POINT('',(79.0478094276225,1.5,73.1154824044921));
#9944=CARTESIAN_POINT('',(62.9468532759569,1.5,69.7206990211673));
#9945=CARTESIAN_POINT('',(79.0478094276225,2.,73.1154824044921));
#9946=CARTESIAN_POINT('',(79.0478094276225,0.,73.1154824044921));
#9947=CARTESIAN_POINT('',(79.0478094276225,2.,73.1154824044921));
#9948=CARTESIAN_POINT('Origin',(79.0478094276225,0.,73.1154824044921));
#9949=CARTESIAN_POINT('',(79.0478094276225,1.5,70.0731910016753));
#9950=CARTESIAN_POINT('',(79.0478094276225,1.5,61.132741202246));
#9951=CARTESIAN_POINT('',(79.0478094276225,2.,70.0731910016753));
#9952=CARTESIAN_POINT('',(79.0478094276225,0.,70.0731910016753));
#9953=CARTESIAN_POINT('',(79.0478094276225,2.,70.0731910016753));
#9954=CARTESIAN_POINT('Ctrl Pts',(74.2353947814738,0.,68.7839687612273));
#9955=CARTESIAN_POINT('Ctrl Pts',(74.2353947814738,2.,68.7839687612273));
#9956=CARTESIAN_POINT('Ctrl Pts',(74.0287753201603,0.,68.9562653402564));
#9957=CARTESIAN_POINT('Ctrl Pts',(74.0287753201603,2.,68.9562653402564));
#9958=CARTESIAN_POINT('Ctrl Pts',(73.5965043665954,0.,69.3167289966778));
#9959=CARTESIAN_POINT('Ctrl Pts',(73.5965043665954,2.,69.3167289966778));
#9960=CARTESIAN_POINT('Ctrl Pts',(73.3395270032026,0.,69.8182244871375));
#9961=CARTESIAN_POINT('Ctrl Pts',(73.3395270032026,2.,69.8182244871375));
#9962=CARTESIAN_POINT('Ctrl Pts',(73.205381220225,0.,70.0800121572234));
#9963=CARTESIAN_POINT('Ctrl Pts',(73.205381220225,2.,70.0800121572234));
#9964=CARTESIAN_POINT('',(74.2353947814738,1.5,68.7839687612273));
#9965=CARTESIAN_POINT('Ctrl Pts',(73.205381220225,1.5,70.0800121572234));
#9966=CARTESIAN_POINT('Ctrl Pts',(73.3395270032026,1.5,69.8182244871375));
#9967=CARTESIAN_POINT('Ctrl Pts',(73.4736727861802,1.5,69.5564368170515));
#9968=CARTESIAN_POINT('Ctrl Pts',(73.6555858310496,1.5,69.3330801274993));
#9969=CARTESIAN_POINT('Ctrl Pts',(73.8221558588469,1.5,69.1285619192855));
#9970=CARTESIAN_POINT('Ctrl Pts',(74.0287753201603,1.5,68.9562653402564));
#9971=CARTESIAN_POINT('Ctrl Pts',(74.2353947814738,1.5,68.7839687612273));
#9972=CARTESIAN_POINT('',(74.2353947814738,2.,68.7839687612273));
#9973=CARTESIAN_POINT('Ctrl Pts',(74.2353947814738,2.,68.7839687612273));
#9974=CARTESIAN_POINT('Ctrl Pts',(74.0287753201603,2.,68.9562653402564));
#9975=CARTESIAN_POINT('Ctrl Pts',(73.5965043665954,2.,69.3167289966778));
#9976=CARTESIAN_POINT('Ctrl Pts',(73.3395270032026,2.,69.8182244871375));
#9977=CARTESIAN_POINT('Ctrl Pts',(73.205381220225,2.,70.0800121572234));
#9978=CARTESIAN_POINT('',(74.2353947814738,0.,68.7839687612273));
#9979=CARTESIAN_POINT('Ctrl Pts',(75.9168406184947,0.,68.1359446790435));
#9980=CARTESIAN_POINT('Ctrl Pts',(75.9168406184947,2.,68.1359446790435));
#9981=CARTESIAN_POINT('Ctrl Pts',(75.5972149108051,0.,68.2059363101353));
#9982=CARTESIAN_POINT('Ctrl Pts',(75.5972149108051,2.,68.2059363101353));
#9983=CARTESIAN_POINT('Ctrl Pts',(75.0028591674905,0.,68.336088318946));
#9984=CARTESIAN_POINT('Ctrl Pts',(75.0028591674905,2.,68.336088318946));
#9985=CARTESIAN_POINT('Ctrl Pts',(74.4780008892029,0.,68.6423875584906));
#9986=CARTESIAN_POINT('Ctrl Pts',(74.4780008892029,2.,68.6423875584906));
#9987=CARTESIAN_POINT('Ctrl Pts',(74.2353947814738,0.,68.7839687612273));
#9988=CARTESIAN_POINT('Ctrl Pts',(74.2353947814738,2.,68.7839687612273));
#9989=CARTESIAN_POINT('',(75.9168406184947,1.5,68.1359446790435));
#9990=CARTESIAN_POINT('Ctrl Pts',(74.2353947814738,1.5,68.7839687612273));
#9991=CARTESIAN_POINT('Ctrl Pts',(74.4780008892029,1.5,68.6423875584906));
#9992=CARTESIAN_POINT('Ctrl Pts',(74.7206069969321,1.5,68.5008063557538));
#9993=CARTESIAN_POINT('Ctrl Pts',(74.978061800841,1.5,68.3968604352691));
#9994=CARTESIAN_POINT('Ctrl Pts',(75.2775892031155,1.5,68.275927941227));
#9995=CARTESIAN_POINT('Ctrl Pts',(75.5972149108051,1.5,68.2059363101353));
#9996=CARTESIAN_POINT('Ctrl Pts',(75.9168406184947,1.5,68.1359446790435));
#9997=CARTESIAN_POINT('',(75.9168406184947,2.,68.1359446790435));
#9998=CARTESIAN_POINT('Ctrl Pts',(75.9168406184947,2.,68.1359446790435));
#9999=CARTESIAN_POINT('Ctrl Pts',(75.5972149108051,2.,68.2059363101353));
#10000=CARTESIAN_POINT('Ctrl Pts',(75.0028591674905,2.,68.336088318946));
#10001=CARTESIAN_POINT('Ctrl Pts',(74.4780008892029,2.,68.6423875584906));
#10002=CARTESIAN_POINT('Ctrl Pts',(74.2353947814738,2.,68.7839687612273));
#10003=CARTESIAN_POINT('',(75.9168406184947,0.,68.1359446790435));
#10004=CARTESIAN_POINT('Origin',(76.0600872691905,0.,69.4456327703216));
#10005=CARTESIAN_POINT('',(76.0600872691905,1.5,69.4456327703216));
#10006=CARTESIAN_POINT('',(74.8190137164023,1.5,58.098636211647));
#10007=CARTESIAN_POINT('',(76.0600872691905,2.,69.4456327703216));
#10008=CARTESIAN_POINT('',(75.9168406184947,2.,68.1359446790435));
#10009=CARTESIAN_POINT('',(76.0600872691905,0.,69.4456327703216));
#10010=CARTESIAN_POINT('Ctrl Pts',(74.4809605535304,0.,70.3221667554595));
#10011=CARTESIAN_POINT('Ctrl Pts',(74.4809605535304,2.,70.3221667554595));
#10012=CARTESIAN_POINT('Ctrl Pts',(74.6924406395873,0.,70.1177768413228));
#10013=CARTESIAN_POINT('Ctrl Pts',(74.6924406395873,2.,70.1177768413228));
#10014=CARTESIAN_POINT('Ctrl Pts',(75.1394569133717,0.,69.6857474265443));
#10015=CARTESIAN_POINT('Ctrl Pts',(75.1394569133717,2.,69.6857474265443));
#10016=CARTESIAN_POINT('Ctrl Pts',(75.7423948183635,0.,69.5284918821602));
#10017=CARTESIAN_POINT('Ctrl Pts',(75.7423948183635,2.,69.5284918821602));
#10018=CARTESIAN_POINT('Ctrl Pts',(76.0600872691905,0.,69.4456327703216));
#10019=CARTESIAN_POINT('Ctrl Pts',(76.0600872691905,2.,69.4456327703216));
#10020=CARTESIAN_POINT('',(74.4809605535304,1.5,70.3221667554595));
#10021=CARTESIAN_POINT('Ctrl Pts',(76.0600872691905,1.5,69.4456327703216));
#10022=CARTESIAN_POINT('Ctrl Pts',(75.7423948183635,1.5,69.5284918821602));
#10023=CARTESIAN_POINT('Ctrl Pts',(75.4247023675365,1.5,69.6113509939989));
#10024=CARTESIAN_POINT('Ctrl Pts',(75.1502986606395,1.5,69.7704959657409));
#10025=CARTESIAN_POINT('Ctrl Pts',(74.9039207256443,1.5,69.9133869271861));
#10026=CARTESIAN_POINT('Ctrl Pts',(74.6924406395873,1.5,70.1177768413228));
#10027=CARTESIAN_POINT('Ctrl Pts',(74.4809605535304,1.5,70.3221667554595));
#10028=CARTESIAN_POINT('',(74.4809605535304,2.,70.3221667554595));
#10029=CARTESIAN_POINT('Ctrl Pts',(74.4809605535304,2.,70.3221667554595));
#10030=CARTESIAN_POINT('Ctrl Pts',(74.6924406395873,2.,70.1177768413228));
#10031=CARTESIAN_POINT('Ctrl Pts',(75.1394569133717,2.,69.6857474265443));
#10032=CARTESIAN_POINT('Ctrl Pts',(75.7423948183635,2.,69.5284918821602));
#10033=CARTESIAN_POINT('Ctrl Pts',(76.0600872691905,2.,69.4456327703216));
#10034=CARTESIAN_POINT('',(74.4809605535304,0.,70.3221667554595));
#10035=CARTESIAN_POINT('Ctrl Pts',(73.9318473991191,0.,72.0308984067657));
#10036=CARTESIAN_POINT('Ctrl Pts',(73.9318473991191,2.,72.0308984067657));
#10037=CARTESIAN_POINT('Ctrl Pts',(73.9495811574384,0.,71.7052677252845));
#10038=CARTESIAN_POINT('Ctrl Pts',(73.9495811574384,2.,71.7052677252845));
#10039=CARTESIAN_POINT('Ctrl Pts',(73.9832968775209,0.,71.0861731876595));
#10040=CARTESIAN_POINT('Ctrl Pts',(73.9832968775209,2.,71.0861731876595));
#10041=CARTESIAN_POINT('Ctrl Pts',(74.3209200537424,0.,70.5678587300696));
#10042=CARTESIAN_POINT('Ctrl Pts',(74.3209200537424,2.,70.5678587300696));
#10043=CARTESIAN_POINT('Ctrl Pts',(74.4809605535304,0.,70.3221667554595));
#10044=CARTESIAN_POINT('Ctrl Pts',(74.4809605535304,2.,70.3221667554595));
#10045=CARTESIAN_POINT('',(73.9318473991191,1.5,72.0308984067657));
#10046=CARTESIAN_POINT('Ctrl Pts',(74.4809605535304,1.5,70.3221667554595));
#10047=CARTESIAN_POINT('Ctrl Pts',(74.3209200537424,1.5,70.5678587300696));
#10048=CARTESIAN_POINT('Ctrl Pts',(74.1608795539545,1.5,70.8135507046798));
#10049=CARTESIAN_POINT('Ctrl Pts',(74.0691258367335,1.5,71.0818875577666));
#10050=CARTESIAN_POINT('Ctrl Pts',(73.9673149157578,1.5,71.3796370438034));
#10051=CARTESIAN_POINT('Ctrl Pts',(73.9495811574384,1.5,71.7052677252845));
#10052=CARTESIAN_POINT('Ctrl Pts',(73.9318473991191,1.5,72.0308984067657));
#10053=CARTESIAN_POINT('',(73.9318473991191,2.,72.0308984067657));
#10054=CARTESIAN_POINT('Ctrl Pts',(73.9318473991191,2.,72.0308984067657));
#10055=CARTESIAN_POINT('Ctrl Pts',(73.9495811574384,2.,71.7052677252845));
#10056=CARTESIAN_POINT('Ctrl Pts',(73.9832968775209,2.,71.0861731876595));
#10057=CARTESIAN_POINT('Ctrl Pts',(74.3209200537424,2.,70.5678587300696));
#10058=CARTESIAN_POINT('Ctrl Pts',(74.4809605535304,2.,70.3221667554595));
#10059=CARTESIAN_POINT('',(73.9318473991191,0.,72.0308984067657));
#10060=CARTESIAN_POINT('Ctrl Pts',(74.5218886789119,0.,74.0568197515227));
#10061=CARTESIAN_POINT('Ctrl Pts',(74.5218886789119,2.,74.0568197515227));
#10062=CARTESIAN_POINT('Ctrl Pts',(74.3497952419662,0.,73.7382387025303));
#10063=CARTESIAN_POINT('Ctrl Pts',(74.3497952419662,2.,73.7382387025303));
#10064=CARTESIAN_POINT('Ctrl Pts',(74.0077886745084,0.,73.105112809081));
#10065=CARTESIAN_POINT('Ctrl Pts',(74.0077886745084,2.,73.105112809081));
#10066=CARTESIAN_POINT('Ctrl Pts',(73.9570533442852,0.,72.3874448195379));
#10067=CARTESIAN_POINT('Ctrl Pts',(73.9570533442852,2.,72.3874448195379));
#10068=CARTESIAN_POINT('Ctrl Pts',(73.9318473991191,0.,72.0308984067657));
#10069=CARTESIAN_POINT('Ctrl Pts',(73.9318473991191,2.,72.0308984067657));
#10070=CARTESIAN_POINT('',(74.5218886789119,1.5,74.0568197515227));
#10071=CARTESIAN_POINT('Ctrl Pts',(73.9318473991191,1.5,72.0308984067657));
#10072=CARTESIAN_POINT('Ctrl Pts',(73.9570533442852,1.5,72.3874448195379));
#10073=CARTESIAN_POINT('Ctrl Pts',(73.9822592894513,1.5,72.7439912323101));
#10074=CARTESIAN_POINT('Ctrl Pts',(74.0793575700557,1.5,73.0796707418181));
#10075=CARTESIAN_POINT('Ctrl Pts',(74.1777018050206,1.5,73.4196576535379));
#10076=CARTESIAN_POINT('Ctrl Pts',(74.3497952419662,1.5,73.7382387025303));
#10077=CARTESIAN_POINT('Ctrl Pts',(74.5218886789119,1.5,74.0568197515227));
#10078=CARTESIAN_POINT('',(74.5218886789119,2.,74.0568197515227));
#10079=CARTESIAN_POINT('Ctrl Pts',(74.5218886789119,2.,74.0568197515227));
#10080=CARTESIAN_POINT('Ctrl Pts',(74.3497952419662,2.,73.7382387025303));
#10081=CARTESIAN_POINT('Ctrl Pts',(74.0077886745084,2.,73.105112809081));
#10082=CARTESIAN_POINT('Ctrl Pts',(73.9570533442852,2.,72.3874448195379));
#10083=CARTESIAN_POINT('Ctrl Pts',(73.9318473991191,2.,72.0308984067657));
#10084=CARTESIAN_POINT('',(74.5218886789119,0.,74.0568197515227));
#10085=CARTESIAN_POINT('Ctrl Pts',(76.3022430595195,0.,75.5609119680144));
#10086=CARTESIAN_POINT('Ctrl Pts',(76.3022430595195,2.,75.5609119680144));
#10087=CARTESIAN_POINT('Ctrl Pts',(75.9354325943739,0.,75.3652122619916));
#10088=CARTESIAN_POINT('Ctrl Pts',(75.9354325943739,2.,75.3652122619916));
#10089=CARTESIAN_POINT('Ctrl Pts',(75.2334079240627,0.,74.9906699992835));
#10090=CARTESIAN_POINT('Ctrl Pts',(75.2334079240627,2.,74.9906699992835));
#10091=CARTESIAN_POINT('Ctrl Pts',(74.7518370195134,0.,74.3586208852326));
#10092=CARTESIAN_POINT('Ctrl Pts',(74.7518370195134,2.,74.3586208852326));
#10093=CARTESIAN_POINT('Ctrl Pts',(74.5218886789119,0.,74.0568197515227));
#10094=CARTESIAN_POINT('Ctrl Pts',(74.5218886789119,2.,74.0568197515227));
#10095=CARTESIAN_POINT('',(76.3022430595195,1.5,75.5609119680144));
#10096=CARTESIAN_POINT('Ctrl Pts',(74.5218886789119,1.5,74.0568197515227));
#10097=CARTESIAN_POINT('Ctrl Pts',(74.7800184074655,1.5,74.3956082138265));
#10098=CARTESIAN_POINT('Ctrl Pts',(75.0025646422544,1.5,74.6876942788377));
#10099=CARTESIAN_POINT('Ctrl Pts',(75.6002183892082,1.5,75.1863697053062));
#10100=CARTESIAN_POINT('Ctrl Pts',(75.9512307243638,1.5,75.3736408366603));
#10101=CARTESIAN_POINT('Ctrl Pts',(76.3022430595195,1.5,75.5609119680144));
#10102=CARTESIAN_POINT('',(76.3022430595195,2.,75.5609119680144));
#10103=CARTESIAN_POINT('Ctrl Pts',(76.3022430595195,2.,75.5609119680144));
#10104=CARTESIAN_POINT('Ctrl Pts',(75.9354325943739,2.,75.3652122619916));
#10105=CARTESIAN_POINT('Ctrl Pts',(75.2334079240627,2.,74.9906699992835));
#10106=CARTESIAN_POINT('Ctrl Pts',(74.7518370195134,2.,74.3586208852326));
#10107=CARTESIAN_POINT('Ctrl Pts',(74.5218886789119,2.,74.0568197515227));
#10108=CARTESIAN_POINT('',(76.3022430595195,0.,75.5609119680144));
#10109=CARTESIAN_POINT('Ctrl Pts',(79.006881302241,0.,76.1236680295684));
#10110=CARTESIAN_POINT('Ctrl Pts',(79.006881302241,2.,76.1236680295684));
#10111=CARTESIAN_POINT('Ctrl Pts',(78.5233678179474,0.,76.1038080462042));
#10112=CARTESIAN_POINT('Ctrl Pts',(78.5233678179474,2.,76.1038080462042));
#10113=CARTESIAN_POINT('Ctrl Pts',(77.5901354314166,0.,76.065476168659));
#10114=CARTESIAN_POINT('Ctrl Pts',(77.5901354314166,2.,76.065476168659));
#10115=CARTESIAN_POINT('Ctrl Pts',(76.7210499606687,0.,75.7249900959029));
#10116=CARTESIAN_POINT('Ctrl Pts',(76.7210499606687,2.,75.7249900959029));
#10117=CARTESIAN_POINT('Ctrl Pts',(76.3022430595195,0.,75.5609119680144));
#10118=CARTESIAN_POINT('Ctrl Pts',(76.3022430595195,2.,75.5609119680144));
#10119=CARTESIAN_POINT('',(79.006881302241,1.5,76.1236680295684));
#10120=CARTESIAN_POINT('Ctrl Pts',(76.3022430595195,1.5,75.5609119680144));
#10121=CARTESIAN_POINT('Ctrl Pts',(76.7210499606687,1.5,75.7249900959029));
#10122=CARTESIAN_POINT('Ctrl Pts',(77.1398568618178,1.5,75.8890682237914));
#10123=CARTESIAN_POINT('Ctrl Pts',(77.5735600646769,1.5,75.9829796102264));
#10124=CARTESIAN_POINT('Ctrl Pts',(78.0398543336538,1.5,76.08394806284));
#10125=CARTESIAN_POINT('Ctrl Pts',(78.5233678179474,1.5,76.1038080462042));
#10126=CARTESIAN_POINT('Ctrl Pts',(79.006881302241,1.5,76.1236680295684));
#10127=CARTESIAN_POINT('',(79.006881302241,2.,76.1236680295684));
#10128=CARTESIAN_POINT('Ctrl Pts',(79.006881302241,2.,76.1236680295684));
#10129=CARTESIAN_POINT('Ctrl Pts',(78.5233678179474,2.,76.1038080462042));
#10130=CARTESIAN_POINT('Ctrl Pts',(77.5901354314166,2.,76.065476168659));
#10131=CARTESIAN_POINT('Ctrl Pts',(76.7210499606687,2.,75.7249900959029));
#10132=CARTESIAN_POINT('Ctrl Pts',(76.3022430595195,2.,75.5609119680144));
#10133=CARTESIAN_POINT('',(79.006881302241,0.,76.1236680295684));
#10134=CARTESIAN_POINT('Ctrl Pts',(81.2851889785563,0.,75.3801477697112));
#10135=CARTESIAN_POINT('Ctrl Pts',(81.2851889785563,2.,75.3801477697112));
#10136=CARTESIAN_POINT('Ctrl Pts',(80.9774389286916,0.,75.5965034297911));
#10137=CARTESIAN_POINT('Ctrl Pts',(80.9774389286916,2.,75.5965034297911));
#10138=CARTESIAN_POINT('Ctrl Pts',(80.2978072838707,0.,76.0743007630201));
#10139=CARTESIAN_POINT('Ctrl Pts',(80.2978072838707,2.,76.0743007630201));
#10140=CARTESIAN_POINT('Ctrl Pts',(79.4634343867467,0.,76.1062086413951));
#10141=CARTESIAN_POINT('Ctrl Pts',(79.4634343867467,2.,76.1062086413951));
#10142=CARTESIAN_POINT('Ctrl Pts',(79.006881302241,0.,76.1236680295684));
#10143=CARTESIAN_POINT('Ctrl Pts',(79.006881302241,2.,76.1236680295684));
#10144=CARTESIAN_POINT('',(81.2851889785563,1.5,75.3801477697112));
#10145=CARTESIAN_POINT('Ctrl Pts',(79.006881302241,1.5,76.1236680295684));
#10146=CARTESIAN_POINT('Ctrl Pts',(79.4634343867467,1.5,76.1062086413951));
#10147=CARTESIAN_POINT('Ctrl Pts',(79.9199874712525,1.5,76.0887492532219));
#10148=CARTESIAN_POINT('Ctrl Pts',(80.330209916476,1.5,75.9377873685576));
#10149=CARTESIAN_POINT('Ctrl Pts',(80.6696888788269,1.5,75.8128590898711));
#10150=CARTESIAN_POINT('Ctrl Pts',(80.9774389286916,1.5,75.5965034297911));
#10151=CARTESIAN_POINT('Ctrl Pts',(81.2851889785563,1.5,75.3801477697112));
#10152=CARTESIAN_POINT('',(81.2851889785563,2.,75.3801477697112));
#10153=CARTESIAN_POINT('Ctrl Pts',(81.2851889785563,2.,75.3801477697112));
#10154=CARTESIAN_POINT('Ctrl Pts',(80.9774389286916,2.,75.5965034297911));
#10155=CARTESIAN_POINT('Ctrl Pts',(80.2978072838707,2.,76.0743007630201));
#10156=CARTESIAN_POINT('Ctrl Pts',(79.4634343867467,2.,76.1062086413951));
#10157=CARTESIAN_POINT('Ctrl Pts',(79.006881302241,2.,76.1236680295684));
#10158=CARTESIAN_POINT('',(81.2851889785563,0.,75.3801477697112));
#10159=CARTESIAN_POINT('Ctrl Pts',(82.0559938606059,0.,73.3269418027618));
#10160=CARTESIAN_POINT('Ctrl Pts',(82.0559938606059,2.,73.3269418027618));
#10161=CARTESIAN_POINT('Ctrl Pts',(82.0317989234987,0.,73.731901038264));
#10162=CARTESIAN_POINT('Ctrl Pts',(82.0317989234987,2.,73.731901038264));
#10163=CARTESIAN_POINT('Ctrl Pts',(81.9860002372943,0.,74.4984498773962));
#10164=CARTESIAN_POINT('Ctrl Pts',(81.9860002372943,2.,74.4984498773962));
#10165=CARTESIAN_POINT('Ctrl Pts',(81.5098121769698,0.,75.097547000764));
#10166=CARTESIAN_POINT('Ctrl Pts',(81.5098121769698,2.,75.097547000764));
#10167=CARTESIAN_POINT('Ctrl Pts',(81.2851889785563,0.,75.3801477697112));
#10168=CARTESIAN_POINT('Ctrl Pts',(81.2851889785563,2.,75.3801477697112));
#10169=CARTESIAN_POINT('',(82.0559938606059,1.5,73.3269418027618));
#10170=CARTESIAN_POINT('Ctrl Pts',(81.2851889785563,1.5,75.3801477697112));
#10171=CARTESIAN_POINT('Ctrl Pts',(81.5098121769698,1.5,75.097547000764));
#10172=CARTESIAN_POINT('Ctrl Pts',(81.7344353753833,1.5,74.8149462318167));
#10173=CARTESIAN_POINT('Ctrl Pts',(81.8632920440471,1.5,74.4950855519988));
#10174=CARTESIAN_POINT('Ctrl Pts',(82.0076039863916,1.5,74.1368602737663));
#10175=CARTESIAN_POINT('Ctrl Pts',(82.0317989234987,1.5,73.731901038264));
#10176=CARTESIAN_POINT('Ctrl Pts',(82.0559938606059,1.5,73.3269418027618));
#10177=CARTESIAN_POINT('',(82.0559938606059,2.,73.3269418027618));
#10178=CARTESIAN_POINT('Ctrl Pts',(82.0559938606059,2.,73.3269418027618));
#10179=CARTESIAN_POINT('Ctrl Pts',(82.0317989234987,2.,73.731901038264));
#10180=CARTESIAN_POINT('Ctrl Pts',(81.9860002372943,2.,74.4984498773962));
#10181=CARTESIAN_POINT('Ctrl Pts',(81.5098121769698,2.,75.097547000764));
#10182=CARTESIAN_POINT('Ctrl Pts',(81.2851889785563,2.,75.3801477697112));
#10183=CARTESIAN_POINT('',(82.0559938606059,0.,73.3269418027618));
#10184=CARTESIAN_POINT('Ctrl Pts',(81.1965127643382,0.,70.523394420407));
#10185=CARTESIAN_POINT('Ctrl Pts',(81.1965127643382,2.,70.523394420407));
#10186=CARTESIAN_POINT('Ctrl Pts',(81.4467720346948,0.,70.9966616140503));
#10187=CARTESIAN_POINT('Ctrl Pts',(81.4467720346948,2.,70.9966616140503));
#10188=CARTESIAN_POINT('Ctrl Pts',(81.9128289851611,0.,71.8780254281095));
#10189=CARTESIAN_POINT('Ctrl Pts',(81.9128289851611,2.,71.8780254281095));
#10190=CARTESIAN_POINT('Ctrl Pts',(82.01068413239,0.,72.8683795545904));
#10191=CARTESIAN_POINT('Ctrl Pts',(82.01068413239,2.,72.8683795545904));
#10192=CARTESIAN_POINT('Ctrl Pts',(82.0559938606059,0.,73.3269418027618));
#10193=CARTESIAN_POINT('Ctrl Pts',(82.0559938606059,2.,73.3269418027618));
#10194=CARTESIAN_POINT('',(81.1965127643382,1.5,70.523394420407));
#10195=CARTESIAN_POINT('Ctrl Pts',(82.0559938606059,1.5,73.3269418027618));
#10196=CARTESIAN_POINT('Ctrl Pts',(82.01068413239,1.5,72.8683795545904));
#10197=CARTESIAN_POINT('Ctrl Pts',(81.965374404174,1.5,72.409817306419));
#10198=CARTESIAN_POINT('Ctrl Pts',(81.8411238845622,1.5,71.9746220853545));
#10199=CARTESIAN_POINT('Ctrl Pts',(81.6970313050513,1.5,71.4699288076935));
#10200=CARTESIAN_POINT('Ctrl Pts',(81.4467720346948,1.5,70.9966616140503));
#10201=CARTESIAN_POINT('Ctrl Pts',(81.1965127643382,1.5,70.523394420407));
#10202=CARTESIAN_POINT('',(81.1965127643382,2.,70.523394420407));
#10203=CARTESIAN_POINT('Ctrl Pts',(81.1965127643382,2.,70.523394420407));
#10204=CARTESIAN_POINT('Ctrl Pts',(81.4467720346948,2.,70.9966616140503));
#10205=CARTESIAN_POINT('Ctrl Pts',(81.9128289851611,2.,71.8780254281095));
#10206=CARTESIAN_POINT('Ctrl Pts',(82.01068413239,2.,72.8683795545904));
#10207=CARTESIAN_POINT('Ctrl Pts',(82.0559938606059,2.,73.3269418027618));
#10208=CARTESIAN_POINT('',(81.1965127643382,0.,70.523394420407));
#10209=CARTESIAN_POINT('Origin',(79.0478094276225,0.,70.0731910016753));
#10210=CARTESIAN_POINT('',(63.8252282089857,1.5,66.8837055155001));
#10211=CARTESIAN_POINT('',(81.1965127643382,2.,70.523394420407));
#10212=CARTESIAN_POINT('Origin',(85.7940568383967,2.,54.6843772936978));
#10213=CARTESIAN_POINT('Origin',(91.901,1.5,34.));
#10214=CARTESIAN_POINT('',(91.901,0.,33.));
#10215=CARTESIAN_POINT('',(91.901,0.,34.));
#10216=CARTESIAN_POINT('',(91.901,1.5,33.));
#10217=CARTESIAN_POINT('',(91.901,1.5,33.));
#10218=CARTESIAN_POINT('',(91.901,1.5,34.));
#10219=CARTESIAN_POINT('Origin',(72.901,1.5,13.));
#10220=CARTESIAN_POINT('',(72.901,0.,13.));
#10221=CARTESIAN_POINT('',(72.901,1.5,13.));
#10222=CARTESIAN_POINT('',(72.901,1.5,13.));
#10223=CARTESIAN_POINT('',(72.901,0.,14.));
#10224=CARTESIAN_POINT('',(72.901,0.,13.));
#10225=CARTESIAN_POINT('',(72.901,1.5,14.));
#10226=CARTESIAN_POINT('',(72.901,0.75,14.));
#10227=CARTESIAN_POINT('',(72.901,1.5,13.));
#10228=CARTESIAN_POINT('Origin',(91.901,0.,13.));
#10229=CARTESIAN_POINT('',(91.901,1.5,13.));
#10230=CARTESIAN_POINT('',(91.901,0.,13.));
#10231=CARTESIAN_POINT('',(91.901,1.5,13.));
#10232=CARTESIAN_POINT('',(91.901,1.5,14.));
#10233=CARTESIAN_POINT('',(91.901,1.5,13.));
#10234=CARTESIAN_POINT('',(91.901,0.,14.));
#10235=CARTESIAN_POINT('',(91.901,0.,14.));
#10236=CARTESIAN_POINT('',(91.901,0.,13.));
#10237=CARTESIAN_POINT('Origin',(71.901,0.,14.));
#10238=CARTESIAN_POINT('',(71.901,0.,14.));
#10239=CARTESIAN_POINT('',(71.901,0.,14.));
#10240=CARTESIAN_POINT('',(71.901,1.5,14.));
#10241=CARTESIAN_POINT('',(71.901,1.5,14.));
#10242=CARTESIAN_POINT('',(71.901,1.5,14.));
#10243=CARTESIAN_POINT('Origin',(72.901,0.,34.));
#10244=CARTESIAN_POINT('',(72.901,1.5,34.));
#10245=CARTESIAN_POINT('',(72.901,0.,34.));
#10246=CARTESIAN_POINT('',(72.901,1.5,34.));
#10247=CARTESIAN_POINT('',(72.901,1.5,33.));
#10248=CARTESIAN_POINT('',(72.901,1.5,34.));
#10249=CARTESIAN_POINT('',(72.901,0.,33.));
#10250=CARTESIAN_POINT('',(72.901,0.75,33.));
#10251=CARTESIAN_POINT('',(72.901,0.,34.));
#10252=CARTESIAN_POINT('Origin',(71.901,1.5,33.));
#10253=CARTESIAN_POINT('',(71.901,1.5,33.));
#10254=CARTESIAN_POINT('',(71.901,1.5,33.));
#10255=CARTESIAN_POINT('',(71.901,0.,33.));
#10256=CARTESIAN_POINT('',(71.901,1.5,33.));
#10257=CARTESIAN_POINT('',(71.901,0.,33.));
#10258=CARTESIAN_POINT('Origin',(71.901,1.5,33.));
#10259=CARTESIAN_POINT('',(92.901,0.,33.));
#10260=CARTESIAN_POINT('',(71.901,0.,33.));
#10261=CARTESIAN_POINT('',(92.901,1.5,33.));
#10262=CARTESIAN_POINT('',(92.901,1.5,33.));
#10263=CARTESIAN_POINT('',(71.901,1.5,33.));
#10264=CARTESIAN_POINT('Origin',(71.901,0.,14.));
#10265=CARTESIAN_POINT('',(92.901,1.5,14.));
#10266=CARTESIAN_POINT('',(71.901,1.5,14.));
#10267=CARTESIAN_POINT('',(92.901,0.,14.));
#10268=CARTESIAN_POINT('',(92.901,1.5,14.));
#10269=CARTESIAN_POINT('',(71.901,0.,14.));
#10270=CARTESIAN_POINT('Origin',(98.3,1.5,93.3));
#10271=CARTESIAN_POINT('',(100.,1.5,93.3));
#10272=CARTESIAN_POINT('Origin',(98.3,1.5,93.3));
#10273=CARTESIAN_POINT('',(100.,0.,93.3));
#10274=CARTESIAN_POINT('',(100.,1.5,93.3));
#10275=CARTESIAN_POINT('Origin',(98.3,0.,93.3));
#10276=CARTESIAN_POINT('Origin',(98.3,1.5,5.0000000745));
#10277=CARTESIAN_POINT('',(100.,1.5,5.0000000745));
#10278=CARTESIAN_POINT('Origin',(98.3,1.5,5.0000000745));
#10279=CARTESIAN_POINT('',(100.,0.,5.0000000745));
#10280=CARTESIAN_POINT('',(100.,1.5,5.0000000745));
#10281=CARTESIAN_POINT('Origin',(98.3,0.,5.0000000745));
#10282=CARTESIAN_POINT('Origin',(5.,1.5,93.3));
#10283=CARTESIAN_POINT('',(6.7,1.5,93.3));
#10284=CARTESIAN_POINT('Origin',(5.,1.5,93.3));
#10285=CARTESIAN_POINT('',(6.7,0.,93.3));
#10286=CARTESIAN_POINT('',(6.7,1.5,93.3));
#10287=CARTESIAN_POINT('Origin',(5.,0.,93.3));
#10288=CARTESIAN_POINT('Origin',(5.,1.5,5.));
#10289=CARTESIAN_POINT('',(6.7,1.5,5.));
#10290=CARTESIAN_POINT('Origin',(5.,1.5,5.));
#10291=CARTESIAN_POINT('',(6.7,0.,5.));
#10292=CARTESIAN_POINT('',(6.7,1.5,5.));
#10293=CARTESIAN_POINT('Origin',(5.,0.,5.));
#10294=CARTESIAN_POINT('Origin',(43.451,1.5,14.));
#10295=CARTESIAN_POINT('',(43.451,1.5,14.));
#10296=CARTESIAN_POINT('',(43.451,1.5,25.45));
#10297=CARTESIAN_POINT('',(43.451,1.5,31.575));
#10298=CARTESIAN_POINT('',(43.451,0.,14.));
#10299=CARTESIAN_POINT('',(43.451,1.5,14.));
#10300=CARTESIAN_POINT('',(43.451,0.,25.45));
#10301=CARTESIAN_POINT('',(43.451,0.,31.575));
#10302=CARTESIAN_POINT('',(43.451,1.5,25.45));
#10303=CARTESIAN_POINT('Origin',(17.651,1.5,14.));
#10304=CARTESIAN_POINT('',(17.651,1.5,14.));
#10305=CARTESIAN_POINT('',(34.6505,1.5,14.));
#10306=CARTESIAN_POINT('',(17.651,0.,14.));
#10307=CARTESIAN_POINT('',(17.651,1.5,14.));
#10308=CARTESIAN_POINT('',(34.6505,0.,14.));
#10309=CARTESIAN_POINT('Origin',(17.651,1.5,25.45));
#10310=CARTESIAN_POINT('',(17.651,1.5,25.45));
#10311=CARTESIAN_POINT('',(17.651,1.5,37.3));
#10312=CARTESIAN_POINT('',(17.651,0.,25.45));
#10313=CARTESIAN_POINT('',(17.651,1.5,25.45));
#10314=CARTESIAN_POINT('',(17.651,0.,37.3));
#10315=CARTESIAN_POINT('Origin',(43.451,1.5,25.45));
#10316=CARTESIAN_POINT('',(47.5505,1.5,25.45));
#10317=CARTESIAN_POINT('',(47.5505,0.,25.45));
#10318=CARTESIAN_POINT('Origin',(72.901,1.5,33.));
#10319=CARTESIAN_POINT('Origin',(72.901,1.5,33.));
#10320=CARTESIAN_POINT('Origin',(72.901,0.,33.));
#10321=CARTESIAN_POINT('Origin',(91.901,1.5,33.));
#10322=CARTESIAN_POINT('Origin',(91.901,1.5,33.));
#10323=CARTESIAN_POINT('Origin',(91.901,0.,33.));
#10324=CARTESIAN_POINT('Origin',(91.901,1.5,14.));
#10325=CARTESIAN_POINT('Origin',(91.901,1.5,14.));
#10326=CARTESIAN_POINT('Origin',(91.901,0.,14.));
#10327=CARTESIAN_POINT('Origin',(72.901,1.5,14.));
#10328=CARTESIAN_POINT('Origin',(72.901,1.5,14.));
#10329=CARTESIAN_POINT('Origin',(72.901,0.,14.));
#10330=CARTESIAN_POINT('Origin',(15.37,1.5,70.795));
#10331=CARTESIAN_POINT('',(15.37,1.5,69.795));
#10332=CARTESIAN_POINT('',(14.37,1.5,70.795));
#10333=CARTESIAN_POINT('Origin',(15.37,1.5,70.795));
#10334=CARTESIAN_POINT('',(14.37,0.,70.795));
#10335=CARTESIAN_POINT('',(14.37,1.5,70.795));
#10336=CARTESIAN_POINT('',(15.37,0.,69.795));
#10337=CARTESIAN_POINT('Origin',(15.37,0.,70.795));
#10338=CARTESIAN_POINT('',(15.37,1.5,69.795));
#10339=CARTESIAN_POINT('Origin',(14.37,1.5,83.795));
#10340=CARTESIAN_POINT('',(14.37,1.5,82.795));
#10341=CARTESIAN_POINT('',(14.37,1.5,66.4725));
#10342=CARTESIAN_POINT('',(14.37,0.,82.795));
#10343=CARTESIAN_POINT('',(14.37,1.5,82.795));
#10344=CARTESIAN_POINT('',(14.37,0.,66.4725));
#10345=CARTESIAN_POINT('Origin',(15.37,1.5,51.745));
#10346=CARTESIAN_POINT('',(15.37,1.5,50.745));
#10347=CARTESIAN_POINT('',(14.37,1.5,51.745));
#10348=CARTESIAN_POINT('Origin',(15.37,1.5,51.745));
#10349=CARTESIAN_POINT('',(14.37,0.,51.745));
#10350=CARTESIAN_POINT('',(14.37,1.5,51.745));
#10351=CARTESIAN_POINT('',(15.37,0.,50.745));
#10352=CARTESIAN_POINT('Origin',(15.37,0.,51.745));
#10353=CARTESIAN_POINT('',(15.37,1.5,50.745));
#10354=CARTESIAN_POINT('Origin',(14.37,1.5,64.745));
#10355=CARTESIAN_POINT('',(14.37,1.5,63.745));
#10356=CARTESIAN_POINT('',(14.37,1.5,56.9475));
#10357=CARTESIAN_POINT('',(14.37,0.,63.745));
#10358=CARTESIAN_POINT('',(14.37,1.5,63.745));
#10359=CARTESIAN_POINT('',(14.37,0.,56.9475));
#10360=CARTESIAN_POINT('Origin',(34.42,1.5,70.795));
#10361=CARTESIAN_POINT('',(34.42,1.5,69.795));
#10362=CARTESIAN_POINT('',(33.42,1.5,70.795));
#10363=CARTESIAN_POINT('Origin',(34.42,1.5,70.795));
#10364=CARTESIAN_POINT('',(33.42,0.,70.795));
#10365=CARTESIAN_POINT('',(33.42,1.5,70.795));
#10366=CARTESIAN_POINT('',(34.42,0.,69.795));
#10367=CARTESIAN_POINT('Origin',(34.42,0.,70.795));
#10368=CARTESIAN_POINT('',(34.42,1.5,69.795));
#10369=CARTESIAN_POINT('Origin',(33.42,1.5,83.795));
#10370=CARTESIAN_POINT('',(33.42,1.5,82.795));
#10371=CARTESIAN_POINT('',(33.42,1.5,66.4725));
#10372=CARTESIAN_POINT('',(33.42,0.,82.795));
#10373=CARTESIAN_POINT('',(33.42,1.5,82.795));
#10374=CARTESIAN_POINT('',(33.42,0.,66.4725));
#10375=CARTESIAN_POINT('Origin',(53.47,1.5,70.795));
#10376=CARTESIAN_POINT('',(53.47,1.5,69.795));
#10377=CARTESIAN_POINT('',(52.47,1.5,70.795));
#10378=CARTESIAN_POINT('Origin',(53.47,1.5,70.795));
#10379=CARTESIAN_POINT('',(52.47,0.,70.795));
#10380=CARTESIAN_POINT('',(52.47,1.5,70.795));
#10381=CARTESIAN_POINT('',(53.47,0.,69.795));
#10382=CARTESIAN_POINT('Origin',(53.47,0.,70.795));
#10383=CARTESIAN_POINT('',(53.47,1.5,69.795));
#10384=CARTESIAN_POINT('Origin',(52.47,1.5,83.795));
#10385=CARTESIAN_POINT('',(52.47,1.5,82.795));
#10386=CARTESIAN_POINT('',(52.47,1.5,66.4725));
#10387=CARTESIAN_POINT('',(52.47,0.,82.795));
#10388=CARTESIAN_POINT('',(52.47,1.5,82.795));
#10389=CARTESIAN_POINT('',(52.47,0.,66.4725));
#10390=CARTESIAN_POINT('Origin',(34.42,1.5,51.745));
#10391=CARTESIAN_POINT('',(34.42,1.5,50.745));
#10392=CARTESIAN_POINT('',(33.42,1.5,51.745));
#10393=CARTESIAN_POINT('Origin',(34.42,1.5,51.745));
#10394=CARTESIAN_POINT('',(33.42,0.,51.745));
#10395=CARTESIAN_POINT('',(33.42,1.5,51.745));
#10396=CARTESIAN_POINT('',(34.42,0.,50.745));
#10397=CARTESIAN_POINT('Origin',(34.42,0.,51.745));
#10398=CARTESIAN_POINT('',(34.42,1.5,50.745));
#10399=CARTESIAN_POINT('Origin',(33.42,1.5,64.745));
#10400=CARTESIAN_POINT('',(33.42,1.5,63.745));
#10401=CARTESIAN_POINT('',(33.42,1.5,56.9475));
#10402=CARTESIAN_POINT('',(33.42,0.,63.745));
#10403=CARTESIAN_POINT('',(33.42,1.5,63.745));
#10404=CARTESIAN_POINT('',(33.42,0.,56.9475));
#10405=CARTESIAN_POINT('Origin',(53.47,1.5,51.745));
#10406=CARTESIAN_POINT('',(53.47,1.5,50.745));
#10407=CARTESIAN_POINT('',(52.47,1.5,51.745));
#10408=CARTESIAN_POINT('Origin',(53.47,1.5,51.745));
#10409=CARTESIAN_POINT('',(52.47,0.,51.745));
#10410=CARTESIAN_POINT('',(52.47,1.5,51.745));
#10411=CARTESIAN_POINT('',(53.47,0.,50.745));
#10412=CARTESIAN_POINT('Origin',(53.47,0.,51.745));
#10413=CARTESIAN_POINT('',(53.47,1.5,50.745));
#10414=CARTESIAN_POINT('Origin',(52.47,1.5,64.745));
#10415=CARTESIAN_POINT('',(52.47,1.5,63.745));
#10416=CARTESIAN_POINT('',(52.47,1.5,56.9475));
#10417=CARTESIAN_POINT('',(52.47,0.,63.745));
#10418=CARTESIAN_POINT('',(52.47,1.5,63.745));
#10419=CARTESIAN_POINT('',(52.47,0.,56.9475));
#10420=CARTESIAN_POINT('Origin',(53.47,1.5,32.695));
#10421=CARTESIAN_POINT('',(53.47,1.5,31.695));
#10422=CARTESIAN_POINT('',(52.47,1.5,32.695));
#10423=CARTESIAN_POINT('Origin',(53.47,1.5,32.695));
#10424=CARTESIAN_POINT('',(52.47,0.,32.695));
#10425=CARTESIAN_POINT('',(52.47,1.5,32.695));
#10426=CARTESIAN_POINT('',(53.47,0.,31.695));
#10427=CARTESIAN_POINT('Origin',(53.47,0.,32.695));
#10428=CARTESIAN_POINT('',(53.47,1.5,31.695));
#10429=CARTESIAN_POINT('Origin',(52.47,1.5,45.695));
#10430=CARTESIAN_POINT('',(52.47,1.5,44.695));
#10431=CARTESIAN_POINT('',(52.47,1.5,47.4225));
#10432=CARTESIAN_POINT('',(52.47,0.,44.695));
#10433=CARTESIAN_POINT('',(52.47,1.5,44.695));
#10434=CARTESIAN_POINT('',(52.47,0.,47.4225));
#10435=CARTESIAN_POINT('Origin',(34.42,1.5,32.695));
#10436=CARTESIAN_POINT('',(34.42,1.5,31.695));
#10437=CARTESIAN_POINT('',(33.42,1.5,32.695));
#10438=CARTESIAN_POINT('Origin',(34.42,1.5,32.695));
#10439=CARTESIAN_POINT('',(33.42,0.,32.695));
#10440=CARTESIAN_POINT('',(33.42,1.5,32.695));
#10441=CARTESIAN_POINT('',(34.42,0.,31.695));
#10442=CARTESIAN_POINT('Origin',(34.42,0.,32.695));
#10443=CARTESIAN_POINT('',(34.42,1.5,31.695));
#10444=CARTESIAN_POINT('Origin',(33.42,1.5,45.695));
#10445=CARTESIAN_POINT('',(33.42,1.5,44.695));
#10446=CARTESIAN_POINT('',(33.42,1.5,47.4225));
#10447=CARTESIAN_POINT('',(33.42,0.,44.695));
#10448=CARTESIAN_POINT('',(33.42,1.5,44.695));
#10449=CARTESIAN_POINT('',(33.42,0.,47.4225));
#10450=CARTESIAN_POINT('Origin',(15.37,1.5,32.695));
#10451=CARTESIAN_POINT('',(15.37,1.5,31.695));
#10452=CARTESIAN_POINT('',(14.37,1.5,32.695));
#10453=CARTESIAN_POINT('Origin',(15.37,1.5,32.695));
#10454=CARTESIAN_POINT('',(14.37,0.,32.695));
#10455=CARTESIAN_POINT('',(14.37,1.5,32.695));
#10456=CARTESIAN_POINT('',(15.37,0.,31.695));
#10457=CARTESIAN_POINT('Origin',(15.37,0.,32.695));
#10458=CARTESIAN_POINT('',(15.37,1.5,31.695));
#10459=CARTESIAN_POINT('Origin',(14.37,1.5,45.695));
#10460=CARTESIAN_POINT('',(14.37,1.5,44.695));
#10461=CARTESIAN_POINT('',(14.37,1.5,47.4225));
#10462=CARTESIAN_POINT('',(14.37,0.,44.695));
#10463=CARTESIAN_POINT('',(14.37,1.5,44.695));
#10464=CARTESIAN_POINT('',(14.37,0.,47.4225));
#10465=CARTESIAN_POINT('Origin',(65.47,1.5,70.795));
#10466=CARTESIAN_POINT('',(66.47,1.5,70.795));
#10467=CARTESIAN_POINT('',(65.47,1.5,69.795));
#10468=CARTESIAN_POINT('Origin',(65.47,1.5,70.795));
#10469=CARTESIAN_POINT('',(65.47,0.,69.795));
#10470=CARTESIAN_POINT('',(65.47,1.5,69.795));
#10471=CARTESIAN_POINT('',(66.47,0.,70.795));
#10472=CARTESIAN_POINT('Origin',(65.47,0.,70.795));
#10473=CARTESIAN_POINT('',(66.47,1.5,70.795));
#10474=CARTESIAN_POINT('Origin',(52.47,1.5,69.795));
#10475=CARTESIAN_POINT('',(52.06,0.,69.795));
#10476=CARTESIAN_POINT('',(52.06,1.5,69.795));
#10477=CARTESIAN_POINT('Origin',(65.47,1.5,51.745));
#10478=CARTESIAN_POINT('',(66.47,1.5,51.745));
#10479=CARTESIAN_POINT('',(65.47,1.5,50.745));
#10480=CARTESIAN_POINT('Origin',(65.47,1.5,51.745));
#10481=CARTESIAN_POINT('',(65.47,0.,50.745));
#10482=CARTESIAN_POINT('',(65.47,1.5,50.745));
#10483=CARTESIAN_POINT('',(66.47,0.,51.745));
#10484=CARTESIAN_POINT('Origin',(65.47,0.,51.745));
#10485=CARTESIAN_POINT('',(66.47,1.5,51.745));
#10486=CARTESIAN_POINT('Origin',(52.47,1.5,50.745));
#10487=CARTESIAN_POINT('',(52.06,0.,50.745));
#10488=CARTESIAN_POINT('',(52.06,1.5,50.745));
#10489=CARTESIAN_POINT('Origin',(65.47,1.5,32.695));
#10490=CARTESIAN_POINT('',(66.47,1.5,32.695));
#10491=CARTESIAN_POINT('',(65.47,1.5,31.695));
#10492=CARTESIAN_POINT('Origin',(65.47,1.5,32.695));
#10493=CARTESIAN_POINT('',(65.47,0.,31.695));
#10494=CARTESIAN_POINT('',(65.47,1.5,31.695));
#10495=CARTESIAN_POINT('',(66.47,0.,32.695));
#10496=CARTESIAN_POINT('Origin',(65.47,0.,32.695));
#10497=CARTESIAN_POINT('',(66.47,1.5,32.695));
#10498=CARTESIAN_POINT('Origin',(52.47,1.5,31.695));
#10499=CARTESIAN_POINT('',(52.06,0.,31.695));
#10500=CARTESIAN_POINT('',(52.06,1.5,31.695));
#10501=CARTESIAN_POINT('Origin',(27.37,1.5,51.745));
#10502=CARTESIAN_POINT('',(28.37,1.5,51.745));
#10503=CARTESIAN_POINT('',(27.37,1.5,50.745));
#10504=CARTESIAN_POINT('Origin',(27.37,1.5,51.745));
#10505=CARTESIAN_POINT('',(27.37,0.,50.745));
#10506=CARTESIAN_POINT('',(27.37,1.5,50.745));
#10507=CARTESIAN_POINT('',(28.37,0.,51.745));
#10508=CARTESIAN_POINT('Origin',(27.37,0.,51.745));
#10509=CARTESIAN_POINT('',(28.37,1.5,51.745));
#10510=CARTESIAN_POINT('Origin',(14.37,1.5,50.745));
#10511=CARTESIAN_POINT('',(33.01,0.,50.745));
#10512=CARTESIAN_POINT('',(33.01,1.5,50.745));
#10513=CARTESIAN_POINT('Origin',(27.37,1.5,70.795));
#10514=CARTESIAN_POINT('',(28.37,1.5,70.795));
#10515=CARTESIAN_POINT('',(27.37,1.5,69.795));
#10516=CARTESIAN_POINT('Origin',(27.37,1.5,70.795));
#10517=CARTESIAN_POINT('',(27.37,0.,69.795));
#10518=CARTESIAN_POINT('',(27.37,1.5,69.795));
#10519=CARTESIAN_POINT('',(28.37,0.,70.795));
#10520=CARTESIAN_POINT('Origin',(27.37,0.,70.795));
#10521=CARTESIAN_POINT('',(28.37,1.5,70.795));
#10522=CARTESIAN_POINT('Origin',(14.37,1.5,69.795));
#10523=CARTESIAN_POINT('',(33.01,0.,69.795));
#10524=CARTESIAN_POINT('',(33.01,1.5,69.795));
#10525=CARTESIAN_POINT('Origin',(46.42,1.5,70.795));
#10526=CARTESIAN_POINT('',(47.42,1.5,70.795));
#10527=CARTESIAN_POINT('',(46.42,1.5,69.795));
#10528=CARTESIAN_POINT('Origin',(46.42,1.5,70.795));
#10529=CARTESIAN_POINT('',(46.42,0.,69.795));
#10530=CARTESIAN_POINT('',(46.42,1.5,69.795));
#10531=CARTESIAN_POINT('',(47.42,0.,70.795));
#10532=CARTESIAN_POINT('Origin',(46.42,0.,70.795));
#10533=CARTESIAN_POINT('',(47.42,1.5,70.795));
#10534=CARTESIAN_POINT('Origin',(33.42,1.5,69.795));
#10535=CARTESIAN_POINT('',(42.535,0.,69.795));
#10536=CARTESIAN_POINT('',(42.535,1.5,69.795));
#10537=CARTESIAN_POINT('Origin',(46.42,1.5,51.745));
#10538=CARTESIAN_POINT('',(47.42,1.5,51.745));
#10539=CARTESIAN_POINT('',(46.42,1.5,50.745));
#10540=CARTESIAN_POINT('Origin',(46.42,1.5,51.745));
#10541=CARTESIAN_POINT('',(46.42,0.,50.745));
#10542=CARTESIAN_POINT('',(46.42,1.5,50.745));
#10543=CARTESIAN_POINT('',(47.42,0.,51.745));
#10544=CARTESIAN_POINT('Origin',(46.42,0.,51.745));
#10545=CARTESIAN_POINT('',(47.42,1.5,51.745));
#10546=CARTESIAN_POINT('Origin',(33.42,1.5,50.745));
#10547=CARTESIAN_POINT('',(42.535,0.,50.745));
#10548=CARTESIAN_POINT('',(42.535,1.5,50.745));
#10549=CARTESIAN_POINT('Origin',(46.42,1.5,32.695));
#10550=CARTESIAN_POINT('',(47.42,1.5,32.695));
#10551=CARTESIAN_POINT('',(46.42,1.5,31.695));
#10552=CARTESIAN_POINT('Origin',(46.42,1.5,32.695));
#10553=CARTESIAN_POINT('',(46.42,0.,31.695));
#10554=CARTESIAN_POINT('',(46.42,1.5,31.695));
#10555=CARTESIAN_POINT('',(47.42,0.,32.695));
#10556=CARTESIAN_POINT('Origin',(46.42,0.,32.695));
#10557=CARTESIAN_POINT('',(47.42,1.5,32.695));
#10558=CARTESIAN_POINT('Origin',(33.42,1.5,31.695));
#10559=CARTESIAN_POINT('',(42.535,0.,31.695));
#10560=CARTESIAN_POINT('',(42.535,1.5,31.695));
#10561=CARTESIAN_POINT('Origin',(27.37,1.5,32.695));
#10562=CARTESIAN_POINT('',(28.37,1.5,32.695));
#10563=CARTESIAN_POINT('',(27.37,1.5,31.695));
#10564=CARTESIAN_POINT('Origin',(27.37,1.5,32.695));
#10565=CARTESIAN_POINT('',(27.37,0.,31.695));
#10566=CARTESIAN_POINT('',(27.37,1.5,31.695));
#10567=CARTESIAN_POINT('',(28.37,0.,32.695));
#10568=CARTESIAN_POINT('Origin',(27.37,0.,32.695));
#10569=CARTESIAN_POINT('',(28.37,1.5,32.695));
#10570=CARTESIAN_POINT('Origin',(14.37,1.5,31.695));
#10571=CARTESIAN_POINT('',(33.01,0.,31.695));
#10572=CARTESIAN_POINT('',(33.01,1.5,31.695));
#10573=CARTESIAN_POINT('Origin',(27.37,1.5,44.695));
#10574=CARTESIAN_POINT('',(27.37,1.5,45.695));
#10575=CARTESIAN_POINT('',(28.37,1.5,44.695));
#10576=CARTESIAN_POINT('Origin',(27.37,1.5,44.695));
#10577=CARTESIAN_POINT('',(28.37,0.,44.695));
#10578=CARTESIAN_POINT('',(28.37,1.5,44.695));
#10579=CARTESIAN_POINT('',(27.37,0.,45.695));
#10580=CARTESIAN_POINT('Origin',(27.37,0.,44.695));
#10581=CARTESIAN_POINT('',(27.37,1.5,45.695));
#10582=CARTESIAN_POINT('Origin',(28.37,1.5,31.695));
#10583=CARTESIAN_POINT('',(28.37,0.,40.4225));
#10584=CARTESIAN_POINT('',(28.37,1.5,40.4225));
#10585=CARTESIAN_POINT('Origin',(27.37,1.5,63.745));
#10586=CARTESIAN_POINT('',(27.37,1.5,64.745));
#10587=CARTESIAN_POINT('',(28.37,1.5,63.745));
#10588=CARTESIAN_POINT('Origin',(27.37,1.5,63.745));
#10589=CARTESIAN_POINT('',(28.37,0.,63.745));
#10590=CARTESIAN_POINT('',(28.37,1.5,63.745));
#10591=CARTESIAN_POINT('',(27.37,0.,64.745));
#10592=CARTESIAN_POINT('Origin',(27.37,0.,63.745));
#10593=CARTESIAN_POINT('',(27.37,1.5,64.745));
#10594=CARTESIAN_POINT('Origin',(28.37,1.5,50.745));
#10595=CARTESIAN_POINT('',(28.37,0.,49.9475));
#10596=CARTESIAN_POINT('',(28.37,1.5,49.9475));
#10597=CARTESIAN_POINT('Origin',(27.37,1.5,82.795));
#10598=CARTESIAN_POINT('',(27.37,1.5,83.795));
#10599=CARTESIAN_POINT('',(28.37,1.5,82.795));
#10600=CARTESIAN_POINT('Origin',(27.37,1.5,82.795));
#10601=CARTESIAN_POINT('',(28.37,0.,82.795));
#10602=CARTESIAN_POINT('',(28.37,1.5,82.795));
#10603=CARTESIAN_POINT('',(27.37,0.,83.795));
#10604=CARTESIAN_POINT('Origin',(27.37,0.,82.795));
#10605=CARTESIAN_POINT('',(27.37,1.5,83.795));
#10606=CARTESIAN_POINT('Origin',(28.37,1.5,69.795));
#10607=CARTESIAN_POINT('',(28.37,0.,59.4725));
#10608=CARTESIAN_POINT('',(28.37,1.5,59.4725));
#10609=CARTESIAN_POINT('Origin',(46.42,1.5,82.795));
#10610=CARTESIAN_POINT('',(46.42,1.5,83.795));
#10611=CARTESIAN_POINT('',(47.42,1.5,82.795));
#10612=CARTESIAN_POINT('Origin',(46.42,1.5,82.795));
#10613=CARTESIAN_POINT('',(47.42,0.,82.795));
#10614=CARTESIAN_POINT('',(47.42,1.5,82.795));
#10615=CARTESIAN_POINT('',(46.42,0.,83.795));
#10616=CARTESIAN_POINT('Origin',(46.42,0.,82.795));
#10617=CARTESIAN_POINT('',(46.42,1.5,83.795));
#10618=CARTESIAN_POINT('Origin',(47.42,1.5,69.795));
#10619=CARTESIAN_POINT('',(47.42,0.,59.4725));
#10620=CARTESIAN_POINT('',(47.42,1.5,59.4725));
#10621=CARTESIAN_POINT('Origin',(46.42,1.5,63.745));
#10622=CARTESIAN_POINT('',(46.42,1.5,64.745));
#10623=CARTESIAN_POINT('',(47.42,1.5,63.745));
#10624=CARTESIAN_POINT('Origin',(46.42,1.5,63.745));
#10625=CARTESIAN_POINT('',(47.42,0.,63.745));
#10626=CARTESIAN_POINT('',(47.42,1.5,63.745));
#10627=CARTESIAN_POINT('',(46.42,0.,64.745));
#10628=CARTESIAN_POINT('Origin',(46.42,0.,63.745));
#10629=CARTESIAN_POINT('',(46.42,1.5,64.745));
#10630=CARTESIAN_POINT('Origin',(47.42,1.5,50.745));
#10631=CARTESIAN_POINT('',(47.42,0.,49.9475));
#10632=CARTESIAN_POINT('',(47.42,1.5,49.9475));
#10633=CARTESIAN_POINT('Origin',(46.42,1.5,44.695));
#10634=CARTESIAN_POINT('',(46.42,1.5,45.695));
#10635=CARTESIAN_POINT('',(47.42,1.5,44.695));
#10636=CARTESIAN_POINT('Origin',(46.42,1.5,44.695));
#10637=CARTESIAN_POINT('',(47.42,0.,44.695));
#10638=CARTESIAN_POINT('',(47.42,1.5,44.695));
#10639=CARTESIAN_POINT('',(46.42,0.,45.695));
#10640=CARTESIAN_POINT('Origin',(46.42,0.,44.695));
#10641=CARTESIAN_POINT('',(46.42,1.5,45.695));
#10642=CARTESIAN_POINT('Origin',(47.42,1.5,31.695));
#10643=CARTESIAN_POINT('',(47.42,0.,40.4225));
#10644=CARTESIAN_POINT('',(47.42,1.5,40.4225));
#10645=CARTESIAN_POINT('Origin',(65.47,1.5,44.695));
#10646=CARTESIAN_POINT('',(65.47,1.5,45.695));
#10647=CARTESIAN_POINT('',(66.47,1.5,44.695));
#10648=CARTESIAN_POINT('Origin',(65.47,1.5,44.695));
#10649=CARTESIAN_POINT('',(66.47,0.,44.695));
#10650=CARTESIAN_POINT('',(66.47,1.5,44.695));
#10651=CARTESIAN_POINT('',(65.47,0.,45.695));
#10652=CARTESIAN_POINT('Origin',(65.47,0.,44.695));
#10653=CARTESIAN_POINT('',(65.47,1.5,45.695));
#10654=CARTESIAN_POINT('Origin',(66.47,1.5,31.695));
#10655=CARTESIAN_POINT('',(66.47,0.,40.4225));
#10656=CARTESIAN_POINT('',(66.47,1.5,40.4225));
#10657=CARTESIAN_POINT('Origin',(65.47,1.5,63.745));
#10658=CARTESIAN_POINT('',(65.47,1.5,64.745));
#10659=CARTESIAN_POINT('',(66.47,1.5,63.745));
#10660=CARTESIAN_POINT('Origin',(65.47,1.5,63.745));
#10661=CARTESIAN_POINT('',(66.47,0.,63.745));
#10662=CARTESIAN_POINT('',(66.47,1.5,63.745));
#10663=CARTESIAN_POINT('',(65.47,0.,64.745));
#10664=CARTESIAN_POINT('Origin',(65.47,0.,63.745));
#10665=CARTESIAN_POINT('',(65.47,1.5,64.745));
#10666=CARTESIAN_POINT('Origin',(66.47,1.5,50.745));
#10667=CARTESIAN_POINT('',(66.47,0.,49.9475));
#10668=CARTESIAN_POINT('',(66.47,1.5,49.9475));
#10669=CARTESIAN_POINT('Origin',(65.47,1.5,82.795));
#10670=CARTESIAN_POINT('',(65.47,1.5,83.795));
#10671=CARTESIAN_POINT('',(66.47,1.5,82.795));
#10672=CARTESIAN_POINT('Origin',(65.47,1.5,82.795));
#10673=CARTESIAN_POINT('',(66.47,0.,82.795));
#10674=CARTESIAN_POINT('',(66.47,1.5,82.795));
#10675=CARTESIAN_POINT('',(65.47,0.,83.795));
#10676=CARTESIAN_POINT('Origin',(65.47,0.,82.795));
#10677=CARTESIAN_POINT('',(65.47,1.5,83.795));
#10678=CARTESIAN_POINT('Origin',(66.47,1.5,69.795));
#10679=CARTESIAN_POINT('',(66.47,0.,59.4725));
#10680=CARTESIAN_POINT('',(66.47,1.5,59.4725));
#10681=CARTESIAN_POINT('Origin',(15.37,1.5,44.695));
#10682=CARTESIAN_POINT('',(15.37,1.5,45.695));
#10683=CARTESIAN_POINT('Origin',(15.37,1.5,44.695));
#10684=CARTESIAN_POINT('',(15.37,0.,45.695));
#10685=CARTESIAN_POINT('',(15.37,1.5,45.695));
#10686=CARTESIAN_POINT('Origin',(15.37,0.,44.695));
#10687=CARTESIAN_POINT('Origin',(28.37,1.5,45.695));
#10688=CARTESIAN_POINT('',(40.01,0.,45.695));
#10689=CARTESIAN_POINT('',(40.01,1.5,45.695));
#10690=CARTESIAN_POINT('Origin',(15.37,1.5,63.745));
#10691=CARTESIAN_POINT('',(15.37,1.5,64.745));
#10692=CARTESIAN_POINT('Origin',(15.37,1.5,63.745));
#10693=CARTESIAN_POINT('',(15.37,0.,64.745));
#10694=CARTESIAN_POINT('',(15.37,1.5,64.745));
#10695=CARTESIAN_POINT('Origin',(15.37,0.,63.745));
#10696=CARTESIAN_POINT('Origin',(28.37,1.5,64.745));
#10697=CARTESIAN_POINT('',(40.01,0.,64.745));
#10698=CARTESIAN_POINT('',(40.01,1.5,64.745));
#10699=CARTESIAN_POINT('Origin',(15.37,1.5,82.795));
#10700=CARTESIAN_POINT('',(15.37,1.5,83.795));
#10701=CARTESIAN_POINT('Origin',(15.37,1.5,82.795));
#10702=CARTESIAN_POINT('',(15.37,0.,83.795));
#10703=CARTESIAN_POINT('',(15.37,1.5,83.795));
#10704=CARTESIAN_POINT('Origin',(15.37,0.,82.795));
#10705=CARTESIAN_POINT('Origin',(28.37,1.5,83.795));
#10706=CARTESIAN_POINT('',(40.01,0.,83.795));
#10707=CARTESIAN_POINT('',(40.01,1.5,83.795));
#10708=CARTESIAN_POINT('Origin',(34.42,1.5,44.695));
#10709=CARTESIAN_POINT('',(34.42,1.5,45.695));
#10710=CARTESIAN_POINT('Origin',(34.42,1.5,44.695));
#10711=CARTESIAN_POINT('',(34.42,0.,45.695));
#10712=CARTESIAN_POINT('',(34.42,1.5,45.695));
#10713=CARTESIAN_POINT('Origin',(34.42,0.,44.695));
#10714=CARTESIAN_POINT('Origin',(47.42,1.5,45.695));
#10715=CARTESIAN_POINT('',(49.535,0.,45.695));
#10716=CARTESIAN_POINT('',(49.535,1.5,45.695));
#10717=CARTESIAN_POINT('Origin',(34.42,1.5,63.745));
#10718=CARTESIAN_POINT('',(34.42,1.5,64.745));
#10719=CARTESIAN_POINT('Origin',(34.42,1.5,63.745));
#10720=CARTESIAN_POINT('',(34.42,0.,64.745));
#10721=CARTESIAN_POINT('',(34.42,1.5,64.745));
#10722=CARTESIAN_POINT('Origin',(34.42,0.,63.745));
#10723=CARTESIAN_POINT('Origin',(47.42,1.5,64.745));
#10724=CARTESIAN_POINT('',(49.535,0.,64.745));
#10725=CARTESIAN_POINT('',(49.535,1.5,64.745));
#10726=CARTESIAN_POINT('Origin',(34.42,1.5,82.795));
#10727=CARTESIAN_POINT('',(34.42,1.5,83.795));
#10728=CARTESIAN_POINT('Origin',(34.42,1.5,82.795));
#10729=CARTESIAN_POINT('',(34.42,0.,83.795));
#10730=CARTESIAN_POINT('',(34.42,1.5,83.795));
#10731=CARTESIAN_POINT('Origin',(34.42,0.,82.795));
#10732=CARTESIAN_POINT('Origin',(47.42,1.5,83.795));
#10733=CARTESIAN_POINT('',(49.535,0.,83.795));
#10734=CARTESIAN_POINT('',(49.535,1.5,83.795));
#10735=CARTESIAN_POINT('Origin',(53.47,1.5,82.795));
#10736=CARTESIAN_POINT('',(53.47,1.5,83.795));
#10737=CARTESIAN_POINT('Origin',(53.47,1.5,82.795));
#10738=CARTESIAN_POINT('',(53.47,0.,83.795));
#10739=CARTESIAN_POINT('',(53.47,1.5,83.795));
#10740=CARTESIAN_POINT('Origin',(53.47,0.,82.795));
#10741=CARTESIAN_POINT('Origin',(66.47,1.5,83.795));
#10742=CARTESIAN_POINT('',(59.06,0.,83.795));
#10743=CARTESIAN_POINT('',(59.06,1.5,83.795));
#10744=CARTESIAN_POINT('Origin',(53.47,1.5,63.745));
#10745=CARTESIAN_POINT('',(53.47,1.5,64.745));
#10746=CARTESIAN_POINT('Origin',(53.47,1.5,63.745));
#10747=CARTESIAN_POINT('',(53.47,0.,64.745));
#10748=CARTESIAN_POINT('',(53.47,1.5,64.745));
#10749=CARTESIAN_POINT('Origin',(53.47,0.,63.745));
#10750=CARTESIAN_POINT('Origin',(66.47,1.5,64.745));
#10751=CARTESIAN_POINT('',(59.06,0.,64.745));
#10752=CARTESIAN_POINT('',(59.06,1.5,64.745));
#10753=CARTESIAN_POINT('Origin',(53.47,1.5,44.695));
#10754=CARTESIAN_POINT('',(53.47,1.5,45.695));
#10755=CARTESIAN_POINT('Origin',(53.47,1.5,44.695));
#10756=CARTESIAN_POINT('',(53.47,0.,45.695));
#10757=CARTESIAN_POINT('',(53.47,1.5,45.695));
#10758=CARTESIAN_POINT('Origin',(53.47,0.,44.695));
#10759=CARTESIAN_POINT('Origin',(66.47,1.5,45.695));
#10760=CARTESIAN_POINT('',(59.06,0.,45.695));
#10761=CARTESIAN_POINT('',(59.06,1.5,45.695));
#10762=CARTESIAN_POINT('Origin',(98.3,0.,5.));
#10763=CARTESIAN_POINT('',(98.3,1.5,0.));
#10764=CARTESIAN_POINT('',(103.3,1.5,5.));
#10765=CARTESIAN_POINT('Origin',(98.3,1.5,5.));
#10766=CARTESIAN_POINT('',(103.3,0.,5.));
#10767=CARTESIAN_POINT('',(103.3,0.,5.));
#10768=CARTESIAN_POINT('',(98.3,0.,0.));
#10769=CARTESIAN_POINT('Origin',(98.3,0.,5.));
#10770=CARTESIAN_POINT('',(98.3,0.,0.));
#10771=CARTESIAN_POINT('Origin',(103.3,0.,0.));
#10772=CARTESIAN_POINT('',(5.,0.,0.));
#10773=CARTESIAN_POINT('',(0.,0.,0.));
#10774=CARTESIAN_POINT('',(5.,1.5,0.));
#10775=CARTESIAN_POINT('',(5.,0.,0.));
#10776=CARTESIAN_POINT('',(0.,1.5,0.));
#10777=CARTESIAN_POINT('Origin',(51.65,0.,49.15));
#10778=CARTESIAN_POINT('',(103.3,0.,93.3));
#10779=CARTESIAN_POINT('',(103.3,0.,0.));
#10780=CARTESIAN_POINT('',(98.3,0.,98.3));
#10781=CARTESIAN_POINT('Origin',(98.3,0.,93.3));
#10782=CARTESIAN_POINT('',(5.,0.,98.3));
#10783=CARTESIAN_POINT('',(103.3,0.,98.3));
#10784=CARTESIAN_POINT('',(0.,0.,93.3));
#10785=CARTESIAN_POINT('Origin',(5.,0.,93.3));
#10786=CARTESIAN_POINT('',(0.,0.,5.));
#10787=CARTESIAN_POINT('',(0.,0.,98.3));
#10788=CARTESIAN_POINT('Origin',(5.,0.,5.));
#10789=CARTESIAN_POINT('',(66.751,0.,24.6));
#10790=CARTESIAN_POINT('',(66.751,0.,12.6));
#10791=CARTESIAN_POINT('',(66.751,0.,30.875));
#10792=CARTESIAN_POINT('',(54.751,0.,12.6));
#10793=CARTESIAN_POINT('',(53.2005,0.,12.6));
#10794=CARTESIAN_POINT('',(54.751,0.,24.6));
#10795=CARTESIAN_POINT('',(54.751,0.,36.875));
#10796=CARTESIAN_POINT('',(59.2005,0.,24.6));
#10797=CARTESIAN_POINT('Origin',(5.,0.,5.));
#10798=CARTESIAN_POINT('',(0.,1.5,5.));
#10799=CARTESIAN_POINT('Origin',(5.,1.5,5.));
#10800=CARTESIAN_POINT('',(0.,0.,5.));
#10801=CARTESIAN_POINT('Origin',(0.,0.,0.));
#10802=CARTESIAN_POINT('',(0.,1.5,93.3));
#10803=CARTESIAN_POINT('',(0.,0.,93.3));
#10804=CARTESIAN_POINT('',(0.,1.5,98.3));
#10805=CARTESIAN_POINT('Origin',(5.,0.,93.3));
#10806=CARTESIAN_POINT('',(5.,1.5,98.3));
#10807=CARTESIAN_POINT('Origin',(5.,1.5,93.3));
#10808=CARTESIAN_POINT('',(5.,0.,98.3));
#10809=CARTESIAN_POINT('Origin',(0.,0.,98.3));
#10810=CARTESIAN_POINT('',(98.3,1.5,98.3));
#10811=CARTESIAN_POINT('',(98.3,0.,98.3));
#10812=CARTESIAN_POINT('',(103.3,1.5,98.3));
#10813=CARTESIAN_POINT('Origin',(98.3,0.,93.3));
#10814=CARTESIAN_POINT('',(103.3,1.5,93.3));
#10815=CARTESIAN_POINT('Origin',(98.3,1.5,93.3));
#10816=CARTESIAN_POINT('',(103.3,0.,93.3));
#10817=CARTESIAN_POINT('Origin',(66.751,1.5,12.6));
#10818=CARTESIAN_POINT('',(66.751,1.5,12.6));
#10819=CARTESIAN_POINT('',(66.751,1.5,24.6));
#10820=CARTESIAN_POINT('',(66.751,1.5,30.875));
#10821=CARTESIAN_POINT('',(66.751,1.5,12.6));
#10822=CARTESIAN_POINT('',(66.751,1.5,24.6));
#10823=CARTESIAN_POINT('Origin',(54.751,1.5,12.6));
#10824=CARTESIAN_POINT('',(54.751,1.5,12.6));
#10825=CARTESIAN_POINT('',(53.2005,1.5,12.6));
#10826=CARTESIAN_POINT('',(54.751,1.5,12.6));
#10827=CARTESIAN_POINT('Origin',(54.751,1.5,24.6));
#10828=CARTESIAN_POINT('',(54.751,1.5,24.6));
#10829=CARTESIAN_POINT('',(54.751,1.5,36.875));
#10830=CARTESIAN_POINT('',(54.751,1.5,24.6));
#10831=CARTESIAN_POINT('Origin',(66.751,1.5,24.6));
#10832=CARTESIAN_POINT('',(59.2005,1.5,24.6));
#10833=CARTESIAN_POINT('Origin',(103.3,0.,98.3));
#10834=CARTESIAN_POINT('',(103.3,1.5,0.));
#10835=CARTESIAN_POINT('Origin',(51.65,1.5,49.15));
#10836=UNCERTAINTY_MEASURE_WITH_UNIT(LENGTH_MEASURE(0.01),#10840,
'DISTANCE_ACCURACY_VALUE',
'Maximum model space distance between geometric entities at asserted c
onnectivities');
#10837=UNCERTAINTY_MEASURE_WITH_UNIT(LENGTH_MEASURE(0.01),#10840,
'DISTANCE_ACCURACY_VALUE',
'Maximum model space distance between geometric entities at asserted c
onnectivities');
#10838=(
GEOMETRIC_REPRESENTATION_CONTEXT(3)
GLOBAL_UNCERTAINTY_ASSIGNED_CONTEXT((#10836))
GLOBAL_UNIT_ASSIGNED_CONTEXT((#10840,#10842,#10843))
REPRESENTATION_CONTEXT('','3D')
);
#10839=(
GEOMETRIC_REPRESENTATION_CONTEXT(3)
GLOBAL_UNCERTAINTY_ASSIGNED_CONTEXT((#10837))
GLOBAL_UNIT_ASSIGNED_CONTEXT((#10840,#10842,#10843))
REPRESENTATION_CONTEXT('','3D')
);
#10840=(
LENGTH_UNIT()
NAMED_UNIT(*)
SI_UNIT(.MILLI.,.METRE.)
);
#10841=(
LENGTH_UNIT()
NAMED_UNIT(*)
SI_UNIT($,.METRE.)
);
#10842=(
NAMED_UNIT(*)
PLANE_ANGLE_UNIT()
SI_UNIT($,.RADIAN.)
);
#10843=(
NAMED_UNIT(*)
SI_UNIT($,.STERADIAN.)
SOLID_ANGLE_UNIT()
);
#10844=SHAPE_DEFINITION_REPRESENTATION(#10845,#10846);
#10845=PRODUCT_DEFINITION_SHAPE('',$,#10848);
#10846=SHAPE_REPRESENTATION('',(#5845),#10838);
#10847=PRODUCT_DEFINITION_CONTEXT('part definition',#10852,'design');
#10848=PRODUCT_DEFINITION('2026-06-09-23-52-14-060','Top',#10849,#10847);
#10849=PRODUCT_DEFINITION_FORMATION('',$,#10854);
#10850=PRODUCT_RELATED_PRODUCT_CATEGORY('Top','Top',(#10854));
#10851=APPLICATION_PROTOCOL_DEFINITION('international standard',
'automotive_design',2009,#10852);
#10852=APPLICATION_CONTEXT(
'Core Data for Automotive Mechanical Design Process');
#10853=PRODUCT_CONTEXT('part definition',#10852,'mechanical');
#10854=PRODUCT('2026-06-09-23-52-14-060','Top',$,(#10853));
#10855=PRESENTATION_STYLE_ASSIGNMENT((#10857));
#10856=PRESENTATION_STYLE_ASSIGNMENT((#10858));
#10857=SURFACE_STYLE_USAGE(.BOTH.,#10859);
#10858=SURFACE_STYLE_USAGE(.BOTH.,#10860);
#10859=SURFACE_SIDE_STYLE('',(#10861));
#10860=SURFACE_SIDE_STYLE('',(#10862));
#10861=SURFACE_STYLE_FILL_AREA(#10863);
#10862=SURFACE_STYLE_FILL_AREA(#10864);
#10863=FILL_AREA_STYLE('Plate',(#10865));
#10864=FILL_AREA_STYLE('Opaque(160,160,160)',(#10866));
#10865=FILL_AREA_STYLE_COLOUR('Plate',#10867);
#10866=FILL_AREA_STYLE_COLOUR('Opaque(160,160,160)',#10868);
#10867=COLOUR_RGB('Plate',0.6,0.6,0.6);
#10868=COLOUR_RGB('Opaque(160,160,160)',0.627450980392157,0.627450980392157,
0.627450980392157);
ENDSEC;
END-ISO-10303-21;
